"","NA","Var.2","1 Years","2 Years","3 Years","2017-2020","Var.7","1 Years","2 Years","3 Years","2017-2020","Var.12","1 Years","2 Years","3 Years","2017-2020","Var.17","1 Years","2 Years","3 Years","2017-2020","Var.22","1 Years","2 Years","3 Years","2017-2020","Var.27","1 Years","2 Years","3 Years","2017-2020","Var.32","1 Years","2 Years","3 Years","2017-2020","Var.37","1 Years","2 Years","3 Years","2018-2021","Var.42","1 Years","2 Years","3 Years","2018-2021","Var.47","1 Years","2 Years","3 Years","2018-2021","Var.52","1 Years","2 Years","3 Years","2018-2021","Var.57","1 Years","2 Years","3 Years","2018-2021","Var.62","1 Years","2 Years","3 Years","2018-2021","Var.67","1 Years","2 Years","3 Years","2018-2021","Var.72","1 Years","2 Years","3 Years","2018-2021","Var.77","1 Years","2 Years","3 Years","2018-2021","Var.82","1 Years","2 Years","3 Years","2018-2021","Var.87","1 Years","2 Years","3 Years","2018-2021"
"1",NA,"Annualized Returns",NA,NA,NA,NA,"Annualized Returns",NA,NA,NA,NA,"Annualized Returns",NA,NA,NA,NA,"Annualized Returns",NA,NA,NA,NA,"Annualized Returns",NA,NA,NA,NA,"Annualized Returns",NA,NA,NA,NA,"Annualized Returns",NA,NA,NA,NA,"Annualized Returns",NA,NA,NA,NA,"Annualized Returns",NA,NA,NA,NA,"Annualized Returns",NA,NA,NA,NA,"Annualized Returns",NA,NA,NA,NA,"Annualized Returns",NA,NA,NA,NA,"Annualized Returns",NA,NA,NA,NA,"Annualized Returns",NA,NA,NA,NA,"Annualized Returns",NA,NA,NA,NA,"Annualized Returns",NA,NA,NA,NA,"Annualized Returns",NA,NA,NA,NA,"Annualized Returns",NA,NA,NA,NA
"2",NA,"2017-06-27_to_2020-06-28_VGPortfolio_8QRank","15.62","12.076","15.986","15.986","2017-07-27_to_2020-07-28_VGPortfolio_8QRank","22.578","16.88","19.199","19.174","2017-08-28_to_2020-08-28_VGPortfolio_8QRank","34.62","19.947","23.198","23.142","2017-09-27_to_2020-09-28_VGPortfolio_8QRank","30.569","15.841","17.964","18.055","2017-10-27_to_2020-10-28_VGPortfolio_8QRank","33.618","26.536","19.423","19.171","2017-11-27_to_2020-11-28_VGPortfolio_8QRank","36.765","24.461","18.359","18.778","2017-12-27_to_2020-12-28_VGPortfolio_8QRank","49.933","40.219","22.451","22.256","2018-01-29_to_2021-01-28_VGPortfolio_8QRank","55.769","39.59","23.723","23.723","2018-02-27_to_2021-02-28_VGPortfolio_8QRank","39.827","20.18","15.105","15.105","2018-03-27_to_2021-03-28_VGPortfolio_8QRank","76.806","26.211","19.611","19.611","2018-04-27_to_2021-04-28_VGPortfolio_8QRank","59.213","21.626","17.237","16.829","2018-05-29_to_2021-05-28_VGPortfolio_8QRank","52.276","29.122","19.207","19.207","2018-06-27_to_2021-06-28_VGPortfolio_8QRank","55.025","26.343","19.153","19.32","2018-07-27_to_2021-07-28_VGPortfolio_8QRank","52.684","27.035","19.519","19.231","2018-08-27_to_2021-08-28_VGPortfolio_8QRank","46.717","31.837","19.172","19.165","2018-09-27_to_2021-09-28_VGPortfolio_8QRank","41.799","25.994","16.584","16.641","2018-10-29_to_2021-10-28_VGPortfolio_8QRank","56.507","35.962","28.857","28.857","2018-11-27_to_2021-11-28_VGPortfolio_8QRank","38.373","34.013","27.562","27.562"
"3",NA,"2017-06-27_to_2020-06-28_S&P500_Index","2.876","5.575","7.541","7.541","2017-07-27_to_2020-07-28_S&P500_Index","6.537","7.172","9.184","9.126","2017-08-28_to_2020-08-28_S&P500_Index","19.949","9.719","12.767","12.787","2017-09-27_to_2020-09-28_S&P500_Index","12.63","7.236","9.982","10.142","2017-10-27_to_2020-10-28_S&P500_Index","7.71","11.285","8.34","8.201","2017-11-27_to_2020-11-28_S&P500_Index","15.325","15.153","11.467","11.82","2017-12-27_to_2020-12-28_S&P500_Index","16.006","22.551","11.792","11.644","2018-01-29_to_2021-01-28_S&P500_Index","15.702","19.775","9.897","9.897","2018-02-27_to_2021-02-28_S&P500_Index","27.944","16.826","11.569","11.569","2018-03-27_to_2021-03-28_S&P500_Index","51.119","19.028","15.01","15.01","2018-04-27_to_2021-04-28_S&P500_Index","46.092","19.222","16.481","16.114","2018-05-29_to_2021-05-28_S&P500_Index","38.762","22.908","16.051","16.051","2018-06-27_to_2021-06-28_S&P500_Index","40.658","20.738","16.431","16.667","2018-07-27_to_2021-07-28_S&P500_Index","36.732","20.694","16.246","15.975","2018-08-27_to_2021-08-28_S&P500_Index","29.41","24.958","15.886","15.88","2018-09-27_to_2021-09-28_S&P500_Index","29.867","20.954","14.297","14.283","2018-10-29_to_2021-10-28_S&P500_Index","40.519","23.026","20.283","20.283","2018-11-27_to_2021-11-28_S&P500_Index","26.504","20.703","19.652","19.652"
"4",NA,"Volatility",NA,NA,NA,NA,"Volatility",NA,NA,NA,NA,"Volatility",NA,NA,NA,NA,"Volatility",NA,NA,NA,NA,"Volatility",NA,NA,NA,NA,"Volatility",NA,NA,NA,NA,"Volatility",NA,NA,NA,NA,"Volatility",NA,NA,NA,NA,"Volatility",NA,NA,NA,NA,"Volatility",NA,NA,NA,NA,"Volatility",NA,NA,NA,NA,"Volatility",NA,NA,NA,NA,"Volatility",NA,NA,NA,NA,"Volatility",NA,NA,NA,NA,"Volatility",NA,NA,NA,NA,"Volatility",NA,NA,NA,NA,"Volatility",NA,NA,NA,NA,"Volatility",NA,NA,NA,NA
"5",NA,"2017-06-27_to_2020-06-28_VGPortfolio_8QRank","32.29","27","22.32","22.32","2017-07-27_to_2020-07-28_VGPortfolio_8QRank","32.41","27.25","22.49","22.49","2017-08-28_to_2020-08-28_VGPortfolio_8QRank","33.25","27.84","22.95","22.95","2017-09-27_to_2020-09-28_VGPortfolio_8QRank","31.53","27.15","22.38","22.38","2017-10-27_to_2020-10-28_VGPortfolio_8QRank","33.04","26.71","23.01","23.01","2017-11-27_to_2020-11-28_VGPortfolio_8QRank","31.13","25.46","21.94","21.94","2017-12-27_to_2020-12-28_VGPortfolio_8QRank","34.95","25.93","23.69","23.69","2018-01-29_to_2021-01-28_VGPortfolio_8QRank","35.98","26.09","24.21","24.21","2018-02-27_to_2021-02-28_VGPortfolio_8QRank","31.13","23.88","22.03","22.03","2018-03-27_to_2021-03-28_VGPortfolio_8QRank","19.57","23.69","22","22","2018-04-27_to_2021-04-28_VGPortfolio_8QRank","15.51","22.86","21.43","21.43","2018-05-29_to_2021-05-28_VGPortfolio_8QRank","16.2","22.53","21.89","21.89","2018-06-27_to_2021-06-28_VGPortfolio_8QRank","15.68","21.57","21.17","21.17","2018-07-27_to_2021-07-28_VGPortfolio_8QRank","16.36","22.87","22.23","22.23","2018-08-27_to_2021-08-28_VGPortfolio_8QRank","16.18","22.95","22.69","22.69","2018-09-27_to_2021-09-28_VGPortfolio_8QRank","14.12","22.31","21.95","21.95","2018-10-29_to_2021-10-28_VGPortfolio_8QRank","17.8","24.42","22.98","22.98","2018-11-27_to_2021-11-28_VGPortfolio_8QRank","14.76","24.66","23.25","23.25"
"6",NA,"2017-06-27_to_2020-06-28_S&P500_Index","22.92","20.48","17.2","17.2","2017-07-27_to_2020-07-28_S&P500_Index","22.95","20.38","17.19","17.19","2017-08-28_to_2020-08-28_S&P500_Index","23.31","20.62","17.41","17.41","2017-09-27_to_2020-09-28_S&P500_Index","24.08","21.11","17.76","17.76","2017-10-27_to_2020-10-28_S&P500_Index","24.78","20.6","17.99","17.99","2017-11-27_to_2020-11-28_S&P500_Index","24.95","20.78","18.07","18.07","2017-12-27_to_2020-12-28_S&P500_Index","27.08","20.49","19","19","2018-01-29_to_2021-01-28_S&P500_Index","27.13","20.03","18.87","18.87","2018-02-27_to_2021-02-28_S&P500_Index","24.84","20.09","18.69","18.69","2018-03-27_to_2021-03-28_S&P500_Index","18.1","20.11","18.57","18.57","2018-04-27_to_2021-04-28_S&P500_Index","14.96","20.13","18.65","18.65","2018-05-29_to_2021-05-28_S&P500_Index","15.07","19.35","18.78","18.78","2018-06-27_to_2021-06-28_S&P500_Index","15.25","19.01","18.78","18.78","2018-07-27_to_2021-07-28_S&P500_Index","14.95","19.01","18.74","18.74","2018-08-27_to_2021-08-28_S&P500_Index","14.07","18.82","18.72","18.72","2018-09-27_to_2021-09-28_S&P500_Index","12.21","18.83","18.74","18.74","2018-10-29_to_2021-10-28_S&P500_Index","13.41","19.45","18.44","18.44","2018-11-27_to_2021-11-28_S&P500_Index","10.99","19.78","18.71","18.71"
"7",NA,"Tracking Error",NA,NA,NA,NA,"Tracking Error",NA,NA,NA,NA,"Tracking Error",NA,NA,NA,NA,"Tracking Error",NA,NA,NA,NA,"Tracking Error",NA,NA,NA,NA,"Tracking Error",NA,NA,NA,NA,"Tracking Error",NA,NA,NA,NA,"Tracking Error",NA,NA,NA,NA,"Tracking Error",NA,NA,NA,NA,"Tracking Error",NA,NA,NA,NA,"Tracking Error",NA,NA,NA,NA,"Tracking Error",NA,NA,NA,NA,"Tracking Error",NA,NA,NA,NA,"Tracking Error",NA,NA,NA,NA,"Tracking Error",NA,NA,NA,NA,"Tracking Error",NA,NA,NA,NA,"Tracking Error",NA,NA,NA,NA,"Tracking Error",NA,NA,NA,NA
"8",NA,"2017-06-27_to_2020-06-28_VGPortfolio_8QRank","15.44","11.48","9.55","9.55","2017-07-27_to_2020-07-28_VGPortfolio_8QRank","16","11.76","9.84","9.84","2017-08-28_to_2020-08-28_VGPortfolio_8QRank","16.34","12.03","10.03","10.03","2017-09-27_to_2020-09-28_VGPortfolio_8QRank","12.12","9.6","8.08","8.08","2017-10-27_to_2020-10-28_VGPortfolio_8QRank","13.4","10.44","8.91","8.91","2017-11-27_to_2020-11-28_VGPortfolio_8QRank","10.54","8.32","7.28","7.28","2017-12-27_to_2020-12-28_VGPortfolio_8QRank","11.95","9.39","8.24","8.24","2018-01-29_to_2021-01-28_VGPortfolio_8QRank","13.96","10.91","9.35","9.35","2018-02-27_to_2021-02-28_VGPortfolio_8QRank","8.08","6.03","5.41","5.41","2018-03-27_to_2021-03-28_VGPortfolio_8QRank","5.78","7.02","6.31","6.31","2018-04-27_to_2021-04-28_VGPortfolio_8QRank","4.62","4.98","4.85","4.85","2018-05-29_to_2021-05-28_VGPortfolio_8QRank","7.1","6.83","6.25","6.25","2018-06-27_to_2021-06-28_VGPortfolio_8QRank","6.6","6.19","5.58","5.58","2018-07-27_to_2021-07-28_VGPortfolio_8QRank","7.25","7.39","6.47","6.47","2018-08-27_to_2021-08-28_VGPortfolio_8QRank","8.08","7.96","7.07","7.07","2018-09-27_to_2021-09-28_VGPortfolio_8QRank","7.45","7.33","6.43","6.43","2018-10-29_to_2021-10-28_VGPortfolio_8QRank","8.44","8.21","7.31","7.31","2018-11-27_to_2021-11-28_VGPortfolio_8QRank","8.01","7.92","7.14","7.14"
"9",NA,"2017-06-27_to_2020-06-28_S&P500_Index","-","-","-","-","2017-07-27_to_2020-07-28_S&P500_Index","-","-","-","-","2017-08-28_to_2020-08-28_S&P500_Index","-","-","-","-","2017-09-27_to_2020-09-28_S&P500_Index","-","-","-","-","2017-10-27_to_2020-10-28_S&P500_Index","-","-","-","-","2017-11-27_to_2020-11-28_S&P500_Index","-","-","-","-","2017-12-27_to_2020-12-28_S&P500_Index","-","-","-","-","2018-01-29_to_2021-01-28_S&P500_Index","-","-","-","-","2018-02-27_to_2021-02-28_S&P500_Index","-","-","-","-","2018-03-27_to_2021-03-28_S&P500_Index","-","-","-","-","2018-04-27_to_2021-04-28_S&P500_Index","-","-","-","-","2018-05-29_to_2021-05-28_S&P500_Index","-","-","-","-","2018-06-27_to_2021-06-28_S&P500_Index","-","-","-","-","2018-07-27_to_2021-07-28_S&P500_Index","-","-","-","-","2018-08-27_to_2021-08-28_S&P500_Index","-","-","-","-","2018-09-27_to_2021-09-28_S&P500_Index","-","-","-","-","2018-10-29_to_2021-10-28_S&P500_Index","-","-","-","-","2018-11-27_to_2021-11-28_S&P500_Index","-","-","-","-"
"10",NA,"Information Ratio",NA,NA,NA,NA,"Information Ratio",NA,NA,NA,NA,"Information Ratio",NA,NA,NA,NA,"Information Ratio",NA,NA,NA,NA,"Information Ratio",NA,NA,NA,NA,"Information Ratio",NA,NA,NA,NA,"Information Ratio",NA,NA,NA,NA,"Information Ratio",NA,NA,NA,NA,"Information Ratio",NA,NA,NA,NA,"Information Ratio",NA,NA,NA,NA,"Information Ratio",NA,NA,NA,NA,"Information Ratio",NA,NA,NA,NA,"Information Ratio",NA,NA,NA,NA,"Information Ratio",NA,NA,NA,NA,"Information Ratio",NA,NA,NA,NA,"Information Ratio",NA,NA,NA,NA,"Information Ratio",NA,NA,NA,NA,"Information Ratio",NA,NA,NA,NA
"11",NA,"2017-06-27_to_2020-06-28_VGPortfolio_8QRank","0.83","0.57","0.88","0.88","2017-07-27_to_2020-07-28_VGPortfolio_8QRank","1","0.83","1.02","1.02","2017-08-28_to_2020-08-28_VGPortfolio_8QRank","0.9","0.85","1.04","1.03","2017-09-27_to_2020-09-28_VGPortfolio_8QRank","1.48","0.9","0.99","0.98","2017-10-27_to_2020-10-28_VGPortfolio_8QRank","1.93","1.46","1.24","1.23","2017-11-27_to_2020-11-28_VGPortfolio_8QRank","2.03","1.12","0.95","0.96","2017-12-27_to_2020-12-28_VGPortfolio_8QRank","2.84","1.88","1.29","1.29","2018-01-29_to_2021-01-28_VGPortfolio_8QRank","2.87","1.82","1.48","1.48","2018-02-27_to_2021-02-28_VGPortfolio_8QRank","1.47","0.56","0.65","0.65","2018-03-27_to_2021-03-28_VGPortfolio_8QRank","4.44","1.02","0.73","0.73","2018-04-27_to_2021-04-28_VGPortfolio_8QRank","2.84","0.48","0.16","0.15","2018-05-29_to_2021-05-28_VGPortfolio_8QRank","1.9","0.91","0.5","0.5","2018-06-27_to_2021-06-28_VGPortfolio_8QRank","2.18","0.91","0.49","0.48","2018-07-27_to_2021-07-28_VGPortfolio_8QRank","2.2","0.86","0.51","0.5","2018-08-27_to_2021-08-28_VGPortfolio_8QRank","2.14","0.86","0.46","0.46","2018-09-27_to_2021-09-28_VGPortfolio_8QRank","1.6","0.69","0.36","0.37","2018-10-29_to_2021-10-28_VGPortfolio_8QRank","1.89","1.58","1.17","1.17","2018-11-27_to_2021-11-28_VGPortfolio_8QRank","1.48","1.68","1.11","1.11"
"12",NA,"2017-06-27_to_2020-06-28_S&P500_Index","-","-","-","-","2017-07-27_to_2020-07-28_S&P500_Index","-","-","-","-","2017-08-28_to_2020-08-28_S&P500_Index","-","-","-","-","2017-09-27_to_2020-09-28_S&P500_Index","-","-","-","-","2017-10-27_to_2020-10-28_S&P500_Index","-","-","-","-","2017-11-27_to_2020-11-28_S&P500_Index","-","-","-","-","2017-12-27_to_2020-12-28_S&P500_Index","-","-","-","-","2018-01-29_to_2021-01-28_S&P500_Index","-","-","-","-","2018-02-27_to_2021-02-28_S&P500_Index","-","-","-","-","2018-03-27_to_2021-03-28_S&P500_Index","-","-","-","-","2018-04-27_to_2021-04-28_S&P500_Index","-","-","-","-","2018-05-29_to_2021-05-28_S&P500_Index","-","-","-","-","2018-06-27_to_2021-06-28_S&P500_Index","-","-","-","-","2018-07-27_to_2021-07-28_S&P500_Index","-","-","-","-","2018-08-27_to_2021-08-28_S&P500_Index","-","-","-","-","2018-09-27_to_2021-09-28_S&P500_Index","-","-","-","-","2018-10-29_to_2021-10-28_S&P500_Index","-","-","-","-","2018-11-27_to_2021-11-28_S&P500_Index","-","-","-","-"
"13",NA,"Alpha Stat",NA,NA,NA,NA,"Alpha Stat",NA,NA,NA,NA,"Alpha Stat",NA,NA,NA,NA,"Alpha Stat",NA,NA,NA,NA,"Alpha Stat",NA,NA,NA,NA,"Alpha Stat",NA,NA,NA,NA,"Alpha Stat",NA,NA,NA,NA,"Alpha Stat",NA,NA,NA,NA,"Alpha Stat",NA,NA,NA,NA,"Alpha Stat",NA,NA,NA,NA,"Alpha Stat",NA,NA,NA,NA,"Alpha Stat",NA,NA,NA,NA,"Alpha Stat",NA,NA,NA,NA,"Alpha Stat",NA,NA,NA,NA,"Alpha Stat",NA,NA,NA,NA,"Alpha Stat",NA,NA,NA,NA,"Alpha Stat",NA,NA,NA,NA,"Alpha Stat",NA,NA,NA,NA
"14",NA,"2017-06-27_to_2020-06-28_VGPortfolio_8QRank","1.5","0.72","0.72","0.72","2017-07-27_to_2020-07-28_VGPortfolio_8QRank","0.75","0.61","0.61","0.61","2017-08-28_to_2020-08-28_VGPortfolio_8QRank","0.85","0.69","0.62","0.62","2017-09-27_to_2020-09-28_VGPortfolio_8QRank","0.92","0.48","0.41","0.41","2017-10-27_to_2020-10-28_VGPortfolio_8QRank","1.5","0.7","0.55","0.55","2017-11-27_to_2020-11-28_VGPortfolio_8QRank","1.11","0.39","0.31","0.31","2017-12-27_to_2020-12-28_VGPortfolio_8QRank","1.76","0.73","0.54","0.54","2018-01-29_to_2021-01-28_VGPortfolio_8QRank","2.31","1.03","0.84","0.84","2018-02-27_to_2021-02-28_VGPortfolio_8QRank","0.23","-0.01","0.1","0.1","2018-03-27_to_2021-03-28_VGPortfolio_8QRank","1.72","0.49","0.29","0.29","2018-04-27_to_2021-04-28_VGPortfolio_8QRank","0.91","0.06","-0.06","-0.06","2018-05-29_to_2021-05-28_VGPortfolio_8QRank","0.88","0.23","0.1","0.1","2018-06-27_to_2021-06-28_VGPortfolio_8QRank","0.92","0.21","0.06","0.06","2018-07-27_to_2021-07-28_VGPortfolio_8QRank","1.2","0.27","0.14","0.14","2018-08-27_to_2021-08-28_VGPortfolio_8QRank","1.26","0.32","0.12","0.12","2018-09-27_to_2021-09-28_VGPortfolio_8QRank","0.91","0.19","0.06","0.06","2018-10-29_to_2021-10-28_VGPortfolio_8QRank","0.21","0.48","0.22","0.22","2018-11-27_to_2021-11-28_VGPortfolio_8QRank","0.49","0.63","0.3","0.3"
"15",NA,"2017-06-27_to_2020-06-28_S&P500_Index","-","-","-","-","2017-07-27_to_2020-07-28_S&P500_Index","-","-","-","-","2017-08-28_to_2020-08-28_S&P500_Index","-","-","-","-","2017-09-27_to_2020-09-28_S&P500_Index","-","-","-","-","2017-10-27_to_2020-10-28_S&P500_Index","-","-","-","-","2017-11-27_to_2020-11-28_S&P500_Index","-","-","-","-","2017-12-27_to_2020-12-28_S&P500_Index","-","-","-","-","2018-01-29_to_2021-01-28_S&P500_Index","-","-","-","-","2018-02-27_to_2021-02-28_S&P500_Index","-","-","-","-","2018-03-27_to_2021-03-28_S&P500_Index","-","-","-","-","2018-04-27_to_2021-04-28_S&P500_Index","-","-","-","-","2018-05-29_to_2021-05-28_S&P500_Index","-","-","-","-","2018-06-27_to_2021-06-28_S&P500_Index","-","-","-","-","2018-07-27_to_2021-07-28_S&P500_Index","-","-","-","-","2018-08-27_to_2021-08-28_S&P500_Index","-","-","-","-","2018-09-27_to_2021-09-28_S&P500_Index","-","-","-","-","2018-10-29_to_2021-10-28_S&P500_Index","-","-","-","-","2018-11-27_to_2021-11-28_S&P500_Index","-","-","-","-"
"16",NA,"Beta Stat",NA,NA,NA,NA,"Beta Stat",NA,NA,NA,NA,"Beta Stat",NA,NA,NA,NA,"Beta Stat",NA,NA,NA,NA,"Beta Stat",NA,NA,NA,NA,"Beta Stat",NA,NA,NA,NA,"Beta Stat",NA,NA,NA,NA,"Beta Stat",NA,NA,NA,NA,"Beta Stat",NA,NA,NA,NA,"Beta Stat",NA,NA,NA,NA,"Beta Stat",NA,NA,NA,NA,"Beta Stat",NA,NA,NA,NA,"Beta Stat",NA,NA,NA,NA,"Beta Stat",NA,NA,NA,NA,"Beta Stat",NA,NA,NA,NA,"Beta Stat",NA,NA,NA,NA,"Beta Stat",NA,NA,NA,NA,"Beta Stat",NA,NA,NA,NA
"17",NA,"2017-06-27_to_2020-06-28_VGPortfolio_8QRank","1.27","1.21","1.19","1.19","2017-07-27_to_2020-07-28_VGPortfolio_8QRank","1.25","1.23","1.19","1.19","2017-08-28_to_2020-08-28_VGPortfolio_8QRank","1.27","1.24","1.2","1.2","2017-09-27_to_2020-09-28_VGPortfolio_8QRank","1.23","1.22","1.19","1.19","2017-10-27_to_2020-10-28_VGPortfolio_8QRank","1.24","1.21","1.2","1.2","2017-11-27_to_2020-11-28_VGPortfolio_8QRank","1.19","1.17","1.16","1.16","2017-12-27_to_2020-12-28_VGPortfolio_8QRank","1.24","1.2","1.18","1.18","2018-01-29_to_2021-01-28_VGPortfolio_8QRank","1.25","1.2","1.2","1.2","2018-02-27_to_2021-02-28_VGPortfolio_8QRank","1.23","1.16","1.15","1.15","2018-03-27_to_2021-03-28_VGPortfolio_8QRank","1.03","1.13","1.14","1.14","2018-04-27_to_2021-04-28_VGPortfolio_8QRank","0.99","1.11","1.13","1.13","2018-05-29_to_2021-05-28_VGPortfolio_8QRank","0.97","1.12","1.12","1.12","2018-06-27_to_2021-06-28_VGPortfolio_8QRank","0.94","1.09","1.09","1.09","2018-07-27_to_2021-07-28_VGPortfolio_8QRank","0.98","1.15","1.14","1.14","2018-08-27_to_2021-08-28_VGPortfolio_8QRank","1","1.15","1.16","1.16","2018-09-27_to_2021-09-28_VGPortfolio_8QRank","0.98","1.13","1.13","1.13","2018-10-29_to_2021-10-28_VGPortfolio_8QRank","1.18","1.2","1.2","1.2","2018-11-27_to_2021-11-28_VGPortfolio_8QRank","1.14","1.2","1.2","1.2"
"18",NA,"2017-06-27_to_2020-06-28_S&P500_Index","-","-","-","-","2017-07-27_to_2020-07-28_S&P500_Index","-","-","-","-","2017-08-28_to_2020-08-28_S&P500_Index","-","-","-","-","2017-09-27_to_2020-09-28_S&P500_Index","-","-","-","-","2017-10-27_to_2020-10-28_S&P500_Index","-","-","-","-","2017-11-27_to_2020-11-28_S&P500_Index","-","-","-","-","2017-12-27_to_2020-12-28_S&P500_Index","-","-","-","-","2018-01-29_to_2021-01-28_S&P500_Index","-","-","-","-","2018-02-27_to_2021-02-28_S&P500_Index","-","-","-","-","2018-03-27_to_2021-03-28_S&P500_Index","-","-","-","-","2018-04-27_to_2021-04-28_S&P500_Index","-","-","-","-","2018-05-29_to_2021-05-28_S&P500_Index","-","-","-","-","2018-06-27_to_2021-06-28_S&P500_Index","-","-","-","-","2018-07-27_to_2021-07-28_S&P500_Index","-","-","-","-","2018-08-27_to_2021-08-28_S&P500_Index","-","-","-","-","2018-09-27_to_2021-09-28_S&P500_Index","-","-","-","-","2018-10-29_to_2021-10-28_S&P500_Index","-","-","-","-","2018-11-27_to_2021-11-28_S&P500_Index","-","-","-","-"
"19",NA,"R-Squared",NA,NA,NA,NA,"R-Squared",NA,NA,NA,NA,"R-Squared",NA,NA,NA,NA,"R-Squared",NA,NA,NA,NA,"R-Squared",NA,NA,NA,NA,"R-Squared",NA,NA,NA,NA,"R-Squared",NA,NA,NA,NA,"R-Squared",NA,NA,NA,NA,"R-Squared",NA,NA,NA,NA,"R-Squared",NA,NA,NA,NA,"R-Squared",NA,NA,NA,NA,"R-Squared",NA,NA,NA,NA,"R-Squared",NA,NA,NA,NA,"R-Squared",NA,NA,NA,NA,"R-Squared",NA,NA,NA,NA,"R-Squared",NA,NA,NA,NA,"R-Squared",NA,NA,NA,NA,"R-Squared",NA,NA,NA,NA
"20",NA,"2017-06-27_to_2020-06-28_VGPortfolio_8QRank","78.54","83.77","83.28","83.28","2017-07-27_to_2020-07-28_VGPortfolio_8QRank","76.5","83.51","82.51","82.51","2017-08-28_to_2020-08-28_VGPortfolio_8QRank","77.18","83.77","82.77","82.77","2017-09-27_to_2020-09-28_VGPortfolio_8QRank","87.01","90.06","88.91","88.91","2017-10-27_to_2020-10-28_VGPortfolio_8QRank","85.42","86.81","86.97","86.97","2017-11-27_to_2020-11-28_VGPortfolio_8QRank","89.81","90.84","90.36","90.36","2017-12-27_to_2020-12-28_VGPortfolio_8QRank","90.72","88.78","89.76","89.76","2018-01-29_to_2021-01-28_VGPortfolio_8QRank","87.14","84.17","87.12","87.12","2018-02-27_to_2021-02-28_VGPortfolio_8QRank","96.32","95.24","95.52","95.52","2018-03-27_to_2021-03-28_VGPortfolio_8QRank","90.41","92.13","93.05","93.05","2018-04-27_to_2021-04-28_VGPortfolio_8QRank","90.14","96.09","95.98","95.98","2018-05-29_to_2021-05-28_VGPortfolio_8QRank","78.75","91.4","92.76","92.76","2018-06-27_to_2021-06-28_VGPortfolio_8QRank","80.78","92.03","93.52","93.52","2018-07-27_to_2021-07-28_VGPortfolio_8QRank","78.22","90.65","92.78","92.78","2018-08-27_to_2021-08-28_VGPortfolio_8QRank","72.31","89.08","91.85","91.85","2018-09-27_to_2021-09-28_VGPortfolio_8QRank","69.12","89.87","92.37","92.37","2018-10-29_to_2021-10-28_VGPortfolio_8QRank","77.13","90.79","92.16","92.16","2018-11-27_to_2021-11-28_VGPortfolio_8QRank","68.43","91.82","92.95","92.95"
"21",NA,"2017-06-27_to_2020-06-28_S&P500_Index","-","-","-","-","2017-07-27_to_2020-07-28_S&P500_Index","-","-","-","-","2017-08-28_to_2020-08-28_S&P500_Index","-","-","-","-","2017-09-27_to_2020-09-28_S&P500_Index","-","-","-","-","2017-10-27_to_2020-10-28_S&P500_Index","-","-","-","-","2017-11-27_to_2020-11-28_S&P500_Index","-","-","-","-","2017-12-27_to_2020-12-28_S&P500_Index","-","-","-","-","2018-01-29_to_2021-01-28_S&P500_Index","-","-","-","-","2018-02-27_to_2021-02-28_S&P500_Index","-","-","-","-","2018-03-27_to_2021-03-28_S&P500_Index","-","-","-","-","2018-04-27_to_2021-04-28_S&P500_Index","-","-","-","-","2018-05-29_to_2021-05-28_S&P500_Index","-","-","-","-","2018-06-27_to_2021-06-28_S&P500_Index","-","-","-","-","2018-07-27_to_2021-07-28_S&P500_Index","-","-","-","-","2018-08-27_to_2021-08-28_S&P500_Index","-","-","-","-","2018-09-27_to_2021-09-28_S&P500_Index","-","-","-","-","2018-10-29_to_2021-10-28_S&P500_Index","-","-","-","-","2018-11-27_to_2021-11-28_S&P500_Index","-","-","-","-"
"22",NA,"Max Drawdown",NA,NA,NA,NA,"Max Drawdown",NA,NA,NA,NA,"Max Drawdown",NA,NA,NA,NA,"Max Drawdown",NA,NA,NA,NA,"Max Drawdown",NA,NA,NA,NA,"Max Drawdown",NA,NA,NA,NA,"Max Drawdown",NA,NA,NA,NA,"Max Drawdown",NA,NA,NA,NA,"Max Drawdown",NA,NA,NA,NA,"Max Drawdown",NA,NA,NA,NA,"Max Drawdown",NA,NA,NA,NA,"Max Drawdown",NA,NA,NA,NA,"Max Drawdown",NA,NA,NA,NA,"Max Drawdown",NA,NA,NA,NA,"Max Drawdown",NA,NA,NA,NA,"Max Drawdown",NA,NA,NA,NA,"Max Drawdown",NA,NA,NA,NA,"Max Drawdown",NA,NA,NA,NA
"23",NA,"2017-06-27_to_2020-06-28_VGPortfolio_8QRank","-39.0304","-39.0304","-39.0304","-39.0304","2017-07-27_to_2020-07-28_VGPortfolio_8QRank","-38.7855","-38.7855","-38.7855","-38.7855","2017-08-28_to_2020-08-28_VGPortfolio_8QRank","-39.4845","-39.4845","-39.4845","-39.4845","2017-09-27_to_2020-09-28_VGPortfolio_8QRank","-38.3267","-38.3267","-38.3267","-38.3267","2017-10-27_to_2020-10-28_VGPortfolio_8QRank","-39.4567","-39.4567","-39.4567","-39.4567","2017-11-27_to_2020-11-28_VGPortfolio_8QRank","-38.2832","-38.2832","-38.2832","-38.2832","2017-12-27_to_2020-12-28_VGPortfolio_8QRank","-38.5143","-38.5143","-38.5143","-38.5143","2018-01-29_to_2021-01-28_VGPortfolio_8QRank","-39.2996","-39.2996","-39.2996","-39.2996","2018-02-27_to_2021-02-28_VGPortfolio_8QRank","-32.7593","-38.2912","-38.2912","-38.2912","2018-03-27_to_2021-03-28_VGPortfolio_8QRank","-9.0774","-37.5238","-37.5238","-37.5238","2018-04-27_to_2021-04-28_VGPortfolio_8QRank","-9.0313","-36.6932","-36.6932","-36.6932","2018-05-29_to_2021-05-28_VGPortfolio_8QRank","-8.9077","-37.2344","-37.2344","-37.2344","2018-06-27_to_2021-06-28_VGPortfolio_8QRank","-8.786","-36.7437","-36.7437","-36.7437","2018-07-27_to_2021-07-28_VGPortfolio_8QRank","-8.8102","-38.0193","-38.0193","-38.0193","2018-08-27_to_2021-08-28_VGPortfolio_8QRank","-8.8112","-38.6194","-38.6194","-38.6194","2018-09-27_to_2021-09-28_VGPortfolio_8QRank","-7.4457","-38.3534","-38.3534","-38.3534","2018-10-29_to_2021-10-28_VGPortfolio_8QRank","-8.4886","-39.0572","-39.0572","-39.0572","2018-11-27_to_2021-11-28_VGPortfolio_8QRank","-7.873","-38.3219","-38.3219","-38.3219"
"24",NA,"2017-06-27_to_2020-06-28_S&P500_Index","-33.925","-33.925","-33.925","-33.925","2017-07-27_to_2020-07-28_S&P500_Index","-33.925","-33.925","-33.925","-33.925","2017-08-28_to_2020-08-28_S&P500_Index","-33.925","-33.925","-33.925","-33.925","2017-09-27_to_2020-09-28_S&P500_Index","-33.925","-33.925","-33.925","-33.925","2017-10-27_to_2020-10-28_S&P500_Index","-33.925","-33.925","-33.925","-33.925","2017-11-27_to_2020-11-28_S&P500_Index","-33.925","-33.925","-33.925","-33.925","2017-12-27_to_2020-12-28_S&P500_Index","-33.925","-33.925","-33.925","-33.925","2018-01-29_to_2021-01-28_S&P500_Index","-33.925","-33.925","-33.925","-33.925","2018-02-27_to_2021-02-28_S&P500_Index","-28.5203","-33.925","-33.925","-33.925","2018-03-27_to_2021-03-28_S&P500_Index","-9.6045","-33.925","-33.925","-33.925","2018-04-27_to_2021-04-28_S&P500_Index","-9.6045","-33.925","-33.925","-33.925","2018-05-29_to_2021-05-28_S&P500_Index","-9.6045","-33.925","-33.925","-33.925","2018-06-27_to_2021-06-28_S&P500_Index","-9.6045","-33.925","-33.925","-33.925","2018-07-27_to_2021-07-28_S&P500_Index","-9.6045","-33.925","-33.925","-33.925","2018-08-27_to_2021-08-28_S&P500_Index","-9.6045","-33.925","-33.925","-33.925","2018-09-27_to_2021-09-28_S&P500_Index","-7.4772","-33.925","-33.925","-33.925","2018-10-29_to_2021-10-28_S&P500_Index","-5.2125","-33.925","-33.925","-33.925","2018-11-27_to_2021-11-28_S&P500_Index","-5.2125","-33.925","-33.925","-33.925"
