"","NA","Var.2","2018-2019","Var.4","2018-2019","Var.6","2018-2019","Var.8","2018-2019","Var.10","2018-2019","Var.12","2019-2020","Var.14","2019-2020","Var.16","2019-2020","Var.18","2019-2020","Var.20","2019-2020","Var.22","2019-2020","Var.24","2019-2020","Var.26","2019-2020","Var.28","2019-2020","Var.30","2019-2020","Var.32","2019-2020","Var.34","2019-2020","Var.36","2020-2021","Var.38","2020-2021","Var.40","2020-2021","Var.42","2020-2021","Var.44","2020-2021","Var.46","2020-2021","Var.48","2020-2021","Var.50","2020-2021","Var.52","2020-2021"
"1",NA,"Annualized Returns",NA,"Annualized Returns",NA,"Annualized Returns",NA,"Annualized Returns",NA,"Annualized Returns",NA,"Annualized Returns",NA,"Annualized Returns",NA,"Annualized Returns",NA,"Annualized Returns",NA,"Annualized Returns",NA,"Annualized Returns",NA,"Annualized Returns",NA,"Annualized Returns",NA,"Annualized Returns",NA,"Annualized Returns",NA,"Annualized Returns",NA,"Annualized Returns",NA,"Annualized Returns",NA,"Annualized Returns",NA,"Annualized Returns",NA,"Annualized Returns",NA,"Annualized Returns",NA,"Annualized Returns",NA,"Annualized Returns",NA,"Annualized Returns",NA,"Annualized Returns",NA
"2",NA,"2018-08-14_to_2019-08-15_VGPortfolio_5QRank","2.21","2018-09-14_to_2019-09-15_VGPortfolio_5QRank","2.54","2018-10-15_to_2019-10-15_VGPortfolio_5QRank","7.293","2018-11-14_to_2019-11-15_VGPortfolio_5QRank","14.434","2018-12-14_to_2019-12-15_VGPortfolio_5QRank","21.579","2019-01-14_to_2020-01-15_VGPortfolio_5QRank","23.115","2019-02-14_to_2020-02-15_VGPortfolio_5QRank","18.374","2019-03-14_to_2020-03-15_VGPortfolio_5QRank","-11.802","2019-04-15_to_2020-04-15_VGPortfolio_5QRank","-12.563","2019-05-14_to_2020-05-15_VGPortfolio_5QRank","-5.937","2019-06-14_to_2020-06-15_VGPortfolio_5QRank","2.799","2019-07-15_to_2020-07-15_VGPortfolio_5QRank","1.737","2019-08-14_to_2020-08-15_VGPortfolio_5QRank","16.331","2019-09-16_to_2020-09-15_VGPortfolio_5QRank","10.125","2019-10-14_to_2020-10-15_VGPortfolio_5QRank","17.849","2019-11-14_to_2020-11-15_VGPortfolio_5QRank","12.224","2019-12-16_to_2020-12-15_VGPortfolio_5QRank","21.801","2020-01-14_to_2021-01-15_VGPortfolio_5QRank","22.845","2020-02-14_to_2021-02-15_VGPortfolio_5QRank","26.958","2020-03-16_to_2021-03-15_VGPortfolio_5QRank","122.79","2020-04-14_to_2021-04-15_VGPortfolio_5QRank","92.025","2020-05-14_to_2021-05-15_VGPortfolio_5QRank","91.044","2020-06-15_to_2021-06-15_VGPortfolio_5QRank","61.868","2020-07-14_to_2021-07-15_VGPortfolio_5QRank","60.115","2020-08-14_to_2021-08-15_VGPortfolio_5QRank","52.744","2020-09-14_to_2021-09-15_VGPortfolio_5QRank","57.693"
"3",NA,"2018-08-14_to_2019-08-15_S&P500_Index","1.037","2018-09-14_to_2019-09-15_S&P500_Index","3.535","2018-10-15_to_2019-10-15_S&P500_Index","8.903","2018-11-14_to_2019-11-15_S&P500_Index","14.294","2018-12-14_to_2019-12-15_S&P500_Index","21.946","2019-01-14_to_2020-01-15_S&P500_Index","26.012","2019-02-14_to_2020-02-15_S&P500_Index","23.106","2019-03-14_to_2020-03-15_S&P500_Index","-3.47","2019-04-15_to_2020-04-15_S&P500_Index","-4.255","2019-05-14_to_2020-05-15_S&P500_Index","-0.439","2019-06-14_to_2020-06-15_S&P500_Index","6.14","2019-07-15_to_2020-07-15_S&P500_Index","7.407","2019-08-14_to_2020-08-15_S&P500_Index","18.445","2019-09-16_to_2020-09-15_S&P500_Index","13.45","2019-10-14_to_2020-10-15_S&P500_Index","16.512","2019-11-14_to_2020-11-15_S&P500_Index","15.776","2019-12-16_to_2020-12-15_S&P500_Index","15.766","2020-01-14_to_2021-01-15_S&P500_Index","13.611","2020-02-14_to_2021-02-15_S&P500_Index","14.032","2020-03-16_to_2021-03-15_S&P500_Index","61.691","2020-04-14_to_2021-04-15_S&P500_Index","49.834","2020-05-14_to_2021-05-15_S&P500_Index","46.322","2020-06-15_to_2021-06-15_S&P500_Index","38.479","2020-07-14_to_2021-07-15_S&P500_Index","35.129","2020-08-14_to_2021-08-15_S&P500_Index","32.572","2020-09-14_to_2021-09-15_S&P500_Index","34.539"
"4",NA,"Volatility",NA,"Volatility",NA,"Volatility",NA,"Volatility",NA,"Volatility",NA,"Volatility",NA,"Volatility",NA,"Volatility",NA,"Volatility",NA,"Volatility",NA,"Volatility",NA,"Volatility",NA,"Volatility",NA,"Volatility",NA,"Volatility",NA,"Volatility",NA,"Volatility",NA,"Volatility",NA,"Volatility",NA,"Volatility",NA,"Volatility",NA,"Volatility",NA,"Volatility",NA,"Volatility",NA,"Volatility",NA,"Volatility",NA
"5",NA,"2018-08-14_to_2019-08-15_VGPortfolio_5QRank","22.34","2018-09-14_to_2019-09-15_VGPortfolio_5QRank","21.99","2018-10-15_to_2019-10-15_VGPortfolio_5QRank","21.49","2018-11-14_to_2019-11-15_VGPortfolio_5QRank","21.71","2018-12-14_to_2019-12-15_VGPortfolio_5QRank","18.47","2019-01-14_to_2020-01-15_VGPortfolio_5QRank","14.57","2019-02-14_to_2020-02-15_VGPortfolio_5QRank","14.14","2019-03-14_to_2020-03-15_VGPortfolio_5QRank","17.53","2019-04-15_to_2020-04-15_VGPortfolio_5QRank","25.15","2019-05-14_to_2020-05-15_VGPortfolio_5QRank","29.75","2019-06-14_to_2020-06-15_VGPortfolio_5QRank","29.85","2019-07-15_to_2020-07-15_VGPortfolio_5QRank","31.55","2019-08-14_to_2020-08-15_VGPortfolio_5QRank","32.24","2019-09-16_to_2020-09-15_VGPortfolio_5QRank","31.06","2019-10-14_to_2020-10-15_VGPortfolio_5QRank","31.94","2019-11-14_to_2020-11-15_VGPortfolio_5QRank","32.83","2019-12-16_to_2020-12-15_VGPortfolio_5QRank","36.18","2020-01-14_to_2021-01-15_VGPortfolio_5QRank","36.59","2020-02-14_to_2021-02-15_VGPortfolio_5QRank","34.7","2020-03-16_to_2021-03-15_VGPortfolio_5QRank","24.77","2020-04-14_to_2021-04-15_VGPortfolio_5QRank","19.61","2020-05-14_to_2021-05-15_VGPortfolio_5QRank","19.7","2020-06-15_to_2021-06-15_VGPortfolio_5QRank","18.63","2020-07-14_to_2021-07-15_VGPortfolio_5QRank","19.41","2020-08-14_to_2021-08-15_VGPortfolio_5QRank","20.56","2020-09-14_to_2021-09-15_VGPortfolio_5QRank","19.18"
"6",NA,"2018-08-14_to_2019-08-15_S&P500_Index","19.47","2018-09-14_to_2019-09-15_S&P500_Index","19.61","2018-10-15_to_2019-10-15_S&P500_Index","17.84","2018-11-14_to_2019-11-15_S&P500_Index","17.85","2018-12-14_to_2019-12-15_S&P500_Index","13.57","2019-01-14_to_2020-01-15_S&P500_Index","11.95","2019-02-14_to_2020-02-15_S&P500_Index","11.99","2019-03-14_to_2020-03-15_S&P500_Index","15.74","2019-04-15_to_2020-04-15_S&P500_Index","20.15","2019-05-14_to_2020-05-15_S&P500_Index","23.54","2019-06-14_to_2020-06-15_S&P500_Index","22.92","2019-07-15_to_2020-07-15_S&P500_Index","22.95","2019-08-14_to_2020-08-15_S&P500_Index","23.31","2019-09-16_to_2020-09-15_S&P500_Index","24.08","2019-10-14_to_2020-10-15_S&P500_Index","24.78","2019-11-14_to_2020-11-15_S&P500_Index","24.95","2019-12-16_to_2020-12-15_S&P500_Index","27.08","2020-01-14_to_2021-01-15_S&P500_Index","27.13","2020-02-14_to_2021-02-15_S&P500_Index","24.53","2020-03-16_to_2021-03-15_S&P500_Index","17.78","2020-04-14_to_2021-04-15_S&P500_Index","14.57","2020-05-14_to_2021-05-15_S&P500_Index","14.69","2020-06-15_to_2021-06-15_S&P500_Index","14.87","2020-07-14_to_2021-07-15_S&P500_Index","14.57","2020-08-14_to_2021-08-15_S&P500_Index","13.66","2020-09-14_to_2021-09-15_S&P500_Index","11.73"
"7",NA,"Tracking Error",NA,"Tracking Error",NA,"Tracking Error",NA,"Tracking Error",NA,"Tracking Error",NA,"Tracking Error",NA,"Tracking Error",NA,"Tracking Error",NA,"Tracking Error",NA,"Tracking Error",NA,"Tracking Error",NA,"Tracking Error",NA,"Tracking Error",NA,"Tracking Error",NA,"Tracking Error",NA,"Tracking Error",NA,"Tracking Error",NA,"Tracking Error",NA,"Tracking Error",NA,"Tracking Error",NA,"Tracking Error",NA,"Tracking Error",NA,"Tracking Error",NA,"Tracking Error",NA,"Tracking Error",NA,"Tracking Error",NA
"8",NA,"2018-08-14_to_2019-08-15_VGPortfolio_5QRank","4.21","2018-09-14_to_2019-09-15_VGPortfolio_5QRank","4.02","2018-10-15_to_2019-10-15_VGPortfolio_5QRank","4.84","2018-11-14_to_2019-11-15_VGPortfolio_5QRank","5.43","2018-12-14_to_2019-12-15_VGPortfolio_5QRank","5.84","2019-01-14_to_2020-01-15_VGPortfolio_5QRank","3.72","2019-02-14_to_2020-02-15_VGPortfolio_5QRank","2.92","2019-03-14_to_2020-03-15_VGPortfolio_5QRank","3.65","2019-04-15_to_2020-04-15_VGPortfolio_5QRank","6.95","2019-05-14_to_2020-05-15_VGPortfolio_5QRank","7.46","2019-06-14_to_2020-06-15_VGPortfolio_5QRank","8.11","2019-07-15_to_2020-07-15_VGPortfolio_5QRank","9.67","2019-08-14_to_2020-08-15_VGPortfolio_5QRank","9.96","2019-09-16_to_2020-09-15_VGPortfolio_5QRank","8.22","2019-10-14_to_2020-10-15_VGPortfolio_5QRank","9.02","2019-11-14_to_2020-11-15_VGPortfolio_5QRank","10.89","2019-12-16_to_2020-12-15_VGPortfolio_5QRank","11.27","2020-01-14_to_2021-01-15_VGPortfolio_5QRank","11.39","2020-02-14_to_2021-02-15_VGPortfolio_5QRank","11.61","2020-03-16_to_2021-03-15_VGPortfolio_5QRank","11.63","2020-04-14_to_2021-04-15_VGPortfolio_5QRank","11.67","2020-05-14_to_2021-05-15_VGPortfolio_5QRank","11.84","2020-06-15_to_2021-06-15_VGPortfolio_5QRank","10.01","2020-07-14_to_2021-07-15_VGPortfolio_5QRank","10.98","2020-08-14_to_2021-08-15_VGPortfolio_5QRank","12.52","2020-09-14_to_2021-09-15_VGPortfolio_5QRank","12.92"
"9",NA,"2018-08-14_to_2019-08-15_S&P500_Index","-","2018-09-14_to_2019-09-15_S&P500_Index","-","2018-10-15_to_2019-10-15_S&P500_Index","-","2018-11-14_to_2019-11-15_S&P500_Index","-","2018-12-14_to_2019-12-15_S&P500_Index","-","2019-01-14_to_2020-01-15_S&P500_Index","-","2019-02-14_to_2020-02-15_S&P500_Index","-","2019-03-14_to_2020-03-15_S&P500_Index","-","2019-04-15_to_2020-04-15_S&P500_Index","-","2019-05-14_to_2020-05-15_S&P500_Index","-","2019-06-14_to_2020-06-15_S&P500_Index","-","2019-07-15_to_2020-07-15_S&P500_Index","-","2019-08-14_to_2020-08-15_S&P500_Index","-","2019-09-16_to_2020-09-15_S&P500_Index","-","2019-10-14_to_2020-10-15_S&P500_Index","-","2019-11-14_to_2020-11-15_S&P500_Index","-","2019-12-16_to_2020-12-15_S&P500_Index","-","2020-01-14_to_2021-01-15_S&P500_Index","-","2020-02-14_to_2021-02-15_S&P500_Index","-","2020-03-16_to_2021-03-15_S&P500_Index","-","2020-04-14_to_2021-04-15_S&P500_Index","-","2020-05-14_to_2021-05-15_S&P500_Index","-","2020-06-15_to_2021-06-15_S&P500_Index","-","2020-07-14_to_2021-07-15_S&P500_Index","-","2020-08-14_to_2021-08-15_S&P500_Index","-","2020-09-14_to_2021-09-15_S&P500_Index","-"
"10",NA,"Information Ratio",NA,"Information Ratio",NA,"Information Ratio",NA,"Information Ratio",NA,"Information Ratio",NA,"Information Ratio",NA,"Information Ratio",NA,"Information Ratio",NA,"Information Ratio",NA,"Information Ratio",NA,"Information Ratio",NA,"Information Ratio",NA,"Information Ratio",NA,"Information Ratio",NA,"Information Ratio",NA,"Information Ratio",NA,"Information Ratio",NA,"Information Ratio",NA,"Information Ratio",NA,"Information Ratio",NA,"Information Ratio",NA,"Information Ratio",NA,"Information Ratio",NA,"Information Ratio",NA,"Information Ratio",NA,"Information Ratio",NA
"11",NA,"2018-08-14_to_2019-08-15_VGPortfolio_5QRank","0.28","2018-09-14_to_2019-09-15_VGPortfolio_5QRank","-0.25","2018-10-15_to_2019-10-15_VGPortfolio_5QRank","-0.33","2018-11-14_to_2019-11-15_VGPortfolio_5QRank","0.03","2018-12-14_to_2019-12-15_VGPortfolio_5QRank","-0.06","2019-01-14_to_2020-01-15_VGPortfolio_5QRank","-0.78","2019-02-14_to_2020-02-15_VGPortfolio_5QRank","-1.62","2019-03-14_to_2020-03-15_VGPortfolio_5QRank","-2.28","2019-04-15_to_2020-04-15_VGPortfolio_5QRank","-1.2","2019-05-14_to_2020-05-15_VGPortfolio_5QRank","-0.74","2019-06-14_to_2020-06-15_VGPortfolio_5QRank","-0.41","2019-07-15_to_2020-07-15_VGPortfolio_5QRank","-0.59","2019-08-14_to_2020-08-15_VGPortfolio_5QRank","-0.21","2019-09-16_to_2020-09-15_VGPortfolio_5QRank","-0.4","2019-10-14_to_2020-10-15_VGPortfolio_5QRank","0.15","2019-11-14_to_2020-11-15_VGPortfolio_5QRank","-0.33","2019-12-16_to_2020-12-15_VGPortfolio_5QRank","0.54","2020-01-14_to_2021-01-15_VGPortfolio_5QRank","0.81","2020-02-14_to_2021-02-15_VGPortfolio_5QRank","1.11","2020-03-16_to_2021-03-15_VGPortfolio_5QRank","5.25","2020-04-14_to_2021-04-15_VGPortfolio_5QRank","3.62","2020-05-14_to_2021-05-15_VGPortfolio_5QRank","3.78","2020-06-15_to_2021-06-15_VGPortfolio_5QRank","2.34","2020-07-14_to_2021-07-15_VGPortfolio_5QRank","2.28","2020-08-14_to_2021-08-15_VGPortfolio_5QRank","1.61","2020-09-14_to_2021-09-15_VGPortfolio_5QRank","1.79"
"12",NA,"2018-08-14_to_2019-08-15_S&P500_Index","-","2018-09-14_to_2019-09-15_S&P500_Index","-","2018-10-15_to_2019-10-15_S&P500_Index","-","2018-11-14_to_2019-11-15_S&P500_Index","-","2018-12-14_to_2019-12-15_S&P500_Index","-","2019-01-14_to_2020-01-15_S&P500_Index","-","2019-02-14_to_2020-02-15_S&P500_Index","-","2019-03-14_to_2020-03-15_S&P500_Index","-","2019-04-15_to_2020-04-15_S&P500_Index","-","2019-05-14_to_2020-05-15_S&P500_Index","-","2019-06-14_to_2020-06-15_S&P500_Index","-","2019-07-15_to_2020-07-15_S&P500_Index","-","2019-08-14_to_2020-08-15_S&P500_Index","-","2019-09-16_to_2020-09-15_S&P500_Index","-","2019-10-14_to_2020-10-15_S&P500_Index","-","2019-11-14_to_2020-11-15_S&P500_Index","-","2019-12-16_to_2020-12-15_S&P500_Index","-","2020-01-14_to_2021-01-15_S&P500_Index","-","2020-02-14_to_2021-02-15_S&P500_Index","-","2020-03-16_to_2021-03-15_S&P500_Index","-","2020-04-14_to_2021-04-15_S&P500_Index","-","2020-05-14_to_2021-05-15_S&P500_Index","-","2020-06-15_to_2021-06-15_S&P500_Index","-","2020-07-14_to_2021-07-15_S&P500_Index","-","2020-08-14_to_2021-08-15_S&P500_Index","-","2020-09-14_to_2021-09-15_S&P500_Index","-"
"13",NA,"Alpha Stat",NA,"Alpha Stat",NA,"Alpha Stat",NA,"Alpha Stat",NA,"Alpha Stat",NA,"Alpha Stat",NA,"Alpha Stat",NA,"Alpha Stat",NA,"Alpha Stat",NA,"Alpha Stat",NA,"Alpha Stat",NA,"Alpha Stat",NA,"Alpha Stat",NA,"Alpha Stat",NA,"Alpha Stat",NA,"Alpha Stat",NA,"Alpha Stat",NA,"Alpha Stat",NA,"Alpha Stat",NA,"Alpha Stat",NA,"Alpha Stat",NA,"Alpha Stat",NA,"Alpha Stat",NA,"Alpha Stat",NA,"Alpha Stat",NA,"Alpha Stat",NA
"14",NA,"2018-08-14_to_2019-08-15_VGPortfolio_5QRank","0.1","2018-09-14_to_2019-09-15_VGPortfolio_5QRank","0.11","2018-10-15_to_2019-10-15_VGPortfolio_5QRank","-0.2","2018-11-14_to_2019-11-15_VGPortfolio_5QRank","-0.15","2018-12-14_to_2019-12-15_VGPortfolio_5QRank","-0.6","2019-01-14_to_2020-01-15_VGPortfolio_5QRank","-0.57","2019-02-14_to_2020-02-15_VGPortfolio_5QRank","-0.58","2019-03-14_to_2020-03-15_VGPortfolio_5QRank","-0.24","2019-04-15_to_2020-04-15_VGPortfolio_5QRank","-0.41","2019-05-14_to_2020-05-15_VGPortfolio_5QRank","-0.47","2019-06-14_to_2020-06-15_VGPortfolio_5QRank","-0.43","2019-07-15_to_2020-07-15_VGPortfolio_5QRank","-0.6","2019-08-14_to_2020-08-15_VGPortfolio_5QRank","-0.62","2019-09-16_to_2020-09-15_VGPortfolio_5QRank","-0.64","2019-10-14_to_2020-10-15_VGPortfolio_5QRank","-0.3","2019-11-14_to_2020-11-15_VGPortfolio_5QRank","-0.37","2019-12-16_to_2020-12-15_VGPortfolio_5QRank","0.07","2020-01-14_to_2021-01-15_VGPortfolio_5QRank","0.18","2020-02-14_to_2021-02-15_VGPortfolio_5QRank","-0.47","2020-03-16_to_2021-03-15_VGPortfolio_5QRank","1.75","2020-04-14_to_2021-04-15_VGPortfolio_5QRank","1.89","2020-05-14_to_2021-05-15_VGPortfolio_5QRank","1.85","2020-06-15_to_2021-06-15_VGPortfolio_5QRank","1.51","2020-07-14_to_2021-07-15_VGPortfolio_5QRank","1.82","2020-08-14_to_2021-08-15_VGPortfolio_5QRank","1.2","2020-09-14_to_2021-09-15_VGPortfolio_5QRank","1.01"
"15",NA,"2018-08-14_to_2019-08-15_S&P500_Index","-","2018-09-14_to_2019-09-15_S&P500_Index","-","2018-10-15_to_2019-10-15_S&P500_Index","-","2018-11-14_to_2019-11-15_S&P500_Index","-","2018-12-14_to_2019-12-15_S&P500_Index","-","2019-01-14_to_2020-01-15_S&P500_Index","-","2019-02-14_to_2020-02-15_S&P500_Index","-","2019-03-14_to_2020-03-15_S&P500_Index","-","2019-04-15_to_2020-04-15_S&P500_Index","-","2019-05-14_to_2020-05-15_S&P500_Index","-","2019-06-14_to_2020-06-15_S&P500_Index","-","2019-07-15_to_2020-07-15_S&P500_Index","-","2019-08-14_to_2020-08-15_S&P500_Index","-","2019-09-16_to_2020-09-15_S&P500_Index","-","2019-10-14_to_2020-10-15_S&P500_Index","-","2019-11-14_to_2020-11-15_S&P500_Index","-","2019-12-16_to_2020-12-15_S&P500_Index","-","2020-01-14_to_2021-01-15_S&P500_Index","-","2020-02-14_to_2021-02-15_S&P500_Index","-","2020-03-16_to_2021-03-15_S&P500_Index","-","2020-04-14_to_2021-04-15_S&P500_Index","-","2020-05-14_to_2021-05-15_S&P500_Index","-","2020-06-15_to_2021-06-15_S&P500_Index","-","2020-07-14_to_2021-07-15_S&P500_Index","-","2020-08-14_to_2021-08-15_S&P500_Index","-","2020-09-14_to_2021-09-15_S&P500_Index","-"
"16",NA,"Beta Stat",NA,"Beta Stat",NA,"Beta Stat",NA,"Beta Stat",NA,"Beta Stat",NA,"Beta Stat",NA,"Beta Stat",NA,"Beta Stat",NA,"Beta Stat",NA,"Beta Stat",NA,"Beta Stat",NA,"Beta Stat",NA,"Beta Stat",NA,"Beta Stat",NA,"Beta Stat",NA,"Beta Stat",NA,"Beta Stat",NA,"Beta Stat",NA,"Beta Stat",NA,"Beta Stat",NA,"Beta Stat",NA,"Beta Stat",NA,"Beta Stat",NA,"Beta Stat",NA,"Beta Stat",NA,"Beta Stat",NA
"17",NA,"2018-08-14_to_2019-08-15_VGPortfolio_5QRank","1.13","2018-09-14_to_2019-09-15_VGPortfolio_5QRank","1.11","2018-10-15_to_2019-10-15_VGPortfolio_5QRank","1.19","2018-11-14_to_2019-11-15_VGPortfolio_5QRank","1.19","2018-12-14_to_2019-12-15_VGPortfolio_5QRank","1.33","2019-01-14_to_2020-01-15_VGPortfolio_5QRank","1.2","2019-02-14_to_2020-02-15_VGPortfolio_5QRank","1.17","2019-03-14_to_2020-03-15_VGPortfolio_5QRank","1.09","2019-04-15_to_2020-04-15_VGPortfolio_5QRank","1.22","2019-05-14_to_2020-05-15_VGPortfolio_5QRank","1.25","2019-06-14_to_2020-06-15_VGPortfolio_5QRank","1.29","2019-07-15_to_2020-07-15_VGPortfolio_5QRank","1.36","2019-08-14_to_2020-08-15_VGPortfolio_5QRank","1.37","2019-09-16_to_2020-09-15_VGPortfolio_5QRank","1.27","2019-10-14_to_2020-10-15_VGPortfolio_5QRank","1.26","2019-11-14_to_2020-11-15_VGPortfolio_5QRank","1.27","2019-12-16_to_2020-12-15_VGPortfolio_5QRank","1.31","2020-01-14_to_2021-01-15_VGPortfolio_5QRank","1.32","2020-02-14_to_2021-02-15_VGPortfolio_5QRank","1.39","2020-03-16_to_2021-03-15_VGPortfolio_5QRank","1.26","2020-04-14_to_2021-04-15_VGPortfolio_5QRank","1.08","2020-05-14_to_2021-05-15_VGPortfolio_5QRank","1.08","2020-06-15_to_2021-06-15_VGPortfolio_5QRank","1.06","2020-07-14_to_2021-07-15_VGPortfolio_5QRank","1.1","2020-08-14_to_2021-08-15_VGPortfolio_5QRank","1.21","2020-09-14_to_2021-09-15_VGPortfolio_5QRank","1.23"
"18",NA,"2018-08-14_to_2019-08-15_S&P500_Index","-","2018-09-14_to_2019-09-15_S&P500_Index","-","2018-10-15_to_2019-10-15_S&P500_Index","-","2018-11-14_to_2019-11-15_S&P500_Index","-","2018-12-14_to_2019-12-15_S&P500_Index","-","2019-01-14_to_2020-01-15_S&P500_Index","-","2019-02-14_to_2020-02-15_S&P500_Index","-","2019-03-14_to_2020-03-15_S&P500_Index","-","2019-04-15_to_2020-04-15_S&P500_Index","-","2019-05-14_to_2020-05-15_S&P500_Index","-","2019-06-14_to_2020-06-15_S&P500_Index","-","2019-07-15_to_2020-07-15_S&P500_Index","-","2019-08-14_to_2020-08-15_S&P500_Index","-","2019-09-16_to_2020-09-15_S&P500_Index","-","2019-10-14_to_2020-10-15_S&P500_Index","-","2019-11-14_to_2020-11-15_S&P500_Index","-","2019-12-16_to_2020-12-15_S&P500_Index","-","2020-01-14_to_2021-01-15_S&P500_Index","-","2020-02-14_to_2021-02-15_S&P500_Index","-","2020-03-16_to_2021-03-15_S&P500_Index","-","2020-04-14_to_2021-04-15_S&P500_Index","-","2020-05-14_to_2021-05-15_S&P500_Index","-","2020-06-15_to_2021-06-15_S&P500_Index","-","2020-07-14_to_2021-07-15_S&P500_Index","-","2020-08-14_to_2021-08-15_S&P500_Index","-","2020-09-14_to_2021-09-15_S&P500_Index","-"
"19",NA,"R-Squared",NA,"R-Squared",NA,"R-Squared",NA,"R-Squared",NA,"R-Squared",NA,"R-Squared",NA,"R-Squared",NA,"R-Squared",NA,"R-Squared",NA,"R-Squared",NA,"R-Squared",NA,"R-Squared",NA,"R-Squared",NA,"R-Squared",NA,"R-Squared",NA,"R-Squared",NA,"R-Squared",NA,"R-Squared",NA,"R-Squared",NA,"R-Squared",NA,"R-Squared",NA,"R-Squared",NA,"R-Squared",NA,"R-Squared",NA,"R-Squared",NA,"R-Squared",NA
"20",NA,"2018-08-14_to_2019-08-15_VGPortfolio_5QRank","97.6","2018-09-14_to_2019-09-15_VGPortfolio_5QRank","97.31","2018-10-15_to_2019-10-15_VGPortfolio_5QRank","97.11","2018-11-14_to_2019-11-15_VGPortfolio_5QRank","95.87","2018-12-14_to_2019-12-15_VGPortfolio_5QRank","95.54","2019-01-14_to_2020-01-15_VGPortfolio_5QRank","95.59","2019-02-14_to_2020-02-15_VGPortfolio_5QRank","97.47","2019-03-14_to_2020-03-15_VGPortfolio_5QRank","95.97","2019-04-15_to_2020-04-15_VGPortfolio_5QRank","94.93","2019-05-14_to_2020-05-15_VGPortfolio_5QRank","97.32","2019-06-14_to_2020-06-15_VGPortfolio_5QRank","97.12","2019-07-15_to_2020-07-15_VGPortfolio_5QRank","97.02","2019-08-14_to_2020-08-15_VGPortfolio_5QRank","97.16","2019-09-16_to_2020-09-15_VGPortfolio_5QRank","97.21","2019-10-14_to_2020-10-15_VGPortfolio_5QRank","95.8","2019-11-14_to_2020-11-15_VGPortfolio_5QRank","92.47","2019-12-16_to_2020-12-15_VGPortfolio_5QRank","95.06","2020-01-14_to_2021-01-15_VGPortfolio_5QRank","95.57","2020-02-14_to_2021-02-15_VGPortfolio_5QRank","95.97","2020-03-16_to_2021-03-15_VGPortfolio_5QRank","79.25","2020-04-14_to_2021-04-15_VGPortfolio_5QRank","61.06","2020-05-14_to_2021-05-15_VGPortfolio_5QRank","60.23","2020-06-15_to_2021-06-15_VGPortfolio_5QRank","68.15","2020-07-14_to_2021-07-15_VGPortfolio_5QRank","65.17","2020-08-14_to_2021-08-15_VGPortfolio_5QRank","61.01","2020-09-14_to_2021-09-15_VGPortfolio_5QRank","51.76"
"21",NA,"2018-08-14_to_2019-08-15_S&P500_Index","-","2018-09-14_to_2019-09-15_S&P500_Index","-","2018-10-15_to_2019-10-15_S&P500_Index","-","2018-11-14_to_2019-11-15_S&P500_Index","-","2018-12-14_to_2019-12-15_S&P500_Index","-","2019-01-14_to_2020-01-15_S&P500_Index","-","2019-02-14_to_2020-02-15_S&P500_Index","-","2019-03-14_to_2020-03-15_S&P500_Index","-","2019-04-15_to_2020-04-15_S&P500_Index","-","2019-05-14_to_2020-05-15_S&P500_Index","-","2019-06-14_to_2020-06-15_S&P500_Index","-","2019-07-15_to_2020-07-15_S&P500_Index","-","2019-08-14_to_2020-08-15_S&P500_Index","-","2019-09-16_to_2020-09-15_S&P500_Index","-","2019-10-14_to_2020-10-15_S&P500_Index","-","2019-11-14_to_2020-11-15_S&P500_Index","-","2019-12-16_to_2020-12-15_S&P500_Index","-","2020-01-14_to_2021-01-15_S&P500_Index","-","2020-02-14_to_2021-02-15_S&P500_Index","-","2020-03-16_to_2021-03-15_S&P500_Index","-","2020-04-14_to_2021-04-15_S&P500_Index","-","2020-05-14_to_2021-05-15_S&P500_Index","-","2020-06-15_to_2021-06-15_S&P500_Index","-","2020-07-14_to_2021-07-15_S&P500_Index","-","2020-08-14_to_2021-08-15_S&P500_Index","-","2020-09-14_to_2021-09-15_S&P500_Index","-"
"22",NA,"Max Drawdown",NA,"Max Drawdown",NA,"Max Drawdown",NA,"Max Drawdown",NA,"Max Drawdown",NA,"Max Drawdown",NA,"Max Drawdown",NA,"Max Drawdown",NA,"Max Drawdown",NA,"Max Drawdown",NA,"Max Drawdown",NA,"Max Drawdown",NA,"Max Drawdown",NA,"Max Drawdown",NA,"Max Drawdown",NA,"Max Drawdown",NA,"Max Drawdown",NA,"Max Drawdown",NA,"Max Drawdown",NA,"Max Drawdown",NA,"Max Drawdown",NA,"Max Drawdown",NA,"Max Drawdown",NA,"Max Drawdown",NA,"Max Drawdown",NA,"Max Drawdown",NA
"23",NA,"2018-08-14_to_2019-08-15_VGPortfolio_5QRank","-21.3353","2018-09-14_to_2019-09-15_VGPortfolio_5QRank","-20.895","2018-10-15_to_2019-10-15_VGPortfolio_5QRank","-18.2162","2018-11-14_to_2019-11-15_VGPortfolio_5QRank","-17.168","2018-12-14_to_2019-12-15_VGPortfolio_5QRank","-10.2178","2019-01-14_to_2020-01-15_VGPortfolio_5QRank","-8.049","2019-02-14_to_2020-02-15_VGPortfolio_5QRank","-8.0737","2019-03-14_to_2020-03-15_VGPortfolio_5QRank","-31.2397","2019-04-15_to_2020-04-15_VGPortfolio_5QRank","-40.1529","2019-05-14_to_2020-05-15_VGPortfolio_5QRank","-39.3706","2019-06-14_to_2020-06-15_VGPortfolio_5QRank","-40.3866","2019-07-15_to_2020-07-15_VGPortfolio_5QRank","-40.9204","2019-08-14_to_2020-08-15_VGPortfolio_5QRank","-41.2877","2019-09-16_to_2020-09-15_VGPortfolio_5QRank","-40.1866","2019-10-14_to_2020-10-15_VGPortfolio_5QRank","-39.9905","2019-11-14_to_2020-11-15_VGPortfolio_5QRank","-40.8898","2019-12-16_to_2020-12-15_VGPortfolio_5QRank","-40.6705","2020-01-14_to_2021-01-15_VGPortfolio_5QRank","-41.0736","2020-02-14_to_2021-02-15_VGPortfolio_5QRank","-41.1189","2020-03-16_to_2021-03-15_VGPortfolio_5QRank","-14.1001","2020-04-14_to_2021-04-15_VGPortfolio_5QRank","-15.2578","2020-05-14_to_2021-05-15_VGPortfolio_5QRank","-15.1461","2020-06-15_to_2021-06-15_VGPortfolio_5QRank","-8.6692","2020-07-14_to_2021-07-15_VGPortfolio_5QRank","-8.5581","2020-08-14_to_2021-08-15_VGPortfolio_5QRank","-8.7929","2020-09-14_to_2021-09-15_VGPortfolio_5QRank","-7.4996"
"24",NA,"2018-08-14_to_2019-08-15_S&P500_Index","-19.7782","2018-09-14_to_2019-09-15_S&P500_Index","-19.7782","2018-10-15_to_2019-10-15_S&P500_Index","-16.4466","2018-11-14_to_2019-11-15_S&P500_Index","-15.7424","2018-12-14_to_2019-12-15_S&P500_Index","-9.5713","2019-01-14_to_2020-01-15_S&P500_Index","-6.8362","2019-02-14_to_2020-02-15_S&P500_Index","-6.8361","2019-03-14_to_2020-03-15_S&P500_Index","-26.7416","2019-04-15_to_2020-04-15_S&P500_Index","-33.925","2019-05-14_to_2020-05-15_S&P500_Index","-33.925","2019-06-14_to_2020-06-15_S&P500_Index","-33.925","2019-07-15_to_2020-07-15_S&P500_Index","-33.925","2019-08-14_to_2020-08-15_S&P500_Index","-33.925","2019-09-16_to_2020-09-15_S&P500_Index","-33.925","2019-10-14_to_2020-10-15_S&P500_Index","-33.925","2019-11-14_to_2020-11-15_S&P500_Index","-33.925","2019-12-16_to_2020-12-15_S&P500_Index","-33.925","2020-01-14_to_2021-01-15_S&P500_Index","-33.925","2020-02-14_to_2021-02-15_S&P500_Index","-33.925","2020-03-16_to_2021-03-15_S&P500_Index","-11.5369","2020-04-14_to_2021-04-15_S&P500_Index","-9.6045","2020-05-14_to_2021-05-15_S&P500_Index","-9.6045","2020-06-15_to_2021-06-15_S&P500_Index","-9.6044","2020-07-14_to_2021-07-15_S&P500_Index","-9.6044","2020-08-14_to_2021-08-15_S&P500_Index","-9.6045","2020-09-14_to_2021-09-15_S&P500_Index","-7.4772"
