"","NA","Var.2","1 Years","2 Years","2017-2019","Var.6","1 Years","2 Years","2017-2019","Var.10","1 Years","2 Years","2018-2020","Var.14","1 Years","2 Years","2018-2020","Var.18","1 Years","2 Years","2018-2020","Var.22","1 Years","2 Years","2018-2020","Var.26","1 Years","2 Years","2018-2020","Var.30","1 Years","2 Years","2018-2020","Var.34","1 Years","2 Years","2018-2020","Var.38","1 Years","2 Years","2018-2020","Var.42","1 Years","2 Years","2018-2020","Var.46","1 Years","2 Years","2018-2020","Var.50","1 Years","2 Years","2018-2020","Var.54","1 Years","2 Years","2018-2020","Var.58","1 Years","2 Years","2019-2021","Var.62","1 Years","2 Years","2019-2021","Var.66","1 Years","2 Years","2019-2021","Var.70","1 Years","2 Years","2019-2021","Var.74","1 Years","2 Years","2019-2021","Var.78","1 Years","2 Years","2019-2021","Var.82","1 Years","2 Years","2019-2021","Var.86","1 Years","2 Years","2019-2021","Var.90","1 Years","2 Years","2019-2021"
"1",NA,"Annualized Returns",NA,NA,NA,"Annualized Returns",NA,NA,NA,"Annualized Returns",NA,NA,NA,"Annualized Returns",NA,NA,NA,"Annualized Returns",NA,NA,NA,"Annualized Returns",NA,NA,NA,"Annualized Returns",NA,NA,NA,"Annualized Returns",NA,NA,NA,"Annualized Returns",NA,NA,NA,"Annualized Returns",NA,NA,NA,"Annualized Returns",NA,NA,NA,"Annualized Returns",NA,NA,NA,"Annualized Returns",NA,NA,NA,"Annualized Returns",NA,NA,NA,"Annualized Returns",NA,NA,NA,"Annualized Returns",NA,NA,NA,"Annualized Returns",NA,NA,NA,"Annualized Returns",NA,NA,NA,"Annualized Returns",NA,NA,NA,"Annualized Returns",NA,NA,NA,"Annualized Returns",NA,NA,NA,"Annualized Returns",NA,NA,NA,"Annualized Returns",NA,NA,NA
"2",NA,"2017-11-14_to_2019-11-15_ValuePortfolio_2QRank","5.345","9.163","9.163","2017-12-14_to_2019-12-15_ValuePortfolio_2QRank","14.563","6.683","6.683","2018-01-15_to_2020-01-15_ValuePortfolio_2QRank","18.346","7.881","7.881","2018-02-14_to_2020-02-15_ValuePortfolio_2QRank","19.559","13.933","13.933","2018-03-14_to_2020-03-15_ValuePortfolio_2QRank","-6.569","0.381","0.381","2018-04-16_to_2020-04-15_ValuePortfolio_2QRank","-12.594","-3.694","-3.694","2018-05-14_to_2020-05-15_ValuePortfolio_2QRank","-14.164","-4.101","-3.835","2018-06-14_to_2020-06-15_ValuePortfolio_2QRank","-7.438","-0.82","-0.82","2018-07-16_to_2020-07-15_ValuePortfolio_2QRank","-6.532","-3.029","-3.029","2018-08-14_to_2020-08-15_ValuePortfolio_2QRank","6.984","-0.074","-0.074","2018-09-14_to_2020-09-15_ValuePortfolio_2QRank","10.006","4.566","4.566","2018-10-15_to_2020-10-15_ValuePortfolio_2QRank","14.127","10.502","10.502","2018-11-14_to_2020-11-15_ValuePortfolio_2QRank","11.135","11.629","11.629","2018-12-14_to_2020-12-15_ValuePortfolio_2QRank","14.746","18.363","18.363","2019-01-14_to_2021-01-15_ValuePortfolio_2QRank","25.841","22.921","23.104","2019-02-14_to_2021-02-15_ValuePortfolio_2QRank","28.187","17.269","17.269","2019-03-14_to_2021-03-15_ValuePortfolio_2QRank","98.764","18.19","18.19","2019-04-15_to_2021-04-15_ValuePortfolio_2QRank","72.04","15.761","15.761","2019-05-14_to_2021-05-15_ValuePortfolio_2QRank","77.48","23.766","23.766","2019-06-14_to_2021-06-15_ValuePortfolio_2QRank","61.074","24.581","24.581","2019-07-15_to_2021-07-15_ValuePortfolio_2QRank","54.524","21.25","21.25","2019-08-14_to_2021-08-15_ValuePortfolio_2QRank","64.02","36.118","36.118","2019-09-16_to_2021-09-15_ValuePortfolio_2QRank","64.143","30.461","30.461"
"3",NA,"2017-11-14_to_2019-11-15_S&P500_Index","14.623","9.58","9.58","2017-12-14_to_2019-12-15_S&P500_Index","19.52","9.333","9.333","2018-01-15_to_2020-01-15_S&P500_Index","27.125","8.564","8.564","2018-02-14_to_2020-02-15_S&P500_Index","22.554","11.831","11.831","2018-03-14_to_2020-03-15_S&P500_Index","-11.75","-5.021","-5.021","2018-04-16_to_2020-04-15_S&P500_Index","-2.048","3.097","3.097","2018-05-14_to_2020-05-15_S&P500_Index","0.054","2.568","2.213","2018-06-14_to_2020-06-15_S&P500_Index","4.245","3.882","3.882","2018-07-16_to_2020-07-15_S&P500_Index","6.078","6.903","6.903","2018-08-14_to_2020-08-15_S&P500_Index","18.758","8.988","8.988","2018-09-14_to_2020-09-15_S&P500_Index","12.899","8.248","8.248","2018-10-15_to_2020-10-15_S&P500_Index","16.457","12.616","12.616","2018-11-14_to_2020-11-15_S&P500_Index","14.317","14.443","14.443","2018-12-14_to_2020-12-15_S&P500_Index","14.331","19.753","19.753","2019-01-14_to_2021-01-15_S&P500_Index","15.391","20.585","21.197","2019-02-14_to_2021-02-15_S&P500_Index","14.015","18.516","18.516","2019-03-14_to_2021-03-15_S&P500_Index","40.552","17.181","17.181","2019-04-15_to_2021-04-15_S&P500_Index","44.925","19.146","19.146","2019-05-14_to_2021-05-15_S&P500_Index","45.833","20.454","20.454","2019-06-14_to_2021-06-15_S&P500_Index","38.883","21.413","21.413","2019-07-15_to_2021-07-15_S&P500_Index","36.803","20.465","20.465","2019-08-14_to_2021-08-15_S&P500_Index","31.964","25.354","25.354","2019-09-16_to_2021-09-15_S&P500_Index","26.302","23.283","23.283"
"4",NA,"Volatility",NA,NA,NA,"Volatility",NA,NA,NA,"Volatility",NA,NA,NA,"Volatility",NA,NA,NA,"Volatility",NA,NA,NA,"Volatility",NA,NA,NA,"Volatility",NA,NA,NA,"Volatility",NA,NA,NA,"Volatility",NA,NA,NA,"Volatility",NA,NA,NA,"Volatility",NA,NA,NA,"Volatility",NA,NA,NA,"Volatility",NA,NA,NA,"Volatility",NA,NA,NA,"Volatility",NA,NA,NA,"Volatility",NA,NA,NA,"Volatility",NA,NA,NA,"Volatility",NA,NA,NA,"Volatility",NA,NA,NA,"Volatility",NA,NA,NA,"Volatility",NA,NA,NA,"Volatility",NA,NA,NA,"Volatility",NA,NA,NA
"5",NA,"2017-11-14_to_2019-11-15_ValuePortfolio_2QRank","20.13","15.46","15.46","2017-12-14_to_2019-12-15_ValuePortfolio_2QRank","13.35","15.05","15.05","2018-01-15_to_2020-01-15_ValuePortfolio_2QRank","7.53","12.91","12.91","2018-02-14_to_2020-02-15_ValuePortfolio_2QRank","6.02","11.31","11.31","2018-03-14_to_2020-03-15_ValuePortfolio_2QRank","11.85","13.84","13.84","2018-04-16_to_2020-04-15_ValuePortfolio_2QRank","27.25","22.41","22.41","2018-05-14_to_2020-05-15_ValuePortfolio_2QRank","28.33","22.33","22.33","2018-06-14_to_2020-06-15_ValuePortfolio_2QRank","28.58","22.71","22.71","2018-07-16_to_2020-07-15_ValuePortfolio_2QRank","34.19","28.3","28.3","2018-08-14_to_2020-08-15_ValuePortfolio_2QRank","36.71","30.07","30.07","2018-09-14_to_2020-09-15_ValuePortfolio_2QRank","36.7","30.4","30.4","2018-10-15_to_2020-10-15_ValuePortfolio_2QRank","39.15","31.93","31.93","2018-11-14_to_2020-11-15_ValuePortfolio_2QRank","43.56","35.01","35.01","2018-12-14_to_2020-12-15_ValuePortfolio_2QRank","49.53","38.02","38.02","2019-01-14_to_2021-01-15_ValuePortfolio_2QRank","44.7","33.67","33.67","2019-02-14_to_2021-02-15_ValuePortfolio_2QRank","44.66","34.86","34.86","2019-03-14_to_2021-03-15_ValuePortfolio_2QRank","24.71","33.6","33.6","2019-04-15_to_2021-04-15_ValuePortfolio_2QRank","19.41","29.94","29.94","2019-05-14_to_2021-05-15_ValuePortfolio_2QRank","21.45","29.27","29.27","2019-06-14_to_2021-06-15_ValuePortfolio_2QRank","22.75","30.67","30.67","2019-07-15_to_2021-07-15_ValuePortfolio_2QRank","22.34","31.22","31.22","2019-08-14_to_2021-08-15_ValuePortfolio_2QRank","23.98","35.93","35.93","2019-09-16_to_2021-09-15_ValuePortfolio_2QRank","20.05","34.27","34.27"
"6",NA,"2017-11-14_to_2019-11-15_S&P500_Index","16.21","13.78","13.78","2017-12-14_to_2019-12-15_S&P500_Index","12.16","13.95","13.95","2018-01-15_to_2020-01-15_S&P500_Index","10.28","13.64","13.64","2018-02-14_to_2020-02-15_S&P500_Index","10.17","13.21","13.21","2018-03-14_to_2020-03-15_S&P500_Index","15.24","14.93","14.93","2018-04-16_to_2020-04-15_S&P500_Index","20.19","17.98","17.98","2018-05-14_to_2020-05-15_S&P500_Index","23.99","20.14","20.14","2018-06-14_to_2020-06-15_S&P500_Index","23.82","20.3","20.3","2018-07-16_to_2020-07-15_S&P500_Index","23.86","20.21","20.21","2018-08-14_to_2020-08-15_S&P500_Index","24.03","20.36","20.36","2018-09-14_to_2020-09-15_S&P500_Index","25.03","21","21","2018-10-15_to_2020-10-15_S&P500_Index","25.7","20.49","20.49","2018-11-14_to_2020-11-15_S&P500_Index","25.66","20.58","20.58","2018-12-14_to_2020-12-15_S&P500_Index","27.21","20.15","20.15","2019-01-14_to_2021-01-15_S&P500_Index","27.32","19.68","19.68","2019-02-14_to_2021-02-15_S&P500_Index","24.34","19.67","19.67","2019-03-14_to_2021-03-15_S&P500_Index","16.76","19.7","19.7","2019-04-15_to_2021-04-15_S&P500_Index","13.29","19.6","19.6","2019-05-14_to_2021-05-15_S&P500_Index","13.65","19.16","19.16","2019-06-14_to_2021-06-15_S&P500_Index","14.06","19.09","19.09","2019-07-15_to_2021-07-15_S&P500_Index","13.91","19.09","19.09","2019-08-14_to_2021-08-15_S&P500_Index","12.6","18.91","18.91","2019-09-16_to_2021-09-15_S&P500_Index","10.47","18.91","18.91"
"7",NA,"Tracking Error",NA,NA,NA,"Tracking Error",NA,NA,NA,"Tracking Error",NA,NA,NA,"Tracking Error",NA,NA,NA,"Tracking Error",NA,NA,NA,"Tracking Error",NA,NA,NA,"Tracking Error",NA,NA,NA,"Tracking Error",NA,NA,NA,"Tracking Error",NA,NA,NA,"Tracking Error",NA,NA,NA,"Tracking Error",NA,NA,NA,"Tracking Error",NA,NA,NA,"Tracking Error",NA,NA,NA,"Tracking Error",NA,NA,NA,"Tracking Error",NA,NA,NA,"Tracking Error",NA,NA,NA,"Tracking Error",NA,NA,NA,"Tracking Error",NA,NA,NA,"Tracking Error",NA,NA,NA,"Tracking Error",NA,NA,NA,"Tracking Error",NA,NA,NA,"Tracking Error",NA,NA,NA,"Tracking Error",NA,NA,NA
"8",NA,"2017-11-14_to_2019-11-15_ValuePortfolio_2QRank","7.41","6.64","6.64","2017-12-14_to_2019-12-15_ValuePortfolio_2QRank","6.82","6.81","6.81","2018-01-15_to_2020-01-15_ValuePortfolio_2QRank","6.93","6.88","6.88","2018-02-14_to_2020-02-15_ValuePortfolio_2QRank","8.49","7.99","7.99","2018-03-14_to_2020-03-15_ValuePortfolio_2QRank","7.62","7.05","7.05","2018-04-16_to_2020-04-15_ValuePortfolio_2QRank","11.21","9.02","9.02","2018-05-14_to_2020-05-15_ValuePortfolio_2QRank","8.18","7.61","7.61","2018-06-14_to_2020-06-15_ValuePortfolio_2QRank","9.21","7.74","7.74","2018-07-16_to_2020-07-15_ValuePortfolio_2QRank","13.85","11.25","11.25","2018-08-14_to_2020-08-15_ValuePortfolio_2QRank","15.66","12.48","12.48","2018-09-14_to_2020-09-15_ValuePortfolio_2QRank","15.13","12.39","12.39","2018-10-15_to_2020-10-15_ValuePortfolio_2QRank","16.9","14.06","14.06","2018-11-14_to_2020-11-15_ValuePortfolio_2QRank","21.86","17.66","17.66","2018-12-14_to_2020-12-15_ValuePortfolio_2QRank","25.9","20.71","20.71","2019-01-14_to_2021-01-15_ValuePortfolio_2QRank","20.07","16.74","16.74","2019-02-14_to_2021-02-15_ValuePortfolio_2QRank","22.03","17.78","17.78","2019-03-14_to_2021-03-15_ValuePortfolio_2QRank","12.11","16.96","16.96","2019-04-15_to_2021-04-15_ValuePortfolio_2QRank","11.24","13.74","13.74","2019-05-14_to_2021-05-15_ValuePortfolio_2QRank","11.43","13.47","13.47","2019-06-14_to_2021-06-15_ValuePortfolio_2QRank","13.19","15.31","15.31","2019-07-15_to_2021-07-15_ValuePortfolio_2QRank","13.04","15.88","15.88","2019-08-14_to_2021-08-15_ValuePortfolio_2QRank","16.82","20.95","20.95","2019-09-16_to_2021-09-15_ValuePortfolio_2QRank","14.23","18.83","18.83"
"9",NA,"2017-11-14_to_2019-11-15_S&P500_Index","-","-","-","2017-12-14_to_2019-12-15_S&P500_Index","-","-","-","2018-01-15_to_2020-01-15_S&P500_Index","-","-","-","2018-02-14_to_2020-02-15_S&P500_Index","-","-","-","2018-03-14_to_2020-03-15_S&P500_Index","-","-","-","2018-04-16_to_2020-04-15_S&P500_Index","-","-","-","2018-05-14_to_2020-05-15_S&P500_Index","-","-","-","2018-06-14_to_2020-06-15_S&P500_Index","-","-","-","2018-07-16_to_2020-07-15_S&P500_Index","-","-","-","2018-08-14_to_2020-08-15_S&P500_Index","-","-","-","2018-09-14_to_2020-09-15_S&P500_Index","-","-","-","2018-10-15_to_2020-10-15_S&P500_Index","-","-","-","2018-11-14_to_2020-11-15_S&P500_Index","-","-","-","2018-12-14_to_2020-12-15_S&P500_Index","-","-","-","2019-01-14_to_2021-01-15_S&P500_Index","-","-","-","2019-02-14_to_2021-02-15_S&P500_Index","-","-","-","2019-03-14_to_2021-03-15_S&P500_Index","-","-","-","2019-04-15_to_2021-04-15_S&P500_Index","-","-","-","2019-05-14_to_2021-05-15_S&P500_Index","-","-","-","2019-06-14_to_2021-06-15_S&P500_Index","-","-","-","2019-07-15_to_2021-07-15_S&P500_Index","-","-","-","2019-08-14_to_2021-08-15_S&P500_Index","-","-","-","2019-09-16_to_2021-09-15_S&P500_Index","-","-","-"
"10",NA,"Information Ratio",NA,NA,NA,"Information Ratio",NA,NA,NA,"Information Ratio",NA,NA,NA,"Information Ratio",NA,NA,NA,"Information Ratio",NA,NA,NA,"Information Ratio",NA,NA,NA,"Information Ratio",NA,NA,NA,"Information Ratio",NA,NA,NA,"Information Ratio",NA,NA,NA,"Information Ratio",NA,NA,NA,"Information Ratio",NA,NA,NA,"Information Ratio",NA,NA,NA,"Information Ratio",NA,NA,NA,"Information Ratio",NA,NA,NA,"Information Ratio",NA,NA,NA,"Information Ratio",NA,NA,NA,"Information Ratio",NA,NA,NA,"Information Ratio",NA,NA,NA,"Information Ratio",NA,NA,NA,"Information Ratio",NA,NA,NA,"Information Ratio",NA,NA,NA,"Information Ratio",NA,NA,NA,"Information Ratio",NA,NA,NA
"11",NA,"2017-11-14_to_2019-11-15_ValuePortfolio_2QRank","-1.25","-0.06","-0.06","2017-12-14_to_2019-12-15_ValuePortfolio_2QRank","-0.73","-0.39","-0.39","2018-01-15_to_2020-01-15_ValuePortfolio_2QRank","-1.27","-0.1","-0.1","2018-02-14_to_2020-02-15_ValuePortfolio_2QRank","-0.35","0.26","0.26","2018-03-14_to_2020-03-15_ValuePortfolio_2QRank","0.68","0.77","0.77","2018-04-16_to_2020-04-15_ValuePortfolio_2QRank","-0.94","-0.75","-0.75","2018-05-14_to_2020-05-15_ValuePortfolio_2QRank","-1.74","-0.88","-0.79","2018-06-14_to_2020-06-15_ValuePortfolio_2QRank","-1.27","-0.61","-0.61","2018-07-16_to_2020-07-15_ValuePortfolio_2QRank","-0.91","-0.88","-0.88","2018-08-14_to_2020-08-15_ValuePortfolio_2QRank","-0.75","-0.73","-0.73","2018-09-14_to_2020-09-15_ValuePortfolio_2QRank","-0.19","-0.3","-0.3","2018-10-15_to_2020-10-15_ValuePortfolio_2QRank","-0.14","-0.15","-0.15","2018-11-14_to_2020-11-15_ValuePortfolio_2QRank","-0.15","-0.16","-0.16","2018-12-14_to_2020-12-15_ValuePortfolio_2QRank","0.02","-0.07","-0.07","2019-01-14_to_2021-01-15_ValuePortfolio_2QRank","0.52","0.14","0.11","2019-02-14_to_2021-02-15_ValuePortfolio_2QRank","0.64","-0.07","-0.07","2019-03-14_to_2021-03-15_ValuePortfolio_2QRank","4.81","0.06","0.06","2019-04-15_to_2021-04-15_ValuePortfolio_2QRank","2.41","-0.25","-0.25","2019-05-14_to_2021-05-15_ValuePortfolio_2QRank","2.77","0.25","0.25","2019-06-14_to_2021-06-15_ValuePortfolio_2QRank","1.68","0.21","0.21","2019-07-15_to_2021-07-15_ValuePortfolio_2QRank","1.36","0.05","0.05","2019-08-14_to_2021-08-15_ValuePortfolio_2QRank","1.91","0.51","0.51","2019-09-16_to_2021-09-15_ValuePortfolio_2QRank","2.66","0.38","0.38"
"12",NA,"2017-11-14_to_2019-11-15_S&P500_Index","-","-","-","2017-12-14_to_2019-12-15_S&P500_Index","-","-","-","2018-01-15_to_2020-01-15_S&P500_Index","-","-","-","2018-02-14_to_2020-02-15_S&P500_Index","-","-","-","2018-03-14_to_2020-03-15_S&P500_Index","-","-","-","2018-04-16_to_2020-04-15_S&P500_Index","-","-","-","2018-05-14_to_2020-05-15_S&P500_Index","-","-","-","2018-06-14_to_2020-06-15_S&P500_Index","-","-","-","2018-07-16_to_2020-07-15_S&P500_Index","-","-","-","2018-08-14_to_2020-08-15_S&P500_Index","-","-","-","2018-09-14_to_2020-09-15_S&P500_Index","-","-","-","2018-10-15_to_2020-10-15_S&P500_Index","-","-","-","2018-11-14_to_2020-11-15_S&P500_Index","-","-","-","2018-12-14_to_2020-12-15_S&P500_Index","-","-","-","2019-01-14_to_2021-01-15_S&P500_Index","-","-","-","2019-02-14_to_2021-02-15_S&P500_Index","-","-","-","2019-03-14_to_2021-03-15_S&P500_Index","-","-","-","2019-04-15_to_2021-04-15_S&P500_Index","-","-","-","2019-05-14_to_2021-05-15_S&P500_Index","-","-","-","2019-06-14_to_2021-06-15_S&P500_Index","-","-","-","2019-07-15_to_2021-07-15_S&P500_Index","-","-","-","2019-08-14_to_2021-08-15_S&P500_Index","-","-","-","2019-09-16_to_2021-09-15_S&P500_Index","-","-","-"
"13",NA,"Alpha Stat",NA,NA,NA,"Alpha Stat",NA,NA,NA,"Alpha Stat",NA,NA,NA,"Alpha Stat",NA,NA,NA,"Alpha Stat",NA,NA,NA,"Alpha Stat",NA,NA,NA,"Alpha Stat",NA,NA,NA,"Alpha Stat",NA,NA,NA,"Alpha Stat",NA,NA,NA,"Alpha Stat",NA,NA,NA,"Alpha Stat",NA,NA,NA,"Alpha Stat",NA,NA,NA,"Alpha Stat",NA,NA,NA,"Alpha Stat",NA,NA,NA,"Alpha Stat",NA,NA,NA,"Alpha Stat",NA,NA,NA,"Alpha Stat",NA,NA,NA,"Alpha Stat",NA,NA,NA,"Alpha Stat",NA,NA,NA,"Alpha Stat",NA,NA,NA,"Alpha Stat",NA,NA,NA,"Alpha Stat",NA,NA,NA,"Alpha Stat",NA,NA,NA
"14",NA,"2017-11-14_to_2019-11-15_ValuePortfolio_2QRank","-0.83","-0.15","-0.15","2017-12-14_to_2019-12-15_ValuePortfolio_2QRank","-0.07","-0.12","-0.12","2018-01-15_to_2020-01-15_ValuePortfolio_2QRank","0.19","0.12","0.12","2018-02-14_to_2020-02-15_ValuePortfolio_2QRank","0.64","0.5","0.5","2018-03-14_to_2020-03-15_ValuePortfolio_2QRank","-0.17","0.08","0.08","2018-04-16_to_2020-04-15_ValuePortfolio_2QRank","-0.76","-0.64","-0.64","2018-05-14_to_2020-05-15_ValuePortfolio_2QRank","-1.27","-0.6","-0.6","2018-06-14_to_2020-06-15_ValuePortfolio_2QRank","-1.01","-0.5","-0.5","2018-07-16_to_2020-07-15_ValuePortfolio_2QRank","-1.08","-0.93","-0.93","2018-08-14_to_2020-08-15_ValuePortfolio_2QRank","-1.18","-0.85","-0.85","2018-09-14_to_2020-09-15_ValuePortfolio_2QRank","-0.47","-0.41","-0.41","2018-10-15_to_2020-10-15_ValuePortfolio_2QRank","-0.71","-0.55","-0.55","2018-11-14_to_2020-11-15_ValuePortfolio_2QRank","-0.46","-0.62","-0.62","2018-12-14_to_2020-12-15_ValuePortfolio_2QRank","-0.38","-1.05","-1.05","2019-01-14_to_2021-01-15_ValuePortfolio_2QRank","0.54","-0.75","-0.75","2019-02-14_to_2021-02-15_ValuePortfolio_2QRank","-0.82","-1.13","-1.13","2019-03-14_to_2021-03-15_ValuePortfolio_2QRank","1.49","-0.75","-0.75","2019-04-15_to_2021-04-15_ValuePortfolio_2QRank","1.13","-0.5","-0.5","2019-05-14_to_2021-05-15_ValuePortfolio_2QRank","0.31","-0.27","-0.27","2019-06-14_to_2021-06-15_ValuePortfolio_2QRank","0.83","-0.34","-0.34","2019-07-15_to_2021-07-15_ValuePortfolio_2QRank","1.03","-0.27","-0.27","2019-08-14_to_2021-08-15_ValuePortfolio_2QRank","1.08","-0.28","-0.28","2019-09-16_to_2021-09-15_ValuePortfolio_2QRank","1.05","-0.29","-0.29"
"15",NA,"2017-11-14_to_2019-11-15_S&P500_Index","-","-","-","2017-12-14_to_2019-12-15_S&P500_Index","-","-","-","2018-01-15_to_2020-01-15_S&P500_Index","-","-","-","2018-02-14_to_2020-02-15_S&P500_Index","-","-","-","2018-03-14_to_2020-03-15_S&P500_Index","-","-","-","2018-04-16_to_2020-04-15_S&P500_Index","-","-","-","2018-05-14_to_2020-05-15_S&P500_Index","-","-","-","2018-06-14_to_2020-06-15_S&P500_Index","-","-","-","2018-07-16_to_2020-07-15_S&P500_Index","-","-","-","2018-08-14_to_2020-08-15_S&P500_Index","-","-","-","2018-09-14_to_2020-09-15_S&P500_Index","-","-","-","2018-10-15_to_2020-10-15_S&P500_Index","-","-","-","2018-11-14_to_2020-11-15_S&P500_Index","-","-","-","2018-12-14_to_2020-12-15_S&P500_Index","-","-","-","2019-01-14_to_2021-01-15_S&P500_Index","-","-","-","2019-02-14_to_2021-02-15_S&P500_Index","-","-","-","2019-03-14_to_2021-03-15_S&P500_Index","-","-","-","2019-04-15_to_2021-04-15_S&P500_Index","-","-","-","2019-05-14_to_2021-05-15_S&P500_Index","-","-","-","2019-06-14_to_2021-06-15_S&P500_Index","-","-","-","2019-07-15_to_2021-07-15_S&P500_Index","-","-","-","2019-08-14_to_2021-08-15_S&P500_Index","-","-","-","2019-09-16_to_2021-09-15_S&P500_Index","-","-","-"
"16",NA,"Beta Stat",NA,NA,NA,"Beta Stat",NA,NA,NA,"Beta Stat",NA,NA,NA,"Beta Stat",NA,NA,NA,"Beta Stat",NA,NA,NA,"Beta Stat",NA,NA,NA,"Beta Stat",NA,NA,NA,"Beta Stat",NA,NA,NA,"Beta Stat",NA,NA,NA,"Beta Stat",NA,NA,NA,"Beta Stat",NA,NA,NA,"Beta Stat",NA,NA,NA,"Beta Stat",NA,NA,NA,"Beta Stat",NA,NA,NA,"Beta Stat",NA,NA,NA,"Beta Stat",NA,NA,NA,"Beta Stat",NA,NA,NA,"Beta Stat",NA,NA,NA,"Beta Stat",NA,NA,NA,"Beta Stat",NA,NA,NA,"Beta Stat",NA,NA,NA,"Beta Stat",NA,NA,NA,"Beta Stat",NA,NA,NA
"17",NA,"2017-11-14_to_2019-11-15_ValuePortfolio_2QRank","1.17","1.01","1.01","2017-12-14_to_2019-12-15_ValuePortfolio_2QRank","0.95","0.96","0.96","2018-01-15_to_2020-01-15_ValuePortfolio_2QRank","0.54","0.82","0.82","2018-02-14_to_2020-02-15_ValuePortfolio_2QRank","0.33","0.68","0.68","2018-03-14_to_2020-03-15_ValuePortfolio_2QRank","0.68","0.82","0.82","2018-04-16_to_2020-04-15_ValuePortfolio_2QRank","1.26","1.15","1.15","2018-05-14_to_2020-05-15_ValuePortfolio_2QRank","1.14","1.04","1.04","2018-06-14_to_2020-06-15_ValuePortfolio_2QRank","1.14","1.05","1.05","2018-07-16_to_2020-07-15_ValuePortfolio_2QRank","1.36","1.33","1.33","2018-08-14_to_2020-08-15_ValuePortfolio_2QRank","1.45","1.4","1.4","2018-09-14_to_2020-09-15_ValuePortfolio_2QRank","1.39","1.37","1.37","2018-10-15_to_2020-10-15_ValuePortfolio_2QRank","1.44","1.48","1.48","2018-11-14_to_2020-11-15_ValuePortfolio_2QRank","1.58","1.58","1.58","2018-12-14_to_2020-12-15_ValuePortfolio_2QRank","1.7","1.75","1.75","2019-01-14_to_2021-01-15_ValuePortfolio_2QRank","1.57","1.6","1.6","2019-02-14_to_2021-02-15_ValuePortfolio_2QRank","1.77","1.66","1.66","2019-03-14_to_2021-03-15_ValuePortfolio_2QRank","1.33","1.58","1.58","2019-04-15_to_2021-04-15_ValuePortfolio_2QRank","1.21","1.42","1.42","2019-05-14_to_2021-05-15_ValuePortfolio_2QRank","1.39","1.42","1.42","2019-06-14_to_2021-06-15_ValuePortfolio_2QRank","1.37","1.47","1.47","2019-07-15_to_2021-07-15_ValuePortfolio_2QRank","1.35","1.49","1.49","2019-08-14_to_2021-08-15_ValuePortfolio_2QRank","1.42","1.69","1.69","2019-09-16_to_2021-09-15_ValuePortfolio_2QRank","1.41","1.65","1.65"
"18",NA,"2017-11-14_to_2019-11-15_S&P500_Index","-","-","-","2017-12-14_to_2019-12-15_S&P500_Index","-","-","-","2018-01-15_to_2020-01-15_S&P500_Index","-","-","-","2018-02-14_to_2020-02-15_S&P500_Index","-","-","-","2018-03-14_to_2020-03-15_S&P500_Index","-","-","-","2018-04-16_to_2020-04-15_S&P500_Index","-","-","-","2018-05-14_to_2020-05-15_S&P500_Index","-","-","-","2018-06-14_to_2020-06-15_S&P500_Index","-","-","-","2018-07-16_to_2020-07-15_S&P500_Index","-","-","-","2018-08-14_to_2020-08-15_S&P500_Index","-","-","-","2018-09-14_to_2020-09-15_S&P500_Index","-","-","-","2018-10-15_to_2020-10-15_S&P500_Index","-","-","-","2018-11-14_to_2020-11-15_S&P500_Index","-","-","-","2018-12-14_to_2020-12-15_S&P500_Index","-","-","-","2019-01-14_to_2021-01-15_S&P500_Index","-","-","-","2019-02-14_to_2021-02-15_S&P500_Index","-","-","-","2019-03-14_to_2021-03-15_S&P500_Index","-","-","-","2019-04-15_to_2021-04-15_S&P500_Index","-","-","-","2019-05-14_to_2021-05-15_S&P500_Index","-","-","-","2019-06-14_to_2021-06-15_S&P500_Index","-","-","-","2019-07-15_to_2021-07-15_S&P500_Index","-","-","-","2019-08-14_to_2021-08-15_S&P500_Index","-","-","-","2019-09-16_to_2021-09-15_S&P500_Index","-","-","-"
"19",NA,"R-Squared",NA,NA,NA,"R-Squared",NA,NA,NA,"R-Squared",NA,NA,NA,"R-Squared",NA,NA,NA,"R-Squared",NA,NA,NA,"R-Squared",NA,NA,NA,"R-Squared",NA,NA,NA,"R-Squared",NA,NA,NA,"R-Squared",NA,NA,NA,"R-Squared",NA,NA,NA,"R-Squared",NA,NA,NA,"R-Squared",NA,NA,NA,"R-Squared",NA,NA,NA,"R-Squared",NA,NA,NA,"R-Squared",NA,NA,NA,"R-Squared",NA,NA,NA,"R-Squared",NA,NA,NA,"R-Squared",NA,NA,NA,"R-Squared",NA,NA,NA,"R-Squared",NA,NA,NA,"R-Squared",NA,NA,NA,"R-Squared",NA,NA,NA,"R-Squared",NA,NA,NA
"20",NA,"2017-11-14_to_2019-11-15_ValuePortfolio_2QRank","86.95","80.69","80.69","2017-12-14_to_2019-12-15_ValuePortfolio_2QRank","71.33","78.66","78.66","2018-01-15_to_2020-01-15_ValuePortfolio_2QRank","49.43","74","74","2018-02-14_to_2020-02-15_ValuePortfolio_2QRank","22.79","62.01","62.01","2018-03-14_to_2020-03-15_ValuePortfolio_2QRank","73.23","76.87","76.87","2018-04-16_to_2020-04-15_ValuePortfolio_2QRank","85.21","84.59","84.59","2018-05-14_to_2020-05-15_ValuePortfolio_2QRank","92.28","88","88","2018-06-14_to_2020-06-15_ValuePortfolio_2QRank","90.07","88.08","88.08","2018-07-16_to_2020-07-15_ValuePortfolio_2QRank","88.72","89.09","89.09","2018-08-14_to_2020-08-15_ValuePortfolio_2QRank","89.59","89.76","89.76","2018-09-14_to_2020-09-15_ValuePortfolio_2QRank","89.08","89.57","89.57","2018-10-15_to_2020-10-15_ValuePortfolio_2QRank","88.72","89.57","89.57","2018-11-14_to_2020-11-15_ValuePortfolio_2QRank","84.88","85.45","85.45","2018-12-14_to_2020-12-15_ValuePortfolio_2QRank","86.23","85.53","85.53","2019-01-14_to_2021-01-15_ValuePortfolio_2QRank","91.01","87.05","87.05","2019-02-14_to_2021-02-15_ValuePortfolio_2QRank","92.7","87.35","87.35","2019-03-14_to_2021-03-15_ValuePortfolio_2QRank","78.73","85.61","85.61","2019-04-15_to_2021-04-15_ValuePortfolio_2QRank","65.07","85.88","85.88","2019-05-14_to_2021-05-15_ValuePortfolio_2QRank","75.13","85.71","85.71","2019-06-14_to_2021-06-15_ValuePortfolio_2QRank","68.42","82.8","82.8","2019-07-15_to_2021-07-15_ValuePortfolio_2QRank","67.4","82.34","82.34","2019-08-14_to_2021-08-15_ValuePortfolio_2QRank","50.71","78.23","78.23","2019-09-16_to_2021-09-15_ValuePortfolio_2QRank","49.09","81.7","81.7"
"21",NA,"2017-11-14_to_2019-11-15_S&P500_Index","-","-","-","2017-12-14_to_2019-12-15_S&P500_Index","-","-","-","2018-01-15_to_2020-01-15_S&P500_Index","-","-","-","2018-02-14_to_2020-02-15_S&P500_Index","-","-","-","2018-03-14_to_2020-03-15_S&P500_Index","-","-","-","2018-04-16_to_2020-04-15_S&P500_Index","-","-","-","2018-05-14_to_2020-05-15_S&P500_Index","-","-","-","2018-06-14_to_2020-06-15_S&P500_Index","-","-","-","2018-07-16_to_2020-07-15_S&P500_Index","-","-","-","2018-08-14_to_2020-08-15_S&P500_Index","-","-","-","2018-09-14_to_2020-09-15_S&P500_Index","-","-","-","2018-10-15_to_2020-10-15_S&P500_Index","-","-","-","2018-11-14_to_2020-11-15_S&P500_Index","-","-","-","2018-12-14_to_2020-12-15_S&P500_Index","-","-","-","2019-01-14_to_2021-01-15_S&P500_Index","-","-","-","2019-02-14_to_2021-02-15_S&P500_Index","-","-","-","2019-03-14_to_2021-03-15_S&P500_Index","-","-","-","2019-04-15_to_2021-04-15_S&P500_Index","-","-","-","2019-05-14_to_2021-05-15_S&P500_Index","-","-","-","2019-06-14_to_2021-06-15_S&P500_Index","-","-","-","2019-07-15_to_2021-07-15_S&P500_Index","-","-","-","2019-08-14_to_2021-08-15_S&P500_Index","-","-","-","2019-09-16_to_2021-09-15_S&P500_Index","-","-","-"
"22",NA,"Max Drawdown",NA,NA,NA,"Max Drawdown",NA,NA,NA,"Max Drawdown",NA,NA,NA,"Max Drawdown",NA,NA,NA,"Max Drawdown",NA,NA,NA,"Max Drawdown",NA,NA,NA,"Max Drawdown",NA,NA,NA,"Max Drawdown",NA,NA,NA,"Max Drawdown",NA,NA,NA,"Max Drawdown",NA,NA,NA,"Max Drawdown",NA,NA,NA,"Max Drawdown",NA,NA,NA,"Max Drawdown",NA,NA,NA,"Max Drawdown",NA,NA,NA,"Max Drawdown",NA,NA,NA,"Max Drawdown",NA,NA,NA,"Max Drawdown",NA,NA,NA,"Max Drawdown",NA,NA,NA,"Max Drawdown",NA,NA,NA,"Max Drawdown",NA,NA,NA,"Max Drawdown",NA,NA,NA,"Max Drawdown",NA,NA,NA,"Max Drawdown",NA,NA,NA
"23",NA,"2017-11-14_to_2019-11-15_ValuePortfolio_2QRank","-16.262","-20.1823","-20.1823","2017-12-14_to_2019-12-15_ValuePortfolio_2QRank","-11.8855","-21.0715","-21.0715","2018-01-15_to_2020-01-15_ValuePortfolio_2QRank","-4.2272","-16.7965","-16.7965","2018-02-14_to_2020-02-15_ValuePortfolio_2QRank","-3.3328","-14.2014","-14.2014","2018-03-14_to_2020-03-15_ValuePortfolio_2QRank","-25.6741","-25.6741","-25.6741","2018-04-16_to_2020-04-15_ValuePortfolio_2QRank","-37.6547","-37.6547","-37.6547","2018-05-14_to_2020-05-15_ValuePortfolio_2QRank","-34.571","-34.571","-34.571","2018-06-14_to_2020-06-15_ValuePortfolio_2QRank","-33.9783","-33.9783","-33.9783","2018-07-16_to_2020-07-15_ValuePortfolio_2QRank","-39.0608","-39.0608","-39.0608","2018-08-14_to_2020-08-15_ValuePortfolio_2QRank","-40.2928","-40.2928","-40.2928","2018-09-14_to_2020-09-15_ValuePortfolio_2QRank","-38.0501","-38.0501","-38.0501","2018-10-15_to_2020-10-15_ValuePortfolio_2QRank","-40.5018","-40.5018","-40.5018","2018-11-14_to_2020-11-15_ValuePortfolio_2QRank","-43.9247","-43.9247","-43.9247","2018-12-14_to_2020-12-15_ValuePortfolio_2QRank","-45.7817","-45.7817","-45.7817","2019-01-14_to_2021-01-15_ValuePortfolio_2QRank","-42.2613","-42.2613","-42.2613","2019-02-14_to_2021-02-15_ValuePortfolio_2QRank","-42.1879","-42.9884","-42.9884","2019-03-14_to_2021-03-15_ValuePortfolio_2QRank","-18.1646","-43.0885","-43.0885","2019-04-15_to_2021-04-15_ValuePortfolio_2QRank","-10.4665","-39.5718","-39.5718","2019-05-14_to_2021-05-15_ValuePortfolio_2QRank","-9.1263","-37.3631","-37.3631","2019-06-14_to_2021-06-15_ValuePortfolio_2QRank","-8.2834","-39.3973","-39.3973","2019-07-15_to_2021-07-15_ValuePortfolio_2QRank","-7.7486","-39.3969","-39.3969","2019-08-14_to_2021-08-15_ValuePortfolio_2QRank","-7.6943","-44.9328","-44.9328","2019-09-16_to_2021-09-15_ValuePortfolio_2QRank","-7.0874","-43.0282","-43.0282"
"24",NA,"2017-11-14_to_2019-11-15_S&P500_Index","-15.7424","-19.7782","-19.7782","2017-12-14_to_2019-12-15_S&P500_Index","-11.3151","-19.7782","-19.7782","2018-01-15_to_2020-01-15_S&P500_Index","-6.8361","-19.7782","-19.7782","2018-02-14_to_2020-02-15_S&P500_Index","-6.8361","-19.7782","-19.7782","2018-03-14_to_2020-03-15_S&P500_Index","-26.7416","-26.7416","-26.7416","2018-04-16_to_2020-04-15_S&P500_Index","-33.925","-33.925","-33.925","2018-05-14_to_2020-05-15_S&P500_Index","-33.925","-33.925","-33.925","2018-06-14_to_2020-06-15_S&P500_Index","-33.925","-33.925","-33.925","2018-07-16_to_2020-07-15_S&P500_Index","-33.925","-33.925","-33.925","2018-08-14_to_2020-08-15_S&P500_Index","-33.925","-33.925","-33.925","2018-09-14_to_2020-09-15_S&P500_Index","-33.925","-33.925","-33.925","2018-10-15_to_2020-10-15_S&P500_Index","-33.925","-33.925","-33.925","2018-11-14_to_2020-11-15_S&P500_Index","-33.925","-33.925","-33.925","2018-12-14_to_2020-12-15_S&P500_Index","-33.925","-33.925","-33.925","2019-01-14_to_2021-01-15_S&P500_Index","-33.925","-33.925","-33.925","2019-02-14_to_2021-02-15_S&P500_Index","-33.925","-33.925","-33.925","2019-03-14_to_2021-03-15_S&P500_Index","-18.3842","-33.925","-33.925","2019-04-15_to_2021-04-15_S&P500_Index","-9.6044","-33.925","-33.925","2019-05-14_to_2021-05-15_S&P500_Index","-9.6044","-33.925","-33.925","2019-06-14_to_2021-06-15_S&P500_Index","-9.6045","-33.925","-33.925","2019-07-15_to_2021-07-15_S&P500_Index","-9.6045","-33.925","-33.925","2019-08-14_to_2021-08-15_S&P500_Index","-9.6044","-33.925","-33.925","2019-09-16_to_2021-09-15_S&P500_Index","-9.6045","-33.925","-33.925"
