"","NA","Var.2","1 Years","2 Years","2018-2020","Var.6","1 Years","2 Years","2018-2020","Var.10","1 Years","2 Years","2018-2020","Var.14","1 Years","2 Years","2018-2020","Var.18","1 Years","2 Years","2018-2020","Var.22","1 Years","2 Years","2019-2021","Var.26","1 Years","2 Years","2019-2021","Var.30","1 Years","2 Years","2019-2021","Var.34","1 Years","2 Years","2019-2021","Var.38","1 Years","2 Years","2019-2021","Var.42","1 Years","2 Years","2019-2021","Var.46","1 Years","2 Years","2019-2021","Var.50","1 Years","2 Years","2019-2021","Var.54","1 Years","2 Years","2019-2021"
"1",NA,"Annualized Returns",NA,NA,NA,"Annualized Returns",NA,NA,NA,"Annualized Returns",NA,NA,NA,"Annualized Returns",NA,NA,NA,"Annualized Returns",NA,NA,NA,"Annualized Returns",NA,NA,NA,"Annualized Returns",NA,NA,NA,"Annualized Returns",NA,NA,NA,"Annualized Returns",NA,NA,NA,"Annualized Returns",NA,NA,NA,"Annualized Returns",NA,NA,NA,"Annualized Returns",NA,NA,NA,"Annualized Returns",NA,NA,NA,"Annualized Returns",NA,NA,NA
"2",NA,"2018-08-14_to_2020-08-15_GrowthPortfolio_5QRank","36.434","21.24","20.341","2018-09-14_to_2020-09-15_GrowthPortfolio_5QRank","35.411","20.072","19.168","2018-10-15_to_2020-10-15_GrowthPortfolio_5QRank","44.665","24.472","26.11","2018-11-14_to_2020-11-15_GrowthPortfolio_5QRank","41.841","29.459","29.459","2018-12-14_to_2020-12-15_GrowthPortfolio_5QRank","44.698","37.45","35.255","2019-01-14_to_2021-01-15_GrowthPortfolio_5QRank","44.611","37.329","38.242","2019-02-14_to_2021-02-15_GrowthPortfolio_5QRank","45.1","34.125","34.661","2019-03-14_to_2021-03-15_GrowthPortfolio_5QRank","97.03","29.092","29.291","2019-04-15_to_2021-04-15_GrowthPortfolio_5QRank","63.438","30.112","29.586","2019-05-14_to_2021-05-15_GrowthPortfolio_5QRank","46","25.316","25.66","2019-06-14_to_2021-06-15_GrowthPortfolio_5QRank","44.671","26.141","25.93","2019-07-15_to_2021-07-15_GrowthPortfolio_5QRank","47.317","27.684","27.527","2019-08-14_to_2021-08-15_GrowthPortfolio_5QRank","36.158","29.432","29.432","2019-09-16_to_2021-09-15_GrowthPortfolio_5QRank","42.726","29.899","29.899"
"3",NA,"2018-08-14_to_2020-08-15_S&P500_Index","18.445","9.396","8.966","2018-09-14_to_2020-09-15_S&P500_Index","13.45","8.519","8.181","2018-10-15_to_2020-10-15_S&P500_Index","16.512","11.34","12.512","2018-11-14_to_2020-11-15_S&P500_Index","15.776","15.198","15.198","2018-12-14_to_2020-12-15_S&P500_Index","15.766","20.496","19.15","2019-01-14_to_2021-01-15_S&P500_Index","13.611","20.017","20.73","2019-02-14_to_2021-02-15_S&P500_Index","14.032","17.795","18.406","2019-03-14_to_2021-03-15_S&P500_Index","61.691","16.814","17.079","2019-04-15_to_2021-04-15_S&P500_Index","49.834","19.774","19.775","2019-05-14_to_2021-05-15_S&P500_Index","46.323","20.997","21.317","2019-06-14_to_2021-06-15_S&P500_Index","38.479","21.258","21.219","2019-07-15_to_2021-07-15_S&P500_Index","35.129","20.474","20.238","2019-08-14_to_2021-08-15_S&P500_Index","32.447","25.416","25.416","2019-09-16_to_2021-09-15_S&P500_Index","32.074","23.14","23.14"
"4",NA,"Volatility",NA,NA,NA,"Volatility",NA,NA,NA,"Volatility",NA,NA,NA,"Volatility",NA,NA,NA,"Volatility",NA,NA,NA,"Volatility",NA,NA,NA,"Volatility",NA,NA,NA,"Volatility",NA,NA,NA,"Volatility",NA,NA,NA,"Volatility",NA,NA,NA,"Volatility",NA,NA,NA,"Volatility",NA,NA,NA,"Volatility",NA,NA,NA,"Volatility",NA,NA,NA
"5",NA,"2018-08-14_to_2020-08-15_GrowthPortfolio_5QRank","29.46","25.62","25.62","2018-09-14_to_2020-09-15_GrowthPortfolio_5QRank","30.46","26.74","26.74","2018-10-15_to_2020-10-15_GrowthPortfolio_5QRank","31.26","25.16","25.16","2018-11-14_to_2020-11-15_GrowthPortfolio_5QRank","29.28","23.73","23.73","2018-12-14_to_2020-12-15_GrowthPortfolio_5QRank","30.67","22.79","22.79","2019-01-14_to_2021-01-15_GrowthPortfolio_5QRank","30.56","22.33","22.33","2019-02-14_to_2021-02-15_GrowthPortfolio_5QRank","30.76","23.12","23.12","2019-03-14_to_2021-03-15_GrowthPortfolio_5QRank","21.95","23.21","23.21","2019-04-15_to_2021-04-15_GrowthPortfolio_5QRank","17.22","20.95","20.95","2019-05-14_to_2021-05-15_GrowthPortfolio_5QRank","14.52","20.15","20.15","2019-06-14_to_2021-06-15_GrowthPortfolio_5QRank","14.21","19.55","19.55","2019-07-15_to_2021-07-15_GrowthPortfolio_5QRank","15.07","20.66","20.66","2019-08-14_to_2021-08-15_GrowthPortfolio_5QRank","13.63","19","19","2019-09-16_to_2021-09-15_GrowthPortfolio_5QRank","12.74","18.49","18.49"
"6",NA,"2018-08-14_to_2020-08-15_S&P500_Index","23.31","20.62","20.62","2018-09-14_to_2020-09-15_S&P500_Index","24.08","21.11","21.11","2018-10-15_to_2020-10-15_S&P500_Index","24.78","20.6","20.6","2018-11-14_to_2020-11-15_S&P500_Index","24.95","20.78","20.78","2018-12-14_to_2020-12-15_S&P500_Index","27.08","20.49","20.49","2019-01-14_to_2021-01-15_S&P500_Index","27.13","20.03","20.03","2019-02-14_to_2021-02-15_S&P500_Index","24.53","20.01","20.01","2019-03-14_to_2021-03-15_S&P500_Index","17.78","20.05","20.05","2019-04-15_to_2021-04-15_S&P500_Index","14.57","20","20","2019-05-14_to_2021-05-15_S&P500_Index","14.69","19.21","19.21","2019-06-14_to_2021-06-15_S&P500_Index","14.87","18.87","18.87","2019-07-15_to_2021-07-15_S&P500_Index","14.57","18.87","18.87","2019-08-14_to_2021-08-15_S&P500_Index","13.66","18.68","18.68","2019-09-16_to_2021-09-15_S&P500_Index","11.73","18.7","18.7"
"7",NA,"Tracking Error",NA,NA,NA,"Tracking Error",NA,NA,NA,"Tracking Error",NA,NA,NA,"Tracking Error",NA,NA,NA,"Tracking Error",NA,NA,NA,"Tracking Error",NA,NA,NA,"Tracking Error",NA,NA,NA,"Tracking Error",NA,NA,NA,"Tracking Error",NA,NA,NA,"Tracking Error",NA,NA,NA,"Tracking Error",NA,NA,NA,"Tracking Error",NA,NA,NA,"Tracking Error",NA,NA,NA,"Tracking Error",NA,NA,NA
"8",NA,"2018-08-14_to_2020-08-15_GrowthPortfolio_5QRank","11.08","8.73","8.73","2018-09-14_to_2020-09-15_GrowthPortfolio_5QRank","10.93","9.63","9.63","2018-10-15_to_2020-10-15_GrowthPortfolio_5QRank","10.29","8.65","8.65","2018-11-14_to_2020-11-15_GrowthPortfolio_5QRank","8.63","7.66","7.66","2018-12-14_to_2020-12-15_GrowthPortfolio_5QRank","7.91","7.28","7.28","2019-01-14_to_2021-01-15_GrowthPortfolio_5QRank","7.75","7.59","7.59","2019-02-14_to_2021-02-15_GrowthPortfolio_5QRank","10.36","8.59","8.59","2019-03-14_to_2021-03-15_GrowthPortfolio_5QRank","9.41","8.6","8.6","2019-04-15_to_2021-04-15_GrowthPortfolio_5QRank","10","8.74","8.74","2019-05-14_to_2021-05-15_GrowthPortfolio_5QRank","8.19","7.91","7.91","2019-06-14_to_2021-06-15_GrowthPortfolio_5QRank","8.43","8.24","8.24","2019-07-15_to_2021-07-15_GrowthPortfolio_5QRank","9.34","8.54","8.54","2019-08-14_to_2021-08-15_GrowthPortfolio_5QRank","8.45","8.32","8.32","2019-09-16_to_2021-09-15_GrowthPortfolio_5QRank","7.83","7.43","7.43"
"9",NA,"2018-08-14_to_2020-08-15_S&P500_Index","-","-","-","2018-09-14_to_2020-09-15_S&P500_Index","-","-","-","2018-10-15_to_2020-10-15_S&P500_Index","-","-","-","2018-11-14_to_2020-11-15_S&P500_Index","-","-","-","2018-12-14_to_2020-12-15_S&P500_Index","-","-","-","2019-01-14_to_2021-01-15_S&P500_Index","-","-","-","2019-02-14_to_2021-02-15_S&P500_Index","-","-","-","2019-03-14_to_2021-03-15_S&P500_Index","-","-","-","2019-04-15_to_2021-04-15_S&P500_Index","-","-","-","2019-05-14_to_2021-05-15_S&P500_Index","-","-","-","2019-06-14_to_2021-06-15_S&P500_Index","-","-","-","2019-07-15_to_2021-07-15_S&P500_Index","-","-","-","2019-08-14_to_2021-08-15_S&P500_Index","-","-","-","2019-09-16_to_2021-09-15_S&P500_Index","-","-","-"
"10",NA,"Information Ratio",NA,NA,NA,"Information Ratio",NA,NA,NA,"Information Ratio",NA,NA,NA,"Information Ratio",NA,NA,NA,"Information Ratio",NA,NA,NA,"Information Ratio",NA,NA,NA,"Information Ratio",NA,NA,NA,"Information Ratio",NA,NA,NA,"Information Ratio",NA,NA,NA,"Information Ratio",NA,NA,NA,"Information Ratio",NA,NA,NA,"Information Ratio",NA,NA,NA,"Information Ratio",NA,NA,NA,"Information Ratio",NA,NA,NA
"11",NA,"2018-08-14_to_2020-08-15_GrowthPortfolio_5QRank","1.62","1.36","1.3","2018-09-14_to_2020-09-15_GrowthPortfolio_5QRank","2.01","1.2","1.14","2018-10-15_to_2020-10-15_GrowthPortfolio_5QRank","2.74","1.52","1.57","2018-11-14_to_2020-11-15_GrowthPortfolio_5QRank","3.02","1.86","1.86","2018-12-14_to_2020-12-15_GrowthPortfolio_5QRank","3.66","2.33","2.21","2019-01-14_to_2021-01-15_GrowthPortfolio_5QRank","4","2.28","2.31","2019-02-14_to_2021-02-15_GrowthPortfolio_5QRank","3","1.9","1.89","2019-03-14_to_2021-03-15_GrowthPortfolio_5QRank","3.76","1.43","1.42","2019-04-15_to_2021-04-15_GrowthPortfolio_5QRank","1.36","1.18","1.12","2019-05-14_to_2021-05-15_GrowthPortfolio_5QRank","-0.04","0.55","0.55","2019-06-14_to_2021-06-15_GrowthPortfolio_5QRank","0.73","0.59","0.57","2019-07-15_to_2021-07-15_GrowthPortfolio_5QRank","1.3","0.84","0.85","2019-08-14_to_2021-08-15_GrowthPortfolio_5QRank","0.44","0.48","0.48","2019-09-16_to_2021-09-15_GrowthPortfolio_5QRank","1.36","0.91","0.91"
"12",NA,"2018-08-14_to_2020-08-15_S&P500_Index","-","-","-","2018-09-14_to_2020-09-15_S&P500_Index","-","-","-","2018-10-15_to_2020-10-15_S&P500_Index","-","-","-","2018-11-14_to_2020-11-15_S&P500_Index","-","-","-","2018-12-14_to_2020-12-15_S&P500_Index","-","-","-","2019-01-14_to_2021-01-15_S&P500_Index","-","-","-","2019-02-14_to_2021-02-15_S&P500_Index","-","-","-","2019-03-14_to_2021-03-15_S&P500_Index","-","-","-","2019-04-15_to_2021-04-15_S&P500_Index","-","-","-","2019-05-14_to_2021-05-15_S&P500_Index","-","-","-","2019-06-14_to_2021-06-15_S&P500_Index","-","-","-","2019-07-15_to_2021-07-15_S&P500_Index","-","-","-","2019-08-14_to_2021-08-15_S&P500_Index","-","-","-","2019-09-16_to_2021-09-15_S&P500_Index","-","-","-"
"13",NA,"Alpha Stat",NA,NA,NA,"Alpha Stat",NA,NA,NA,"Alpha Stat",NA,NA,NA,"Alpha Stat",NA,NA,NA,"Alpha Stat",NA,NA,NA,"Alpha Stat",NA,NA,NA,"Alpha Stat",NA,NA,NA,"Alpha Stat",NA,NA,NA,"Alpha Stat",NA,NA,NA,"Alpha Stat",NA,NA,NA,"Alpha Stat",NA,NA,NA,"Alpha Stat",NA,NA,NA,"Alpha Stat",NA,NA,NA,"Alpha Stat",NA,NA,NA
"14",NA,"2018-08-14_to_2020-08-15_GrowthPortfolio_5QRank","0.98","0.71","0.71","2018-09-14_to_2020-09-15_GrowthPortfolio_5QRank","1.53","0.78","0.78","2018-10-15_to_2020-10-15_GrowthPortfolio_5QRank","1.59","0.78","0.78","2018-11-14_to_2020-11-15_GrowthPortfolio_5QRank","1.66","0.98","0.98","2018-12-14_to_2020-12-15_GrowthPortfolio_5QRank","1.73","0.94","0.94","2019-01-14_to_2021-01-15_GrowthPortfolio_5QRank","1.99","1.11","1.11","2019-02-14_to_2021-02-15_GrowthPortfolio_5QRank","0.84","0.71","0.71","2019-03-14_to_2021-03-15_GrowthPortfolio_5QRank","1.17","0.67","0.67","2019-04-15_to_2021-04-15_GrowthPortfolio_5QRank","0.93","0.86","0.86","2019-05-14_to_2021-05-15_GrowthPortfolio_5QRank","0.64","0.41","0.41","2019-06-14_to_2021-06-15_GrowthPortfolio_5QRank","0.89","0.44","0.44","2019-07-15_to_2021-07-15_GrowthPortfolio_5QRank","0.96","0.56","0.56","2019-08-14_to_2021-08-15_GrowthPortfolio_5QRank","0.9","0.46","0.46","2019-09-16_to_2021-09-15_GrowthPortfolio_5QRank","0.68","0.54","0.54"
"15",NA,"2018-08-14_to_2020-08-15_S&P500_Index","-","-","-","2018-09-14_to_2020-09-15_S&P500_Index","-","-","-","2018-10-15_to_2020-10-15_S&P500_Index","-","-","-","2018-11-14_to_2020-11-15_S&P500_Index","-","-","-","2018-12-14_to_2020-12-15_S&P500_Index","-","-","-","2019-01-14_to_2021-01-15_S&P500_Index","-","-","-","2019-02-14_to_2021-02-15_S&P500_Index","-","-","-","2019-03-14_to_2021-03-15_S&P500_Index","-","-","-","2019-04-15_to_2021-04-15_S&P500_Index","-","-","-","2019-05-14_to_2021-05-15_S&P500_Index","-","-","-","2019-06-14_to_2021-06-15_S&P500_Index","-","-","-","2019-07-15_to_2021-07-15_S&P500_Index","-","-","-","2019-08-14_to_2021-08-15_S&P500_Index","-","-","-","2019-09-16_to_2021-09-15_S&P500_Index","-","-","-"
"16",NA,"Beta Stat",NA,NA,NA,"Beta Stat",NA,NA,NA,"Beta Stat",NA,NA,NA,"Beta Stat",NA,NA,NA,"Beta Stat",NA,NA,NA,"Beta Stat",NA,NA,NA,"Beta Stat",NA,NA,NA,"Beta Stat",NA,NA,NA,"Beta Stat",NA,NA,NA,"Beta Stat",NA,NA,NA,"Beta Stat",NA,NA,NA,"Beta Stat",NA,NA,NA,"Beta Stat",NA,NA,NA,"Beta Stat",NA,NA,NA
"17",NA,"2018-08-14_to_2020-08-15_GrowthPortfolio_5QRank","1.19","1.18","1.18","2018-09-14_to_2020-09-15_GrowthPortfolio_5QRank","1.2","1.2","1.2","2018-10-15_to_2020-10-15_GrowthPortfolio_5QRank","1.21","1.16","1.16","2018-11-14_to_2020-11-15_GrowthPortfolio_5QRank","1.13","1.08","1.08","2018-12-14_to_2020-12-15_GrowthPortfolio_5QRank","1.1","1.06","1.06","2019-01-14_to_2021-01-15_GrowthPortfolio_5QRank","1.09","1.05","1.05","2019-02-14_to_2021-02-15_GrowthPortfolio_5QRank","1.2","1.07","1.07","2019-03-14_to_2021-03-15_GrowthPortfolio_5QRank","1.12","1.08","1.08","2019-04-15_to_2021-04-15_GrowthPortfolio_5QRank","0.96","0.95","0.95","2019-05-14_to_2021-05-15_GrowthPortfolio_5QRank","0.83","0.97","0.97","2019-06-14_to_2021-06-15_GrowthPortfolio_5QRank","0.8","0.94","0.94","2019-07-15_to_2021-07-15_GrowthPortfolio_5QRank","0.83","1","1","2019-08-14_to_2021-08-15_GrowthPortfolio_5QRank","0.81","0.92","0.92","2019-09-16_to_2021-09-15_GrowthPortfolio_5QRank","0.87","0.91","0.91"
"18",NA,"2018-08-14_to_2020-08-15_S&P500_Index","-","-","-","2018-09-14_to_2020-09-15_S&P500_Index","-","-","-","2018-10-15_to_2020-10-15_S&P500_Index","-","-","-","2018-11-14_to_2020-11-15_S&P500_Index","-","-","-","2018-12-14_to_2020-12-15_S&P500_Index","-","-","-","2019-01-14_to_2021-01-15_S&P500_Index","-","-","-","2019-02-14_to_2021-02-15_S&P500_Index","-","-","-","2019-03-14_to_2021-03-15_S&P500_Index","-","-","-","2019-04-15_to_2021-04-15_S&P500_Index","-","-","-","2019-05-14_to_2021-05-15_S&P500_Index","-","-","-","2019-06-14_to_2021-06-15_S&P500_Index","-","-","-","2019-07-15_to_2021-07-15_S&P500_Index","-","-","-","2019-08-14_to_2021-08-15_S&P500_Index","-","-","-","2019-09-16_to_2021-09-15_S&P500_Index","-","-","-"
"19",NA,"R-Squared",NA,NA,NA,"R-Squared",NA,NA,NA,"R-Squared",NA,NA,NA,"R-Squared",NA,NA,NA,"R-Squared",NA,NA,NA,"R-Squared",NA,NA,NA,"R-Squared",NA,NA,NA,"R-Squared",NA,NA,NA,"R-Squared",NA,NA,NA,"R-Squared",NA,NA,NA,"R-Squared",NA,NA,NA,"R-Squared",NA,NA,NA,"R-Squared",NA,NA,NA,"R-Squared",NA,NA,NA
"20",NA,"2018-08-14_to_2020-08-15_GrowthPortfolio_5QRank","86.68","90.09","90.09","2018-09-14_to_2020-09-15_GrowthPortfolio_5QRank","88.39","88.95","88.95","2018-10-15_to_2020-10-15_GrowthPortfolio_5QRank","91.02","89.36","89.36","2018-11-14_to_2020-11-15_GrowthPortfolio_5QRank","91.69","89.65","89.65","2018-12-14_to_2020-12-15_GrowthPortfolio_5QRank","93.46","89.56","89.56","2019-01-14_to_2021-01-15_GrowthPortfolio_5QRank","93.63","88.1","88.1","2019-02-14_to_2021-02-15_GrowthPortfolio_5QRank","90.16","85.98","85.98","2019-03-14_to_2021-03-15_GrowthPortfolio_5QRank","80.67","86.09","86.09","2019-04-15_to_2021-04-15_GrowthPortfolio_5QRank","62.63","81.98","81.98","2019-05-14_to_2021-05-15_GrowthPortfolio_5QRank","67.85","83.99","83.99","2019-06-14_to_2021-06-15_GrowthPortfolio_5QRank","65.94","81.72","81.72","2019-07-15_to_2021-07-15_GrowthPortfolio_5QRank","60.37","82.1","82.1","2019-08-14_to_2021-08-15_GrowthPortfolio_5QRank","61.44","80.59","80.59","2019-09-16_to_2021-09-15_GrowthPortfolio_5QRank","59.7","83.94","83.94"
"21",NA,"2018-08-14_to_2020-08-15_S&P500_Index","-","-","-","2018-09-14_to_2020-09-15_S&P500_Index","-","-","-","2018-10-15_to_2020-10-15_S&P500_Index","-","-","-","2018-11-14_to_2020-11-15_S&P500_Index","-","-","-","2018-12-14_to_2020-12-15_S&P500_Index","-","-","-","2019-01-14_to_2021-01-15_S&P500_Index","-","-","-","2019-02-14_to_2021-02-15_S&P500_Index","-","-","-","2019-03-14_to_2021-03-15_S&P500_Index","-","-","-","2019-04-15_to_2021-04-15_S&P500_Index","-","-","-","2019-05-14_to_2021-05-15_S&P500_Index","-","-","-","2019-06-14_to_2021-06-15_S&P500_Index","-","-","-","2019-07-15_to_2021-07-15_S&P500_Index","-","-","-","2019-08-14_to_2021-08-15_S&P500_Index","-","-","-","2019-09-16_to_2021-09-15_S&P500_Index","-","-","-"
"22",NA,"Max Drawdown",NA,NA,NA,"Max Drawdown",NA,NA,NA,"Max Drawdown",NA,NA,NA,"Max Drawdown",NA,NA,NA,"Max Drawdown",NA,NA,NA,"Max Drawdown",NA,NA,NA,"Max Drawdown",NA,NA,NA,"Max Drawdown",NA,NA,NA,"Max Drawdown",NA,NA,NA,"Max Drawdown",NA,NA,NA,"Max Drawdown",NA,NA,NA,"Max Drawdown",NA,NA,NA,"Max Drawdown",NA,NA,NA,"Max Drawdown",NA,NA,NA
"23",NA,"2018-08-14_to_2020-08-15_GrowthPortfolio_5QRank","-37.5328","-37.5328","-37.5328","2018-09-14_to_2020-09-15_GrowthPortfolio_5QRank","-37.7323","-37.7323","-37.7323","2018-10-15_to_2020-10-15_GrowthPortfolio_5QRank","-38.1322","-38.1322","-38.1322","2018-11-14_to_2020-11-15_GrowthPortfolio_5QRank","-36.0664","-36.0664","-36.0664","2018-12-14_to_2020-12-15_GrowthPortfolio_5QRank","-35.3542","-35.3542","-35.3542","2019-01-14_to_2021-01-15_GrowthPortfolio_5QRank","-34.9315","-34.9315","-34.9315","2019-02-14_to_2021-02-15_GrowthPortfolio_5QRank","-35.8509","-35.8509","-35.8509","2019-03-14_to_2021-03-15_GrowthPortfolio_5QRank","-10.1342","-36.3601","-36.3601","2019-04-15_to_2021-04-15_GrowthPortfolio_5QRank","-10.4679","-35.1318","-35.1318","2019-05-14_to_2021-05-15_GrowthPortfolio_5QRank","-9.0553","-35.3036","-35.3036","2019-06-14_to_2021-06-15_GrowthPortfolio_5QRank","-8.6992","-36.2064","-36.2064","2019-07-15_to_2021-07-15_GrowthPortfolio_5QRank","-7.9554","-35.836","-35.836","2019-08-14_to_2021-08-15_GrowthPortfolio_5QRank","-7.9986","-34.3232","-34.3232","2019-09-16_to_2021-09-15_GrowthPortfolio_5QRank","-8.4739","-35.0895","-35.0895"
"24",NA,"2018-08-14_to_2020-08-15_S&P500_Index","-33.925","-33.925","-33.925","2018-09-14_to_2020-09-15_S&P500_Index","-33.925","-33.925","-33.925","2018-10-15_to_2020-10-15_S&P500_Index","-33.925","-33.925","-33.925","2018-11-14_to_2020-11-15_S&P500_Index","-33.925","-33.925","-33.925","2018-12-14_to_2020-12-15_S&P500_Index","-33.925","-33.925","-33.925","2019-01-14_to_2021-01-15_S&P500_Index","-33.925","-33.925","-33.925","2019-02-14_to_2021-02-15_S&P500_Index","-33.925","-33.925","-33.925","2019-03-14_to_2021-03-15_S&P500_Index","-11.5369","-33.925","-33.925","2019-04-15_to_2021-04-15_S&P500_Index","-9.6044","-33.925","-33.925","2019-05-14_to_2021-05-15_S&P500_Index","-9.6044","-33.925","-33.925","2019-06-14_to_2021-06-15_S&P500_Index","-9.6044","-33.925","-33.925","2019-07-15_to_2021-07-15_S&P500_Index","-9.6045","-33.925","-33.925","2019-08-14_to_2021-08-15_S&P500_Index","-9.6044","-33.925","-33.925","2019-09-16_to_2021-09-15_S&P500_Index","-7.4772","-33.925","-33.925"
