"","NA","Var.2","1 Years","2 Years","2018-2020","Var.6","1 Years","2 Years","2018-2020","Var.10","1 Years","2 Years","2018-2020","Var.14","1 Years","2 Years","2018-2020","Var.18","1 Years","2 Years","2018-2020","Var.22","1 Years","2 Years","2018-2020","Var.26","1 Years","2 Years","2018-2020","Var.30","1 Years","2 Years","2018-2020","Var.34","1 Years","2 Years","2019-2021","Var.38","1 Years","2 Years","2019-2021","Var.42","1 Years","2 Years","2019-2021","Var.46","1 Years","2 Years","2019-2021","Var.50","1 Years","2 Years","2019-2021","Var.54","1 Years","2 Years","2019-2021","Var.58","1 Years","2 Years","2019-2021","Var.62","1 Years","2 Years","2019-2021","Var.66","1 Years","2 Years","2019-2021"
"1",NA,"Annualized Returns",NA,NA,NA,"Annualized Returns",NA,NA,NA,"Annualized Returns",NA,NA,NA,"Annualized Returns",NA,NA,NA,"Annualized Returns",NA,NA,NA,"Annualized Returns",NA,NA,NA,"Annualized Returns",NA,NA,NA,"Annualized Returns",NA,NA,NA,"Annualized Returns",NA,NA,NA,"Annualized Returns",NA,NA,NA,"Annualized Returns",NA,NA,NA,"Annualized Returns",NA,NA,NA,"Annualized Returns",NA,NA,NA,"Annualized Returns",NA,NA,NA,"Annualized Returns",NA,NA,NA,"Annualized Returns",NA,NA,NA,"Annualized Returns",NA,NA,NA
"2",NA,"2018-05-10_to_2020-05-11_GrowthPortfolio_20QRank","22.016","13.567","13.596","2018-06-11_to_2020-06-11_GrowthPortfolio_20QRank","19.002","11.798","12.08","2018-07-10_to_2020-07-11_GrowthPortfolio_20QRank","23.955","17.174","16.933","2018-08-10_to_2020-08-11_GrowthPortfolio_20QRank","29.883","17.623","17.369","2018-09-10_to_2020-09-11_GrowthPortfolio_20QRank","26.787","15.78","16.066","2018-10-10_to_2020-10-11_GrowthPortfolio_20QRank","37.194","23.132","23.132","2018-11-12_to_2020-11-11_GrowthPortfolio_20QRank","37.659","29.764","29.764","2018-12-10_to_2020-12-11_GrowthPortfolio_20QRank","36.252","31.145","31.756","2019-01-10_to_2021-01-11_GrowthPortfolio_20QRank","38.093","37.402","37.324","2019-02-11_to_2021-02-11_GrowthPortfolio_20QRank","27.88","29.849","30.711","2019-03-11_to_2021-03-11_GrowthPortfolio_20QRank","48.696","28.206","28.41","2019-04-10_to_2021-04-11_GrowthPortfolio_20QRank","56.435","29.628","29.628","2019-05-10_to_2021-05-11_GrowthPortfolio_20QRank","40.891","30.935","28.862","2019-06-10_to_2021-06-11_GrowthPortfolio_20QRank","42.309","28.875","28.318","2019-07-10_to_2021-07-11_GrowthPortfolio_20QRank","42.782","30.066","30.066","2019-08-12_to_2021-08-11_GrowthPortfolio_20QRank","39.383","35.095","35.095","2019-09-10_to_2021-09-11_GrowthPortfolio_20QRank","42.896","36.713","36.713"
"3",NA,"2018-05-10_to_2020-05-11_S&P500_Index","4.22","3.64","3.723","2018-06-11_to_2020-06-11_S&P500_Index","4.245","3.79","3.875","2018-07-10_to_2020-07-11_S&P500_Index","6.171","7.153","6.762","2018-08-10_to_2020-08-11_S&P500_Index","15.629","8.702","8.448","2018-09-10_to_2020-09-11_S&P500_Index","11.012","7.54","7.738","2018-10-10_to_2020-10-11_S&P500_Index","18.345","11.724","11.724","2018-11-12_to_2020-11-11_S&P500_Index","15.551","14.476","14.476","2018-12-10_to_2020-12-11_S&P500_Index","15.619","17.553","17.798","2019-01-10_to_2021-01-11_S&P500_Index","15.601","20.943","20.903","2019-02-11_to_2021-02-11_S&P500_Index","14.015","18.482","19.215","2019-03-11_to_2021-03-11_S&P500_Index","40.552","17.485","17.632","2019-04-10_to_2021-04-11_S&P500_Index","47.995","19.563","19.563","2019-05-10_to_2021-05-11_S&P500_Index","41.701","21.549","19.982","2019-06-10_to_2021-06-11_S&P500_Index","41.482","21.445","21.236","2019-07-10_to_2021-07-11_S&P500_Index","38.626","20.826","20.826","2019-08-12_to_2021-08-11_S&P500_Index","33.417","24.205","24.205","2019-09-10_to_2021-09-11_S&P500_Index","32.074","23.313","23.313"
"4",NA,"Volatility",NA,NA,NA,"Volatility",NA,NA,NA,"Volatility",NA,NA,NA,"Volatility",NA,NA,NA,"Volatility",NA,NA,NA,"Volatility",NA,NA,NA,"Volatility",NA,NA,NA,"Volatility",NA,NA,NA,"Volatility",NA,NA,NA,"Volatility",NA,NA,NA,"Volatility",NA,NA,NA,"Volatility",NA,NA,NA,"Volatility",NA,NA,NA,"Volatility",NA,NA,NA,"Volatility",NA,NA,NA,"Volatility",NA,NA,NA,"Volatility",NA,NA,NA
"5",NA,"2018-05-10_to_2020-05-11_GrowthPortfolio_20QRank","24.93","23.45","23.45","2018-06-11_to_2020-06-11_GrowthPortfolio_20QRank","25.3","24.19","24.19","2018-07-10_to_2020-07-11_GrowthPortfolio_20QRank","26.04","24.62","24.62","2018-08-10_to_2020-08-11_GrowthPortfolio_20QRank","26.42","24.82","24.82","2018-09-10_to_2020-09-11_GrowthPortfolio_20QRank","25.13","23.77","23.77","2018-10-10_to_2020-10-11_GrowthPortfolio_20QRank","25.83","22","22","2018-11-12_to_2020-11-11_GrowthPortfolio_20QRank","26.52","22.27","22.27","2018-12-10_to_2020-12-11_GrowthPortfolio_20QRank","26.72","20.37","20.37","2019-01-10_to_2021-01-11_GrowthPortfolio_20QRank","27.32","20.05","20.05","2019-02-11_to_2021-02-11_GrowthPortfolio_20QRank","25.91","20.48","20.48","2019-03-11_to_2021-03-11_GrowthPortfolio_20QRank","19.98","19.49","19.49","2019-04-10_to_2021-04-11_GrowthPortfolio_20QRank","16.3","19.78","19.78","2019-05-10_to_2021-05-11_GrowthPortfolio_20QRank","15.57","19.73","19.73","2019-06-10_to_2021-06-11_GrowthPortfolio_20QRank","15.75","18.9","18.9","2019-07-10_to_2021-07-11_GrowthPortfolio_20QRank","14.7","19.21","19.21","2019-08-12_to_2021-08-11_GrowthPortfolio_20QRank","15.12","19.2","19.2","2019-09-10_to_2021-09-11_GrowthPortfolio_20QRank","13.64","18.32","18.32"
"6",NA,"2018-05-10_to_2020-05-11_S&P500_Index","23.54","20.27","20.27","2018-06-11_to_2020-06-11_S&P500_Index","22.92","20.48","20.48","2018-07-10_to_2020-07-11_S&P500_Index","22.95","20.38","20.38","2018-08-10_to_2020-08-11_S&P500_Index","23.31","20.62","20.62","2018-09-10_to_2020-09-11_S&P500_Index","24.08","21.11","21.11","2018-10-10_to_2020-10-11_S&P500_Index","24.78","20.6","20.6","2018-11-12_to_2020-11-11_S&P500_Index","24.95","20.78","20.78","2018-12-10_to_2020-12-11_S&P500_Index","27.08","20.49","20.49","2019-01-10_to_2021-01-11_S&P500_Index","27.13","20.03","20.03","2019-02-11_to_2021-02-11_S&P500_Index","24.53","20.01","20.01","2019-03-11_to_2021-03-11_S&P500_Index","17.78","20.05","20.05","2019-04-10_to_2021-04-11_S&P500_Index","14.57","20","20","2019-05-10_to_2021-05-11_S&P500_Index","14.69","19.21","19.21","2019-06-10_to_2021-06-11_S&P500_Index","14.87","18.87","18.87","2019-07-10_to_2021-07-11_S&P500_Index","14.57","18.87","18.87","2019-08-12_to_2021-08-11_S&P500_Index","13.66","18.68","18.68","2019-09-10_to_2021-09-11_S&P500_Index","11.73","18.7","18.7"
"7",NA,"Tracking Error",NA,NA,NA,"Tracking Error",NA,NA,NA,"Tracking Error",NA,NA,NA,"Tracking Error",NA,NA,NA,"Tracking Error",NA,NA,NA,"Tracking Error",NA,NA,NA,"Tracking Error",NA,NA,NA,"Tracking Error",NA,NA,NA,"Tracking Error",NA,NA,NA,"Tracking Error",NA,NA,NA,"Tracking Error",NA,NA,NA,"Tracking Error",NA,NA,NA,"Tracking Error",NA,NA,NA,"Tracking Error",NA,NA,NA,"Tracking Error",NA,NA,NA,"Tracking Error",NA,NA,NA,"Tracking Error",NA,NA,NA
"8",NA,"2018-05-10_to_2020-05-11_GrowthPortfolio_20QRank","5.71","6.77","6.77","2018-06-11_to_2020-06-11_GrowthPortfolio_20QRank","6.13","6.83","6.83","2018-07-10_to_2020-07-11_GrowthPortfolio_20QRank","6.4","6.77","6.77","2018-08-10_to_2020-08-11_GrowthPortfolio_20QRank","6.26","6.52","6.52","2018-09-10_to_2020-09-11_GrowthPortfolio_20QRank","5.7","6.25","6.25","2018-10-10_to_2020-10-11_GrowthPortfolio_20QRank","5.52","5.01","5.01","2018-11-12_to_2020-11-11_GrowthPortfolio_20QRank","5.37","5.23","5.23","2018-12-10_to_2020-12-11_GrowthPortfolio_20QRank","5.05","5.05","5.05","2019-01-10_to_2021-01-11_GrowthPortfolio_20QRank","4.8","5.03","5.03","2019-02-11_to_2021-02-11_GrowthPortfolio_20QRank","9.1","6.96","6.96","2019-03-11_to_2021-03-11_GrowthPortfolio_20QRank","9.69","7.57","7.57","2019-04-10_to_2021-04-11_GrowthPortfolio_20QRank","9.79","7.76","7.76","2019-05-10_to_2021-05-11_GrowthPortfolio_20QRank","8.58","7.63","7.63","2019-06-10_to_2021-06-11_GrowthPortfolio_20QRank","9.06","8.05","8.05","2019-07-10_to_2021-07-11_GrowthPortfolio_20QRank","9.02","8.08","8.08","2019-08-12_to_2021-08-11_GrowthPortfolio_20QRank","9.37","8.65","8.65","2019-09-10_to_2021-09-11_GrowthPortfolio_20QRank","9.16","7.75","7.75"
"9",NA,"2018-05-10_to_2020-05-11_S&P500_Index","-","-","-","2018-06-11_to_2020-06-11_S&P500_Index","-","-","-","2018-07-10_to_2020-07-11_S&P500_Index","-","-","-","2018-08-10_to_2020-08-11_S&P500_Index","-","-","-","2018-09-10_to_2020-09-11_S&P500_Index","-","-","-","2018-10-10_to_2020-10-11_S&P500_Index","-","-","-","2018-11-12_to_2020-11-11_S&P500_Index","-","-","-","2018-12-10_to_2020-12-11_S&P500_Index","-","-","-","2019-01-10_to_2021-01-11_S&P500_Index","-","-","-","2019-02-11_to_2021-02-11_S&P500_Index","-","-","-","2019-03-11_to_2021-03-11_S&P500_Index","-","-","-","2019-04-10_to_2021-04-11_S&P500_Index","-","-","-","2019-05-10_to_2021-05-11_S&P500_Index","-","-","-","2019-06-10_to_2021-06-11_S&P500_Index","-","-","-","2019-07-10_to_2021-07-11_S&P500_Index","-","-","-","2019-08-12_to_2021-08-11_S&P500_Index","-","-","-","2019-09-10_to_2021-09-11_S&P500_Index","-","-","-"
"10",NA,"Information Ratio",NA,NA,NA,"Information Ratio",NA,NA,NA,"Information Ratio",NA,NA,NA,"Information Ratio",NA,NA,NA,"Information Ratio",NA,NA,NA,"Information Ratio",NA,NA,NA,"Information Ratio",NA,NA,NA,"Information Ratio",NA,NA,NA,"Information Ratio",NA,NA,NA,"Information Ratio",NA,NA,NA,"Information Ratio",NA,NA,NA,"Information Ratio",NA,NA,NA,"Information Ratio",NA,NA,NA,"Information Ratio",NA,NA,NA,"Information Ratio",NA,NA,NA,"Information Ratio",NA,NA,NA,"Information Ratio",NA,NA,NA
"11",NA,"2018-05-10_to_2020-05-11_GrowthPortfolio_20QRank","3.12","1.47","1.46","2018-06-11_to_2020-06-11_GrowthPortfolio_20QRank","2.41","1.17","1.2","2018-07-10_to_2020-07-11_GrowthPortfolio_20QRank","2.78","1.48","1.5","2018-08-10_to_2020-08-11_GrowthPortfolio_20QRank","2.28","1.37","1.37","2018-09-10_to_2020-09-11_GrowthPortfolio_20QRank","2.77","1.32","1.33","2018-10-10_to_2020-10-11_GrowthPortfolio_20QRank","3.41","2.28","2.28","2018-11-12_to_2020-11-11_GrowthPortfolio_20QRank","4.12","2.92","2.92","2018-12-10_to_2020-12-11_GrowthPortfolio_20QRank","4.09","2.69","2.76","2019-01-10_to_2021-01-11_GrowthPortfolio_20QRank","4.69","3.27","3.26","2019-02-11_to_2021-02-11_GrowthPortfolio_20QRank","1.52","1.63","1.65","2019-03-11_to_2021-03-11_GrowthPortfolio_20QRank","0.84","1.42","1.42","2019-04-10_to_2021-04-11_GrowthPortfolio_20QRank","0.86","1.3","1.3","2019-05-10_to_2021-05-11_GrowthPortfolio_20QRank","-0.09","1.23","1.16","2019-06-10_to_2021-06-11_GrowthPortfolio_20QRank","0.09","0.92","0.88","2019-07-10_to_2021-07-11_GrowthPortfolio_20QRank","0.46","1.14","1.14","2019-08-12_to_2021-08-11_GrowthPortfolio_20QRank","0.64","1.26","1.26","2019-09-10_to_2021-09-11_GrowthPortfolio_20QRank","1.18","1.73","1.73"
"12",NA,"2018-05-10_to_2020-05-11_S&P500_Index","-","-","-","2018-06-11_to_2020-06-11_S&P500_Index","-","-","-","2018-07-10_to_2020-07-11_S&P500_Index","-","-","-","2018-08-10_to_2020-08-11_S&P500_Index","-","-","-","2018-09-10_to_2020-09-11_S&P500_Index","-","-","-","2018-10-10_to_2020-10-11_S&P500_Index","-","-","-","2018-11-12_to_2020-11-11_S&P500_Index","-","-","-","2018-12-10_to_2020-12-11_S&P500_Index","-","-","-","2019-01-10_to_2021-01-11_S&P500_Index","-","-","-","2019-02-11_to_2021-02-11_S&P500_Index","-","-","-","2019-03-11_to_2021-03-11_S&P500_Index","-","-","-","2019-04-10_to_2021-04-11_S&P500_Index","-","-","-","2019-05-10_to_2021-05-11_S&P500_Index","-","-","-","2019-06-10_to_2021-06-11_S&P500_Index","-","-","-","2019-07-10_to_2021-07-11_S&P500_Index","-","-","-","2019-08-12_to_2021-08-11_S&P500_Index","-","-","-","2019-09-10_to_2021-09-11_S&P500_Index","-","-","-"
"13",NA,"Alpha Stat",NA,NA,NA,"Alpha Stat",NA,NA,NA,"Alpha Stat",NA,NA,NA,"Alpha Stat",NA,NA,NA,"Alpha Stat",NA,NA,NA,"Alpha Stat",NA,NA,NA,"Alpha Stat",NA,NA,NA,"Alpha Stat",NA,NA,NA,"Alpha Stat",NA,NA,NA,"Alpha Stat",NA,NA,NA,"Alpha Stat",NA,NA,NA,"Alpha Stat",NA,NA,NA,"Alpha Stat",NA,NA,NA,"Alpha Stat",NA,NA,NA,"Alpha Stat",NA,NA,NA,"Alpha Stat",NA,NA,NA,"Alpha Stat",NA,NA,NA
"14",NA,"2018-05-10_to_2020-05-11_GrowthPortfolio_20QRank","1.06","0.62","0.62","2018-06-11_to_2020-06-11_GrowthPortfolio_20QRank","1.23","0.71","0.71","2018-07-10_to_2020-07-11_GrowthPortfolio_20QRank","1.27","0.81","0.81","2018-08-10_to_2020-08-11_GrowthPortfolio_20QRank","1.1","0.66","0.66","2018-09-10_to_2020-09-11_GrowthPortfolio_20QRank","1.32","0.64","0.64","2018-10-10_to_2020-10-11_GrowthPortfolio_20QRank","1.19","0.82","0.82","2018-11-12_to_2020-11-11_GrowthPortfolio_20QRank","1.51","1.07","1.07","2018-12-10_to_2020-12-11_GrowthPortfolio_20QRank","1.48","1.06","1.06","2019-01-10_to_2021-01-11_GrowthPortfolio_20QRank","1.49","1.1","1.1","2019-02-11_to_2021-02-11_GrowthPortfolio_20QRank","0.39","0.57","0.57","2019-03-11_to_2021-03-11_GrowthPortfolio_20QRank","0.52","0.87","0.87","2019-04-10_to_2021-04-11_GrowthPortfolio_20QRank","0.53","0.81","0.81","2019-05-10_to_2021-05-11_GrowthPortfolio_20QRank","0.4","0.78","0.78","2019-06-10_to_2021-06-11_GrowthPortfolio_20QRank","0.34","0.66","0.66","2019-07-10_to_2021-07-11_GrowthPortfolio_20QRank","0.53","0.79","0.79","2019-08-12_to_2021-08-11_GrowthPortfolio_20QRank","0.77","0.96","0.96","2019-09-10_to_2021-09-11_GrowthPortfolio_20QRank","0.73","1.06","1.06"
"15",NA,"2018-05-10_to_2020-05-11_S&P500_Index","-","-","-","2018-06-11_to_2020-06-11_S&P500_Index","-","-","-","2018-07-10_to_2020-07-11_S&P500_Index","-","-","-","2018-08-10_to_2020-08-11_S&P500_Index","-","-","-","2018-09-10_to_2020-09-11_S&P500_Index","-","-","-","2018-10-10_to_2020-10-11_S&P500_Index","-","-","-","2018-11-12_to_2020-11-11_S&P500_Index","-","-","-","2018-12-10_to_2020-12-11_S&P500_Index","-","-","-","2019-01-10_to_2021-01-11_S&P500_Index","-","-","-","2019-02-11_to_2021-02-11_S&P500_Index","-","-","-","2019-03-11_to_2021-03-11_S&P500_Index","-","-","-","2019-04-10_to_2021-04-11_S&P500_Index","-","-","-","2019-05-10_to_2021-05-11_S&P500_Index","-","-","-","2019-06-10_to_2021-06-11_S&P500_Index","-","-","-","2019-07-10_to_2021-07-11_S&P500_Index","-","-","-","2019-08-12_to_2021-08-11_S&P500_Index","-","-","-","2019-09-10_to_2021-09-11_S&P500_Index","-","-","-"
"16",NA,"Beta Stat",NA,NA,NA,"Beta Stat",NA,NA,NA,"Beta Stat",NA,NA,NA,"Beta Stat",NA,NA,NA,"Beta Stat",NA,NA,NA,"Beta Stat",NA,NA,NA,"Beta Stat",NA,NA,NA,"Beta Stat",NA,NA,NA,"Beta Stat",NA,NA,NA,"Beta Stat",NA,NA,NA,"Beta Stat",NA,NA,NA,"Beta Stat",NA,NA,NA,"Beta Stat",NA,NA,NA,"Beta Stat",NA,NA,NA,"Beta Stat",NA,NA,NA,"Beta Stat",NA,NA,NA,"Beta Stat",NA,NA,NA
"17",NA,"2018-05-10_to_2020-05-11_GrowthPortfolio_20QRank","1.03","1.11","1.11","2018-06-11_to_2020-06-11_GrowthPortfolio_20QRank","1.07","1.14","1.14","2018-07-10_to_2020-07-11_GrowthPortfolio_20QRank","1.1","1.17","1.17","2018-08-10_to_2020-08-11_GrowthPortfolio_20QRank","1.11","1.17","1.17","2018-09-10_to_2020-09-11_GrowthPortfolio_20QRank","1.02","1.09","1.09","2018-10-10_to_2020-10-11_GrowthPortfolio_20QRank","1.02","1.04","1.04","2018-11-12_to_2020-11-11_GrowthPortfolio_20QRank","1.04","1.04","1.04","2018-12-10_to_2020-12-11_GrowthPortfolio_20QRank","0.97","0.96","0.96","2019-01-10_to_2021-01-11_GrowthPortfolio_20QRank","0.99","0.97","0.97","2019-02-11_to_2021-02-11_GrowthPortfolio_20QRank","0.99","0.96","0.96","2019-03-11_to_2021-03-11_GrowthPortfolio_20QRank","0.98","0.9","0.9","2019-04-10_to_2021-04-11_GrowthPortfolio_20QRank","0.9","0.91","0.91","2019-05-10_to_2021-05-11_GrowthPortfolio_20QRank","0.89","0.95","0.95","2019-06-10_to_2021-06-11_GrowthPortfolio_20QRank","0.88","0.91","0.91","2019-07-10_to_2021-07-11_GrowthPortfolio_20QRank","0.82","0.93","0.93","2019-08-12_to_2021-08-11_GrowthPortfolio_20QRank","0.88","0.92","0.92","2019-09-10_to_2021-09-11_GrowthPortfolio_20QRank","0.87","0.89","0.89"
"18",NA,"2018-05-10_to_2020-05-11_S&P500_Index","-","-","-","2018-06-11_to_2020-06-11_S&P500_Index","-","-","-","2018-07-10_to_2020-07-11_S&P500_Index","-","-","-","2018-08-10_to_2020-08-11_S&P500_Index","-","-","-","2018-09-10_to_2020-09-11_S&P500_Index","-","-","-","2018-10-10_to_2020-10-11_S&P500_Index","-","-","-","2018-11-12_to_2020-11-11_S&P500_Index","-","-","-","2018-12-10_to_2020-12-11_S&P500_Index","-","-","-","2019-01-10_to_2021-01-11_S&P500_Index","-","-","-","2019-02-11_to_2021-02-11_S&P500_Index","-","-","-","2019-03-11_to_2021-03-11_S&P500_Index","-","-","-","2019-04-10_to_2021-04-11_S&P500_Index","-","-","-","2019-05-10_to_2021-05-11_S&P500_Index","-","-","-","2019-06-10_to_2021-06-11_S&P500_Index","-","-","-","2019-07-10_to_2021-07-11_S&P500_Index","-","-","-","2019-08-12_to_2021-08-11_S&P500_Index","-","-","-","2019-09-10_to_2021-09-11_S&P500_Index","-","-","-"
"19",NA,"R-Squared",NA,NA,NA,"R-Squared",NA,NA,NA,"R-Squared",NA,NA,NA,"R-Squared",NA,NA,NA,"R-Squared",NA,NA,NA,"R-Squared",NA,NA,NA,"R-Squared",NA,NA,NA,"R-Squared",NA,NA,NA,"R-Squared",NA,NA,NA,"R-Squared",NA,NA,NA,"R-Squared",NA,NA,NA,"R-Squared",NA,NA,NA,"R-Squared",NA,NA,NA,"R-Squared",NA,NA,NA,"R-Squared",NA,NA,NA,"R-Squared",NA,NA,NA,"R-Squared",NA,NA,NA
"20",NA,"2018-05-10_to_2020-05-11_GrowthPortfolio_20QRank","94.26","92.26","92.26","2018-06-11_to_2020-06-11_GrowthPortfolio_20QRank","93.98","93.17","93.17","2018-07-10_to_2020-07-11_GrowthPortfolio_20QRank","94.24","94.27","94.27","2018-08-10_to_2020-08-11_GrowthPortfolio_20QRank","94.74","94.96","94.96","2018-09-10_to_2020-09-11_GrowthPortfolio_20QRank","94.31","93.44","93.44","2018-10-10_to_2020-10-11_GrowthPortfolio_20QRank","94.96","94.73","94.73","2018-11-12_to_2020-11-11_GrowthPortfolio_20QRank","95.61","94.39","94.39","2018-12-10_to_2020-12-11_GrowthPortfolio_20QRank","96.14","93.69","93.69","2019-01-10_to_2021-01-11_GrowthPortfolio_20QRank","96.58","93.51","93.51","2019-02-11_to_2021-02-11_GrowthPortfolio_20QRank","86.3","88.04","88.04","2019-03-11_to_2021-03-11_GrowthPortfolio_20QRank","73.9","85.28","85.28","2019-04-10_to_2021-04-11_GrowthPortfolio_20QRank","60.81","84.68","84.68","2019-05-10_to_2021-05-11_GrowthPortfolio_20QRank","67.43","84.59","84.59","2019-06-10_to_2021-06-11_GrowthPortfolio_20QRank","64.74","81.83","81.83","2019-07-10_to_2021-07-11_GrowthPortfolio_20QRank","61.78","82.01","82.01","2019-08-12_to_2021-08-11_GrowthPortfolio_20QRank","58.72","79.36","79.36","2019-09-10_to_2021-09-11_GrowthPortfolio_20QRank","51.3","82.48","82.48"
"21",NA,"2018-05-10_to_2020-05-11_S&P500_Index","-","-","-","2018-06-11_to_2020-06-11_S&P500_Index","-","-","-","2018-07-10_to_2020-07-11_S&P500_Index","-","-","-","2018-08-10_to_2020-08-11_S&P500_Index","-","-","-","2018-09-10_to_2020-09-11_S&P500_Index","-","-","-","2018-10-10_to_2020-10-11_S&P500_Index","-","-","-","2018-11-12_to_2020-11-11_S&P500_Index","-","-","-","2018-12-10_to_2020-12-11_S&P500_Index","-","-","-","2019-01-10_to_2021-01-11_S&P500_Index","-","-","-","2019-02-11_to_2021-02-11_S&P500_Index","-","-","-","2019-03-11_to_2021-03-11_S&P500_Index","-","-","-","2019-04-10_to_2021-04-11_S&P500_Index","-","-","-","2019-05-10_to_2021-05-11_S&P500_Index","-","-","-","2019-06-10_to_2021-06-11_S&P500_Index","-","-","-","2019-07-10_to_2021-07-11_S&P500_Index","-","-","-","2019-08-12_to_2021-08-11_S&P500_Index","-","-","-","2019-09-10_to_2021-09-11_S&P500_Index","-","-","-"
"22",NA,"Max Drawdown",NA,NA,NA,"Max Drawdown",NA,NA,NA,"Max Drawdown",NA,NA,NA,"Max Drawdown",NA,NA,NA,"Max Drawdown",NA,NA,NA,"Max Drawdown",NA,NA,NA,"Max Drawdown",NA,NA,NA,"Max Drawdown",NA,NA,NA,"Max Drawdown",NA,NA,NA,"Max Drawdown",NA,NA,NA,"Max Drawdown",NA,NA,NA,"Max Drawdown",NA,NA,NA,"Max Drawdown",NA,NA,NA,"Max Drawdown",NA,NA,NA,"Max Drawdown",NA,NA,NA,"Max Drawdown",NA,NA,NA,"Max Drawdown",NA,NA,NA
"23",NA,"2018-05-10_to_2020-05-11_GrowthPortfolio_20QRank","-34.3757","-34.3757","-34.3757","2018-06-11_to_2020-06-11_GrowthPortfolio_20QRank","-34.8875","-34.8875","-34.8875","2018-07-10_to_2020-07-11_GrowthPortfolio_20QRank","-35.2201","-35.2201","-35.2201","2018-08-10_to_2020-08-11_GrowthPortfolio_20QRank","-35.3144","-35.3144","-35.3144","2018-09-10_to_2020-09-11_GrowthPortfolio_20QRank","-34.0872","-34.0872","-34.0872","2018-10-10_to_2020-10-11_GrowthPortfolio_20QRank","-34.3284","-34.3284","-34.3284","2018-11-12_to_2020-11-11_GrowthPortfolio_20QRank","-34.0939","-34.0939","-34.0939","2018-12-10_to_2020-12-11_GrowthPortfolio_20QRank","-33.6249","-33.6249","-33.6249","2019-01-10_to_2021-01-11_GrowthPortfolio_20QRank","-33.674","-33.674","-33.674","2019-02-11_to_2021-02-11_GrowthPortfolio_20QRank","-34.1528","-34.1528","-34.1528","2019-03-11_to_2021-03-11_GrowthPortfolio_20QRank","-19.0057","-33.1136","-33.1136","2019-04-10_to_2021-04-11_GrowthPortfolio_20QRank","-9.4438","-32.8523","-32.8523","2019-05-10_to_2021-05-11_GrowthPortfolio_20QRank","-9.4146","-33.4365","-33.4365","2019-06-10_to_2021-06-11_GrowthPortfolio_20QRank","-9.0257","-33.0778","-33.0778","2019-07-10_to_2021-07-11_GrowthPortfolio_20QRank","-9.0314","-33.2286","-33.2286","2019-08-12_to_2021-08-11_GrowthPortfolio_20QRank","-9.715","-32.8468","-32.8468","2019-09-10_to_2021-09-11_GrowthPortfolio_20QRank","-8.8361","-32.2845","-32.2845"
"24",NA,"2018-05-10_to_2020-05-11_S&P500_Index","-33.925","-33.925","-33.925","2018-06-11_to_2020-06-11_S&P500_Index","-33.925","-33.925","-33.925","2018-07-10_to_2020-07-11_S&P500_Index","-33.925","-33.925","-33.925","2018-08-10_to_2020-08-11_S&P500_Index","-33.925","-33.925","-33.925","2018-09-10_to_2020-09-11_S&P500_Index","-33.925","-33.925","-33.925","2018-10-10_to_2020-10-11_S&P500_Index","-33.925","-33.925","-33.925","2018-11-12_to_2020-11-11_S&P500_Index","-33.925","-33.925","-33.925","2018-12-10_to_2020-12-11_S&P500_Index","-33.925","-33.925","-33.925","2019-01-10_to_2021-01-11_S&P500_Index","-33.925","-33.925","-33.925","2019-02-11_to_2021-02-11_S&P500_Index","-33.925","-33.925","-33.925","2019-03-11_to_2021-03-11_S&P500_Index","-18.3842","-33.925","-33.925","2019-04-10_to_2021-04-11_S&P500_Index","-9.6044","-33.925","-33.925","2019-05-10_to_2021-05-11_S&P500_Index","-9.6044","-33.925","-33.925","2019-06-10_to_2021-06-11_S&P500_Index","-9.6044","-33.925","-33.925","2019-07-10_to_2021-07-11_S&P500_Index","-9.6045","-33.925","-33.925","2019-08-12_to_2021-08-11_S&P500_Index","-9.6044","-33.925","-33.925","2019-09-10_to_2021-09-11_S&P500_Index","-7.4772","-33.925","-33.925"
