"Date","BTC-USD","SOL-USD","BCH-USD","MATIC-USD","ALGO-USD","LINK-USD","ETH-USD","LTC-USD","ADA-USD","AVAX-USD"
"2020-09-23","10246.186523","2.836757","207.917099","0.017709","0.267851","7.702259","321.116302","43.05769","0.076763","4.118469"
"2020-09-24","10760.066406","3.132715","216.387589","0.018987","0.294438","9.817477","349.355591","45.039856","0.082817","4.566561"
"2020-09-25","10692.716797","3.188612","216.635284","0.019146","0.31749","10.711364","352.183258","46.086311","0.096845","4.712279"
"2020-09-26","10750.723633","3.134703","222.053391","0.018928","0.326303","10.341659","355.488098","46.188923","0.095564","4.539249"
"2020-09-27","10775.269531","3.152947","228.814728","0.018736","0.31384","10.76908","357.438507","46.091694","0.101287","4.625536"
"2020-09-28","10709.652344","2.956678","226.154343","0.018886","0.328337","10.333558","355.159424","45.355541","0.100667","4.204803"
"2020-09-29","10844.640625","2.946433","228.977997","0.019675","0.336226","10.115016","359.757385","45.796562","0.101181","4.142951"
"2020-09-30","10784.491211","2.897876","228.005753","0.020153","0.345711","9.85121","359.937866","46.37146","0.101062","4.322546"
"2020-10-01","10619.452148","2.861028","227.419205","0.01898","0.334291","9.649905","353.205902","46.313507","0.097865","4.15109"
"2020-10-02","10575.974609","2.626083","220.021805","0.018272","0.317115","9.224705","346.238922","44.923973","0.092921","3.927156"
"2020-10-03","10549.329102","2.547303","218.863785","0.01855","0.313876","9.304493","346.522095","45.581772","0.093413","4.02166"
"2020-10-04","10669.583008","2.515995","221.392395","0.018602","0.313273","9.40491","352.57901","46.730106","0.096348","3.96111"
"2020-10-05","10793.339844","2.657644","222.050323","0.018841","0.317872","9.623703","353.956787","46.363228","0.097544","3.97802"
"2020-10-06","10604.40625","2.17625","220.032974","0.017165","0.287602","8.779272","340.815857","45.985531","0.092808","3.537658"
"2020-10-07","10668.96875","2.291796","223.273392","0.016958","0.305522","8.95785","341.808655","46.66048","0.0938","3.446818"
"2020-10-08","10915.685547","2.36522","233.621933","0.016632","0.307375","9.508818","350.766144","47.21838","0.096152","3.904279"
"2020-10-09","11064.458008","2.539859","237.365677","0.017094","0.330713","10.346902","365.590485","47.832954","0.101925","4.235305"
"2020-10-10","11296.361328","2.40609","237.323517","0.017207","0.324523","10.524793","370.96759","48.921097","0.105025","4.026705"
"2020-10-11","11384.181641","2.426578","239.669846","0.017855","0.332201","10.847407","375.142059","50.727901","0.106538","4.095879"
"2020-10-12","11555.363281","2.587072","239.814957","0.017905","0.344425","11.452909","387.731262","50.743816","0.110034","4.41574"
"2020-10-13","11425.899414","2.40491","253.530243","0.017698","0.343328","10.995448","381.190765","49.940639","0.108852","4.488054"
"2020-10-14","11429.506836","2.314635","259.133484","0.017235","0.326955","10.949109","379.484039","49.846489","0.107297","4.150056"
"2020-10-15","11495.349609","2.266436","261.384735","0.01719","0.315197","10.737752","377.441833","49.490372","0.106635","4.127353"
"2020-10-16","11322.123047","2.149386","250.325409","0.016253","0.299194","10.61955","366.229004","47.692875","0.104064","4.04048"
"2020-10-17","11358.101563","2.201843","246.319931","0.016742","0.312509","10.652524","368.855927","47.053928","0.106104","4.196009"
"2020-10-18","11483.359375","2.214267","249.812164","0.016887","0.316258","10.880713","378.213684","47.619545","0.107388","4.116062"
"2020-10-19","11742.037109","2.05808","250.709793","0.016205","0.302858","10.886283","379.935608","48.098915","0.108677","4.050311"
"2020-10-20","11916.334961","1.888672","242.845551","0.015632","0.287303","9.878593","369.136902","47.051029","0.102494","3.802201"
"2020-10-21","12823.689453","1.890378","258.514587","0.016383","0.301554","10.804607","392.189972","53.04533","0.106187","3.965959"
"2020-10-22","12965.891602","1.955653","266.472626","0.017404","0.315317","11.939335","413.77298","54.267277","0.110572","4.314421"
"2020-10-23","12931.539063","1.960035","270.314667","0.01704","0.308691","12.163795","409.766693","55.238689","0.108083","4.262106"
"2020-10-24","13108.0625","1.911828","275.122009","0.017683","0.307377","12.731548","412.457611","59.095589","0.108075","4.1897"
"2020-10-25","13031.173828","1.787459","271.079437","0.017165","0.303188","12.160059","406.217773","58.674801","0.106351","4.15321"
"2020-10-26","13075.248047","1.685466","259.782593","0.016562","0.29146","11.747902","393.888306","56.745777","0.103097","4.160973"
"2020-10-27","13654.21875","1.710232","264.539429","0.0158","0.287536","11.973837","403.99704","57.816051","0.102827","4.122243"
"2020-10-28","13271.285156","1.490053","268.489716","0.015086","0.277327","11.461742","388.650757","55.742512","0.098977","4.066606"
"2020-10-29","13437.882813","1.428936","267.056061","0.013877","0.256087","11.265141","386.730103","54.765854","0.095376","3.775312"
"2020-10-30","13546.522461","1.441336","261.828125","0.01391","0.254453","11.098557","382.819977","53.835033","0.093369","3.714938"
"2020-10-31","13780.995117","1.5407","261.75824","0.013721","0.249471","11.220839","386.590332","55.59026","0.093056","3.648368"
"2020-11-01","13737.109375","1.59984","267.555817","0.014107","0.257291","11.53663","396.358185","55.587624","0.098197","3.682664"
"2020-11-02","13550.489258","1.474072","257.199707","0.013688","0.246147","10.797579","383.156738","53.817482","0.092143","3.623915"
"2020-11-03","13950.300781","1.412234","244.146835","0.012717","0.232871","10.387002","387.602173","53.819622","0.093434","3.332747"
"2020-11-04","14133.707031","1.392255","241.130096","0.012251","0.238598","10.472587","402.141998","54.499104","0.095369","3.184633"
"2020-11-05","15579.848633","1.405218","249.547318","0.013477","0.247707","10.990669","414.067352","58.678497","0.096994","3.358205"
"2020-11-06","15565.880859","1.91374","257.720184","0.015509","0.276471","12.118072","454.719299","63.131111","0.109105","3.595282"
"2020-11-07","14833.753906","2.031964","253.590408","0.014393","0.258266","11.757224","435.713135","59.143646","0.101379","3.403408"
"2020-11-08","15479.567383","2.156598","270.697784","0.015735","0.266494","12.656035","453.554779","61.055046","0.106621","3.476598"
"2020-11-09","15332.31543","2.028652","263.981323","0.015634","0.26062","12.520735","444.163055","59.363884","0.105325","3.417125"
"2020-11-10","15290.902344","2.247987","257.351807","0.017314","0.286784","13.003463","449.679626","58.237343","0.105805","3.586142"
"2020-11-11","15701.339844","2.002125","257.12149","0.016603","0.278738","12.807538","462.960541","59.51503","0.105965","3.484356"
"2020-11-12","16276.34375","1.899138","259.821533","0.01586","0.265159","12.423223","461.00528","60.365379","0.104525","3.429143"
"2020-11-13","16317.808594","2.020792","259.171783","0.016917","0.279745","12.887978","474.626434","65.457199","0.106391","3.697801"
"2020-11-14","16068.138672","1.917016","255.769043","0.016751","0.265827","12.57696","460.149841","63.774151","0.104202","3.500485"
"2020-11-15","15955.587891","2.043234","241.368027","0.016461","0.254886","12.121813","447.559082","62.279922","0.100531","3.53658"
"2020-11-16","16716.111328","2.255355","250.139297","0.01661","0.269692","12.59079","459.940308","71.326248","0.104008","3.716656"
"2020-11-17","17645.40625","2.202181","255.288528","0.017694","0.27403","13.244712","480.360077","75.852341","0.1096","3.831768"
"2020-11-18","17804.005859","2.115029","247.126053","0.017093","0.267482","13.592996","479.48407","73.694939","0.106403","3.748681"
"2020-11-19","17817.089844","2.076769","246.270081","0.017272","0.264561","13.621882","471.630432","81.68367","0.105866","3.627004"
"2020-11-20","18621.314453","2.095392","258.854889","0.01787","0.284402","14.078273","509.744568","82.583153","0.118226","3.710605"
"2020-11-21","18642.232422","2.382205","301.924805","0.019758","0.315294","15.355934","549.486633","86.410118","0.132945","4.001856"
"2020-11-22","18370.001953","2.144845","286.993408","0.019036","0.29703","14.444801","558.068115","82.704208","0.14476","3.889969"
"2020-11-23","18364.121094","2.276377","323.025818","0.021163","0.335173","15.270844","608.454041","89.039314","0.15351","4.068428"
"2020-11-24","19107.464844","2.267967","345.605133","0.021664","0.357892","15.620665","603.897766","89.205376","0.166323","4.266966"
"2020-11-25","18732.121094","2.270034","312.777557","0.021295","0.343715","14.260965","570.686646","81.880127","0.155162","4.049503"
"2020-11-26","17150.623047","1.903037","270.510742","0.01778","0.301823","12.575363","518.801147","70.865723","0.138281","3.52771"
"2020-11-27","17108.402344","1.857949","264.955322","0.017705","0.299978","12.490259","517.493713","69.123871","0.141028","3.592152"
"2020-11-28","17717.414063","1.888935","275.571289","0.01875","0.313111","13.078346","538.229797","72.692963","0.164791","3.624503"
"2020-11-29","18177.484375","1.915155","283.931488","0.018856","0.317558","13.372918","575.758057","79.235069","0.166639","3.704312"
"2020-11-30","19625.835938","1.966891","316.420197","0.019563","0.328571","14.225639","614.842529","87.574631","0.171308","3.686424"
"2020-12-01","18802.998047","1.976308","288.135834","0.018722","0.309062","13.389535","587.324158","85.435768","0.155983","3.579318"
"2020-12-02","19201.091797","2.115401","294.251068","0.019334","0.341701","13.987366","598.352356","88.856514","0.158557","3.731418"
"2020-12-03","19445.398438","2.100371","292.295349","0.020806","0.340721","13.974721","616.70874","89.098969","0.164212","3.821922"
"2020-12-04","18699.765625","1.855953","280.708069","0.018871","0.326958","12.741245","569.354187","80.017075","0.148241","3.551129"
"2020-12-05","19154.230469","1.978774","289.308594","0.019734","0.344678","13.173038","596.595459","83.118729","0.159668","3.615126"
"2020-12-06","19345.121094","1.854249","286.35611","0.019572","0.337144","13.492397","601.908997","83.555336","0.158867","3.599609"
"2020-12-07","19191.630859","1.831173","283.894714","0.019199","0.331154","13.080949","591.843384","83.624062","0.15413","3.392123"
"2020-12-08","18321.144531","1.665352","267.548462","0.017605","0.300953","12.145714","554.827759","76.748657","0.140928","3.112555"
"2020-12-09","18553.916016","1.662304","268.709961","0.018093","0.30619","12.63339","573.479126","77.41098","0.148165","3.261969"
"2020-12-10","18264.992188","1.574151","265.980682","0.017771","0.294348","11.922199","559.678528","74.829559","0.141994","3.15269"
"2020-12-11","18058.904297","1.444585","259.331024","0.017498","0.28989","11.660106","545.797363","72.087334","0.139449","3.235806"
"2020-12-12","18803.65625","1.490912","267.714569","0.017869","0.309844","12.209157","568.567322","76.706894","0.14446","3.334231"
"2020-12-13","19142.382813","1.565456","275.348511","0.018099","0.309143","12.933703","589.663208","82.000641","0.153964","3.331057"
"2020-12-14","19246.644531","1.591646","276.553101","0.018384","0.312755","12.827553","586.011169","82.363159","0.157992","3.140347"
"2020-12-15","19417.076172","1.760671","288.394379","0.019489","0.325476","12.705471","589.355591","81.400673","0.154305","3.299948"
"2020-12-16","21310.597656","1.783598","311.419037","0.019434","0.339955","13.451087","636.181824","92.789688","0.167589","3.344162"
"2020-12-17","22805.162109","1.678634","310.301575","0.018958","0.332126","13.467133","642.868958","100.959572","0.163483","3.209255"
"2020-12-18","23137.960938","1.6988","312.779449","0.020599","0.353863","13.511193","654.811951","109.384506","0.164988","3.404798"
"2020-12-19","23869.832031","1.668651","318.247925","0.019982","0.356627","13.492187","659.297913","120.558907","0.164714","3.469613"
"2020-12-20","23477.294922","1.563576","348.160553","0.01922","0.339005","13.070074","638.290833","114.665993","0.161988","3.311469"
"2020-12-21","22803.082031","1.541915","314.488922","0.018155","0.327331","12.341995","609.817871","105.005394","0.152656","3.097619"
"2020-12-22","23783.029297","1.490286","323.886505","0.018646","0.336887","12.793933","634.854187","113.680367","0.156179","3.082421"
"2020-12-23","23241.345703","1.205692","274.148407","0.015204","0.288886","10.831312","583.7146","101.817062","0.136394","2.916323"
"2020-12-24","23735.949219","1.362408","296.282959","0.016463","0.313906","11.575454","611.607178","111.565399","0.152883","3.098723"
"2020-12-25","24664.791016","1.445403","318.342316","0.016621","0.309744","11.546685","626.410706","126.983597","0.157564","2.95471"
"2020-12-26","26437.037109","1.324238","322.829895","0.019294","0.30932","10.964874","635.835815","129.459198","0.157824","2.91827"
"2020-12-27","26272.294922","1.303042","338.179962","0.018301","0.319123","12.129708","682.642334","127.516968","0.154422","2.906161"
"2020-12-28","27084.808594","1.515685","362.092041","0.018873","0.356239","12.628381","730.397339","130.050339","0.176735","2.947435"
"2020-12-29","27362.4375","1.674345","353.090637","0.018449","0.345918","11.771125","731.520142","129.040802","0.192164","2.924666"
"2020-12-30","28840.953125","1.535457","358.808014","0.018135","0.335543","11.253575","751.618958","129.46608","0.18404","2.922409"
"2020-12-31","29001.720703","1.510898","343.052643","0.017633","0.33404","11.270538","737.803406","124.690323","0.181397","3.135609"
"2021-01-01","29374.152344","1.842084","341.985657","0.017812","0.398129","11.872555","730.367554","126.230347","0.17535","3.664823"
"2021-01-02","32127.267578","1.799275","354.599945","0.019043","0.408091","12.220137","774.534973","136.944885","0.177423","3.49494"
"2021-01-03","32782.023438","2.161752","421.789856","0.019975","0.422767","13.650172","975.50769","160.190582","0.204995","3.472944"
"2021-01-04","31971.914063","2.485097","407.93692","0.024614","0.438666","13.571063","1040.233032","154.807327","0.224762","3.590243"
"2021-01-05","33992.429688","2.157217","419.768127","0.024467","0.479429","14.539868","1100.006104","158.594772","0.258314","4.237412"
"2021-01-06","36824.363281","1.929217","454.484131","0.035135","0.511315","17.155256","1207.112183","169.016922","0.331898","4.620357"
"2021-01-07","39371.042969","2.372745","449.568726","0.032999","0.462823","16.031967","1225.678101","169.615952","0.29998","4.476613"
"2021-01-08","40797.609375","3.219887","441.058228","0.031739","0.454769","15.288085","1224.197144","173.279877","0.305597","5.79711"
"2021-01-09","40254.546875","3.385382","573.911377","0.033513","0.486242","17.607513","1281.077271","177.483932","0.332973","7.218531"
"2021-01-10","38356.441406","3.466111","603.596252","0.030411","0.462031","16.247431","1262.246704","171.114838","0.304895","6.586496"
"2021-01-11","35566.65625","3.10809","479.587341","0.026124","0.416987","14.556933","1090.145386","139.252228","0.275466","6.494089"
"2021-01-12","33922.960938","3.613398","450.279663","0.02609","0.39769","13.915849","1043.43457","132.63591","0.287003","7.7827"
"2021-01-13","37316.359375","3.513782","495.78476","0.03007","0.450746","15.930091","1130.73938","147.421341","0.313609","8.466815"
"2021-01-14","39187.328125","3.278164","526.329529","0.032831","0.453648","17.82625","1218.453003","152.084579","0.310396","9.261315"
"2021-01-15","36825.367188","3.250161","492.589844","0.034014","0.48837","20.709726","1171.834595","144.237549","0.30253","9.380012"
"2021-01-16","36178.140625","3.447055","490.981628","0.032768","0.518892","20.218397","1233.537598","144.265427","0.352444","12.877918"
"2021-01-17","35791.277344","3.818139","478.769806","0.03402","0.584057","23.166773","1230.172241","142.430817","0.379852","13.202684"
"2021-01-18","36630.074219","3.795515","510.415314","0.036053","0.5661","22.036263","1257.279541","152.144089","0.371428","12.701574"
"2021-01-19","36069.804688","3.641866","511.072266","0.032514","0.523486","20.754093","1377.295898","153.487427","0.369137","11.790321"
"2021-01-20","35547.75","3.723578","499.324493","0.034533","0.546025","21.846777","1382.274048","149.931427","0.375394","12.411565"
"2021-01-21","30825.699219","2.990536","419.585144","0.028604","0.461539","18.424273","1121.570923","130.133499","0.310209","11.310116"
"2021-01-22","33005.761719","3.346229","441.526489","0.031298","0.511024","21.629498","1236.512207","137.271454","0.349577","12.718836"
"2021-01-23","32067.642578","3.504112","431.50473","0.033975","0.557057","24.761532","1230.990601","137.750992","0.345643","12.877226"
"2021-01-24","32289.378906","3.634411","440.103333","0.033177","0.563449","24.701859","1391.609375","141.47731","0.353881","12.46392"
"2021-01-25","32366.392578","3.699981","433.80249","0.032978","0.558247","23.540121","1324.414795","137.444199","0.343886","12.224095"
"2021-01-26","32569.849609","4.04735","428.044342","0.04336","0.601622","23.025864","1357.058105","134.755264","0.344234","12.17289"
"2021-01-27","30432.546875","3.690587","378.030151","0.042072","0.543153","21.070448","1253.187134","122.949471","0.31308","11.184797"
"2021-01-28","33466.097656","3.822072","405.374481","0.038892","0.561167","23.110903","1332.492188","133.486938","0.346129","12.00027"
"2021-01-29","34316.386719","3.834676","407.503296","0.040277","0.64095","22.773443","1382.522827","135.012573","0.348131","11.621697"
"2021-01-30","34269.523438","4.224276","414.942108","0.039925","0.663792","23.594028","1376.115479","133.400024","0.362619","11.984419"
"2021-01-31","33114.359375","4.264144","399.769928","0.038279","0.651248","22.598434","1314.986206","129.570816","0.344898","13.516318"
"2021-02-01","33537.175781","4.611602","414.020447","0.040877","0.643448","22.839642","1369.040527","131.951935","0.402033","13.22777"
"2021-02-02","35510.289063","5.267508","430.151428","0.041083","0.652656","23.713614","1515.193726","142.506973","0.426247","13.515045"
"2021-02-03","37472.089844","5.71599","444.846069","0.043836","0.740834","25.073034","1660.909546","155.61203","0.4414","14.805049"
"2021-02-04","36926.066406","6.426065","420.819641","0.047347","0.707506","24.498962","1594.762695","145.148193","0.441051","15.368177"
"2021-02-05","38144.308594","6.68172","446.458893","0.054767","0.834116","26.363325","1718.650879","154.852219","0.537874","17.913799"
"2021-02-06","39266.011719","6.110807","457.63559","0.052406","0.810865","25.04933","1677.846802","155.714737","0.627886","17.976021"
"2021-02-07","38903.441406","6.700463","445.169678","0.067642","0.84504","24.790121","1614.227783","151.140076","0.663238","24.207178"
"2021-02-08","46196.464844","7.88325","483.704132","0.071268","1.010607","25.456102","1746.616821","167.219055","0.682511","30.275328"
"2021-02-09","46481.105469","7.816793","513.532715","0.098868","1.029017","27.594215","1768.035034","182.114471","0.703516","31.598886"
"2021-02-10","44918.183594","9.072214","494.967773","0.117016","1.03209","26.859596","1744.243408","182.174393","0.930318","55.298477"
"2021-02-11","47909.332031","9.215352","529.737366","0.123611","1.249717","27.874239","1783.797974","184.496002","0.927741","47.370319"
"2021-02-12","47504.851563","9.247012","577.604309","0.121233","1.712424","30.640739","1843.532593","197.231705","0.925587","48.656181"
"2021-02-13","47105.515625","8.732455","663.679382","0.11165","1.669695","34.101978","1814.109863","226.2276","0.905719","43.787148"
"2021-02-14","48717.289063","8.738896","724.015686","0.100922","1.472092","33.290321","1805.084106","214.430267","0.848419","38.575954"
"2021-02-15","47945.058594","8.861739","712.430542","0.107605","1.350877","32.575897","1779.791016","207.681015","0.861012","38.176502"
"2021-02-16","49199.871094","8.297867","707.291504","0.1089","1.313528","31.97348","1781.067505","210.54657","0.870951","36.336075"
"2021-02-17","52149.007813","8.222577","716.698242","0.11222","1.369261","32.256798","1848.458252","236.973526","0.89092","37.052147"
"2021-02-18","51679.796875","8.980452","705.988464","0.122744","1.400669","32.441494","1937.449219","226.869553","0.914119","41.015091"
"2021-02-19","55888.132813","11.465653","720.821899","0.15484","1.374461","34.71521","1960.164795","236.67601","0.927649","38.751457"
"2021-02-20","56099.519531","10.002664","682.182434","0.146081","1.313997","34.109818","1919.534058","227.619888","1.122958","36.233868"
"2021-02-21","57539.945313","11.085513","707.592407","0.16225","1.308164","34.15274","1935.601074","227.231354","1.10052","36.147972"
"2021-02-22","54207.320313","14.454785","630.349854","0.152005","1.14445","31.530806","1781.99292","208.106796","1.099151","32.279057"
"2021-02-23","48824.425781","15.201538","513.187378","0.137005","0.999798","25.800343","1570.203979","176.934921","0.954709","27.562902"
"2021-02-24","49705.332031","17.302708","527.041382","0.160243","1.061761","28.08672","1626.575684","181.378494","1.051657","29.93598"
"2021-02-25","47093.851563","13.816014","496.912659","0.176179","0.976009","24.668047","1475.703735","178.90184","1.079116","26.739532"
"2021-02-26","46339.761719","13.587941","484.512238","0.190602","0.971286","25.187313","1446.033691","170.398148","1.241105","25.93981"
"2021-02-27","46188.453125","13.201168","483.745331","0.197533","1.098628","26.235098","1459.973145","172.100449","1.32486","25.814472"
"2021-02-28","45137.769531","13.089247","459.91449","0.228847","1.017224","24.663532","1416.04895","164.92717","1.308059","23.823219"
"2021-03-01","49631.242188","14.955588","500.951385","0.251572","1.088458","27.607061","1564.707642","175.2379","1.292388","27.403772"
"2021-03-02","48378.988281","13.958921","517.01416","0.231893","1.080691","28.511183","1492.608765","177.872437","1.225582","27.135157"
"2021-03-03","50538.242188","14.115591","523.578674","0.223935","1.182144","29.990028","1575.853149","188.525665","1.216593","27.272078"
"2021-03-04","48561.167969","13.097983","506.87326","0.200395","1.093431","27.718739","1541.914307","181.078644","1.114868","25.805176"
"2021-03-05","48927.304688","12.610443","498.989807","0.215171","1.058036","27.875414","1533.275024","180.76561","1.168523","24.378054"
"2021-03-06","48912.382813","13.036458","501.212708","0.212986","1.054034","28.165104","1654.741577","182.981903","1.131012","24.923477"
"2021-03-07","51206.691406","13.877732","516.173523","0.212243","1.103649","28.548212","1723.153809","190.759109","1.133367","26.650154"
"2021-03-08","52246.523438","13.602188","528.996887","0.216622","1.152908","31.69816","1834.727905","191.927689","1.118053","25.545988"
"2021-03-09","54824.117188","14.846311","545.026001","0.298981","1.180618","31.499252","1868.048828","203.637863","1.195161","34.248699"
"2021-03-10","56008.550781","14.231084","546.8396","0.287524","1.109995","29.946716","1799.16626","200.516861","1.135003","29.714048"
"2021-03-11","57805.121094","15.992279","549.783203","0.410605","1.082897","30.075174","1826.194946","201.250336","1.12479","30.728991"
"2021-03-12","57332.089844","14.552142","539.216492","0.414408","1.052105","28.461523","1772.102417","220.829407","1.039144","27.989315"
"2021-03-13","61243.085938","15.308803","596.234802","0.425134","1.139641","29.779226","1924.685425","226.578293","1.103314","30.909084"
"2021-03-14","59302.316406","14.508266","557.75708","0.382881","1.13039","28.789425","1854.564331","215.296097","1.059154","29.058769"
"2021-03-15","55907.199219","14.186662","523.934753","0.392959","1.196815","27.491762","1791.702271","201.264618","1.033539","29.017908"
"2021-03-16","56804.902344","13.622773","528.164001","0.373222","1.200564","27.917419","1806.971802","201.040634","1.242953","33.080162"
"2021-03-17","58870.894531","14.220203","540.84552","0.403259","1.295041","31.00976","1823.449341","206.067932","1.378673","32.645828"
"2021-03-18","57858.921875","14.230025","529.757385","0.390734","1.262335","29.504812","1782.855103","200.537308","1.239006","33.301388"
"2021-03-19","58346.652344","14.204796","535.141235","0.411783","1.253208","29.909876","1817.624146","201.063721","1.30217","37.764977"
"2021-03-20","58313.644531","14.211981","539.137573","0.383615","1.20683","29.676926","1812.634644","200.806427","1.206541","34.346478"
"2021-03-21","57523.421875","14.332206","526.561096","0.381072","1.181771","29.272839","1788.217041","196.42775","1.18914","32.811722"
"2021-03-22","54529.144531","14.919293","513.339233","0.348746","1.10854","27.398113","1691.333984","187.077835","1.109874","29.360292"
"2021-03-23","54738.945313","14.204831","516.253174","0.331694","1.113125","26.915058","1678.650146","187.393967","1.121552","28.59127"
"2021-03-24","52774.265625","13.661298","480.123322","0.324979","1.033461","25.053885","1593.413452","177.654953","1.075002","26.051702"
"2021-03-25","51704.160156","13.025085","478.292206","0.301851","1.045247","25.696287","1595.359253","173.061188","1.101574","25.997766"
"2021-03-26","55137.3125","14.779421","509.015289","0.336804","1.117808","27.401567","1702.842041","184.278671","1.213969","28.237909"
"2021-03-27","55973.511719","16.508322","503.658783","0.333444","1.159593","26.879543","1716.494629","184.830444","1.176577","27.631645"
"2021-03-28","55950.746094","18.016233","501.003601","0.34601","1.236743","26.696995","1691.355957","185.028488","1.191124","28.697353"
"2021-03-29","57750.199219","18.854809","520.635803","0.383946","1.401068","28.052568","1819.684937","194.474777","1.202541","29.469568"
"2021-03-30","58917.691406","19.233925","527.698242","0.37128","1.326095","27.904049","1846.033691","196.682098","1.213317","29.625277"
"2021-03-31","58918.832031","19.465229","543.237854","0.359934","1.369683","29.351137","1918.362061","197.4991","1.193264","28.72897"
"2021-04-01","59095.808594","19.084902","561.658264","0.364222","1.326109","30.233219","1977.276855","204.112518","1.189244","28.418751"
"2021-04-02","59384.3125","19.810223","585.707458","0.384002","1.36127","32.533249","2143.225586","213.228394","1.196509","29.117611"
"2021-04-03","57603.890625","22.552277","536.678833","0.354031","1.269547","29.534889","2028.422485","197.148209","1.173277","28.251848"
"2021-04-04","58758.554688","24.061323","566.513062","0.362637","1.314932","30.957281","2093.122803","204.042908","1.19142","29.329712"
"2021-04-05","59057.878906","22.984283","648.560974","0.370033","1.405011","32.396656","2107.887207","221.069046","1.2143","31.246593"
"2021-04-06","58192.359375","24.957146","667.748596","0.374566","1.40085","34.797878","2118.378906","237.664902","1.255354","31.554495"
"2021-04-07","56048.9375","26.478081","618.597534","0.337208","1.30387","31.175184","1971.077271","219.423676","1.175149","29.476511"
"2021-04-08","58323.953125","27.033987","647.564087","0.356306","1.349129","32.7449","2088.57373","227.003021","1.219436","30.764034"
"2021-04-09","58245.003906","27.778275","635.706726","0.367603","1.394245","31.632467","2072.108887","221.862366","1.20354","31.53261"
"2021-04-10","59793.234375","26.841404","673.957581","0.358471","1.393407","31.899261","2135.942139","255.620193","1.218758","31.803802"
"2021-04-11","60204.964844","27.93189","696.608459","0.370532","1.520488","33.919182","2157.656982","253.63446","1.266735","31.602322"
"2021-04-12","59893.453125","28.512123","674.786255","0.358044","1.482379","33.105427","2139.353271","244.49437","1.316127","33.883968"
"2021-04-13","63503.457031","27.435553","746.865356","0.422074","1.515236","35.456635","2299.187744","266.981476","1.411786","33.673531"
"2021-04-14","63109.695313","26.475111","818.70343","0.41468","1.46612","41.42371","2435.10498","279.748413","1.45542","38.462868"
"2021-04-15","63314.011719","27.818314","868.155518","0.442733","1.574378","42.753162","2519.116211","286.590607","1.481588","37.143063"
"2021-04-16","61572.789063","25.397366","1110.654297","0.436447","1.509819","42.101555","2431.946533","310.612732","1.416949","35.631317"
"2021-04-17","60683.820313","25.099874","1006.324219","0.406253","1.697854","40.372066","2344.89502","304.759918","1.384869","34.341454"
"2021-04-18","56216.183594","32.302917","965.682617","0.362901","1.454038","39.06591","2237.136963","273.098816","1.275501","29.253094"
"2021-04-19","55724.265625","31.675896","894.128723","0.3272","1.293401","35.879383","2166.188721","261.91922","1.197959","26.283066"
"2021-04-20","56473.03125","31.770054","940.986938","0.341524","1.291139","38.950634","2330.210938","260.941345","1.265934","27.347954"
"2021-04-21","53906.089844","32.513042","913.905762","0.359229","1.212808","36.436359","2364.751709","258.805603","1.206735","25.903503"
"2021-04-22","51762.273438","38.879761","854.077942","0.349445","1.16385","35.233406","2403.535156","253.078354","1.147017","24.034962"
"2021-04-23","51093.652344","36.97842","838.847229","0.381808","1.164039","35.058479","2363.586182","241.35878","1.155702","23.498425"
"2021-04-24","50050.867188","40.737316","769.175842","0.353428","1.088167","31.125198","2211.625732","224.83577","1.101355","21.777529"
"2021-04-25","49004.253906","47.367626","757.70874","0.382884","1.094039","31.540621","2316.05957","223.632858","1.08825","21.543121"
"2021-04-26","54021.753906","43.976517","849.470093","0.535193","1.237956","35.135986","2534.481689","247.40593","1.234019","26.459278"
"2021-04-27","55033.117188","43.239002","887.862549","0.832754","1.309046","36.808067","2662.865234","259.652283","1.306927","27.82037"
"2021-04-28","54824.703125","44.825985","909.845825","0.773113","1.28806","36.220837","2746.380127","258.505157","1.335666","28.327574"
"2021-04-29","53555.109375","42.460541","880.665344","0.890872","1.319767","36.445019","2756.876953","255.585266","1.308014","27.929865"
"2021-04-30","57750.175781","42.956001","993.425659","0.820568","1.403603","38.128506","2773.207031","271.167084","1.352449","32.918373"
"2021-05-01","57828.050781","49.508022","1005.080078","0.786821","1.394946","41.116261","2945.892822","276.833527","1.353071","31.890842"
"2021-05-02","56631.078125","46.890987","974.655457","0.824512","1.387143","39.504856","2952.056152","269.10437","1.326812","31.304956"
"2021-05-03","57200.292969","45.933689","1017.299988","0.796139","1.435955","42.059807","3431.086182","294.70401","1.36203","35.93232"
"2021-05-04","53333.539063","42.729557","955.182434","0.704383","1.278506","45.686138","3253.629395","306.234497","1.274111","30.361431"
"2021-05-05","57424.007813","44.923576","1454.935059","0.811085","1.442311","49.429295","3522.783203","356.037079","1.475529","35.263119"
"2021-05-06","56396.515625","43.455677","1505.765747","0.761785","1.542465","47.127403","3490.880371","353.510345","1.650124","37.980843"
"2021-05-07","57356.402344","43.155018","1343.247437","0.753129","1.581909","49.311199","3484.729004","346.253571","1.653453","38.049919"
"2021-05-08","58803.777344","45.561531","1402.368042","0.848258","1.517409","48.608906","3902.647705","346.368744","1.619554","38.322075"
"2021-05-09","58232.316406","44.330196","1428.528809","0.969865","1.512605","52.198696","3928.844727","386.450775","1.770562","39.021637"
"2021-05-10","55859.796875","42.909634","1321.401123","0.875069","1.371486","46.468697","3952.293945","359.329315","1.644696","34.701488"
"2021-05-11","56704.574219","44.577469","1542.425049","1.06922","1.476457","48.754765","4168.701172","377.388794","1.764077","36.82478"
"2021-05-12","49150.535156","42.45731","1209.806885","1.019014","1.251076","41.03371","3785.848633","303.084869","1.552775","32.016247"
"2021-05-13","49716.191406","40.997852","1251.692139","1.053154","1.352792","43.089832","3715.148438","316.909332","1.933668","34.98024"
"2021-05-14","49880.535156","42.717865","1298.664795","1.470762","1.468776","46.546902","4079.057373","326.233856","2.004796","36.951202"
"2021-05-15","46760.1875","43.461308","1170.348389","1.608185","1.383846","41.498314","3638.12207","299.772522","2.174027","34.410564"
"2021-05-16","46456.058594","47.200829","1168.729004","1.714745","1.400199","40.737148","3587.506104","296.627045","2.309113","36.51881"
"2021-05-17","43537.511719","46.863205","1068.65686","1.727973","1.285366","37.194439","3282.397705","281.769318","2.032226","33.662254"
"2021-05-18","42909.402344","55.910961","1091.550171","2.454367","1.366016","42.545315","3380.070068","294.619324","2.003662","36.822159"
"2021-05-19","37002.441406","35.107182","706.795837","1.65939","0.943497","26.70196","2460.679199","189.520172","1.482521","23.383896"
"2021-05-20","40782.738281","44.742748","821.600525","1.841451","1.11316","30.781229","2784.294189","212.276138","1.810469","25.196884"
"2021-05-21","37304.691406","38.812851","687.957153","1.482336","0.980976","25.577578","2430.621338","180.197037","1.552277","21.801769"
"2021-05-22","37536.632813","31.315582","631.782227","1.193292","0.974528","23.292158","2295.705566","169.594559","1.463622","18.851139"
"2021-05-23","34770.582031","24.688747","556.139771","1.086715","0.825903","20.008373","2109.579834","143.519363","1.325436","15.756152"
"2021-05-24","38705.980469","31.283571","748.421692","1.717577","0.977903","26.362959","2643.591064","183.994125","1.549485","19.410948"
"2021-05-25","38402.222656","29.997078","719.947815","1.94005","0.976358","27.629839","2706.628906","183.497894","1.555369","19.450809"
"2021-05-26","39294.199219","35.539818","765.048828","2.210167","1.024055","33.984875","2888.69873","199.224335","1.782702","20.905676"
"2021-05-27","38436.96875","33.584591","745.955078","2.026745","0.968786","31.514713","2736.488525","193.121094","1.64596","19.000336"
"2021-05-28","35697.605469","29.039276","689.947876","1.823294","0.898697","27.951693","2419.90625","177.320663","1.511987","16.733412"
"2021-05-29","34616.066406","27.376421","651.579956","1.698194","0.829413","25.39864","2279.51416","163.808105","1.406232","16.127493"
"2021-05-30","35678.128906","28.602659","663.512024","1.864938","0.85018","26.869602","2390.30542","170.978226","1.577279","16.534386"
"2021-05-31","37332.855469","32.816246","703.882568","1.881024","0.937608","32.088585","2714.945313","188.033676","1.742778","18.16132"
"2021-06-01","36684.925781","30.98526","691.40387","1.821164","0.894697","30.699013","2633.518311","182.980698","1.734753","17.77317"
"2021-06-02","37575.179688","33.956318","697.912964","1.795897","1.018265","30.656301","2706.125","187.263977","1.752824","18.67708"
"2021-06-03","39208.765625","39.470905","718.448181","1.823846","1.109922","32.190559","2855.126465","193.086182","1.840471","20.243713"
"2021-06-04","36894.40625","37.41507","671.13916","1.631484","1.028761","28.875753","2688.195068","178.872009","1.710908","18.247404"
"2021-06-05","35551.957031","39.5854","649.438354","1.527334","0.976601","27.126797","2630.576904","173.028717","1.659009","17.250303"
"2021-06-06","35862.378906","42.308376","657.495728","1.583428","1.024901","27.551577","2715.092773","176.639435","1.678248","17.40011"
"2021-06-07","33560.707031","38.262333","596.077881","1.480122","0.955256","24.52721","2590.263184","161.732803","1.564106","15.52264"
"2021-06-08","33472.632813","41.517815","597.092285","1.485099","0.943442","24.174898","2517.438721","161.161072","1.58803","14.86894"
"2021-06-09","37345.121094","42.031776","633.143494","1.492427","1.046551","25.569342","2608.26709","172.138657","1.624826","15.386891"
"2021-06-10","36702.597656","41.098675","602.84613","1.362205","1.04392","23.100679","2471.518555","168.203064","1.531857","14.176408"
"2021-06-11","37334.398438","36.046085","578.271545","1.251965","0.971232","21.478968","2353.768799","162.880524","1.436378","13.418979"
"2021-06-12","35552.515625","36.441689","580.533142","1.341269","0.986114","21.686546","2372.484375","162.014862","1.48022","13.55193"
"2021-06-13","39097.859375","38.770435","614.354919","1.469217","1.040552","23.337601","2508.391602","170.930878","1.558359","14.775566"
"2021-06-14","40218.476563","38.713055","625.369507","1.477863","1.086212","23.860899","2537.891113","172.949097","1.57511","14.965836"
"2021-06-15","40406.269531","41.153648","639.20459","1.69146","1.071182","26.084227","2610.936768","178.659424","1.597756","15.180043"
"2021-06-16","38347.0625","39.703617","593.046631","1.477197","1.015972","23.015078","2367.663574","166.458939","1.482573","14.067678"
"2021-06-17","38053.503906","39.264591","599.35791","1.503794","1.065078","23.356791","2372.001953","167.055695","1.482194","14.832069"
"2021-06-18","35787.246094","36.648796","563.286804","1.377261","0.985029","21.211151","2231.733154","156.355637","1.415396","13.627871"
"2021-06-19","35615.871094","35.353436","554.896729","1.363695","0.940408","20.423983","2178.499023","153.295456","1.39057","13.457729"
"2021-06-20","35698.296875","35.322014","557.529602","1.398996","0.936015","21.735416","2246.364502","155.09259","1.429188","13.970991"
"2021-06-21","31676.693359","26.6574","456.293457","1.099052","0.755001","17.424097","1888.44751","124.786461","1.17748","11.210616"
"2021-06-22","32505.660156","26.771856","443.783264","1.074384","0.743265","16.806492","1874.950073","119.602684","1.153254","10.526582"
"2021-06-23","33723.027344","30.048887","469.375641","1.158587","0.833009","18.387203","1989.736328","128.674988","1.252896","11.193947"
"2021-06-24","34662.4375","31.181034","486.207886","1.203148","0.871621","19.037357","1988.456299","134.484604","1.356087","11.482957"
"2021-06-25","31637.779297","28.698862","451.918152","1.046163","0.796802","16.930967","1813.217285","125.687744","1.256478","10.27067"
"2021-06-26","32186.277344","29.712854","458.776184","1.075453","0.809688","16.955221","1829.239258","126.657257","1.25044","10.275571"
"2021-06-27","34649.644531","31.929392","476.887299","1.112033","0.834954","18.344139","1978.894653","132.347885","1.335202","10.91908"
"2021-06-28","34434.335938","32.92778","500.670563","1.119224","0.840484","18.773989","2079.657471","137.37085","1.324752","11.286296"
"2021-06-29","35867.777344","33.866802","522.271362","1.167279","0.88496","19.460011","2160.768311","143.702911","1.368437","11.85142"
"2021-06-30","35040.835938","35.556404","526.295837","1.167428","0.882368","19.497236","2274.547607","144.135834","1.383472","11.955547"
"2021-07-01","33572.117188","33.404034","498.193573","1.077357","0.838504","18.273293","2113.605469","137.57753","1.335611","11.229811"
"2021-07-02","33897.046875","34.020481","496.349762","1.103611","0.846273","18.283562","2150.040283","136.943695","1.394397","11.132654"
"2021-07-03","34668.546875","34.478817","505.319977","1.118638","0.876621","18.538818","2226.114258","140.279694","1.406836","11.503907"
"2021-07-04","35287.78125","34.3106","526.429688","1.147865","0.879841","19.262838","2321.724121","144.905853","1.458184","12.3501"
"2021-07-05","33746.003906","32.984589","505.05545","1.10161","0.874267","18.37159","2198.58252","138.073242","1.404898","12.02681"
"2021-07-06","34235.195313","34.269138","511.667114","1.131786","0.913978","20.080465","2324.679443","138.985641","1.418053","13.357434"
"2021-07-07","33855.328125","36.59137","508.864532","1.128411","0.905079","19.764128","2315.161865","137.371216","1.403118","13.089753"
"2021-07-08","32877.371094","33.203728","490.991058","1.04334","0.869344","18.42205","2120.026367","132.308502","1.330146","12.119664"
"2021-07-09","33798.011719","33.264648","504.062988","1.051329","0.905238","18.630384","2146.692383","134.571594","1.349474","12.544168"
"2021-07-10","33520.519531","31.788645","497.499969","1.029878","0.891908","18.207788","2111.403564","133.987289","1.336085","12.025737"
"2021-07-11","34240.1875","32.177841","498.213715","1.042152","0.892433","18.363968","2139.664795","134.245834","1.348145","12.413665"
"2021-07-12","33155.847656","30.848087","480.844757","0.996988","0.870143","17.550354","2036.721069","133.538132","1.315099","12.186533"
"2021-07-13","32702.025391","29.121189","465.414917","0.945664","0.873876","16.866161","1940.083984","131.321808","1.265083","11.914669"
"2021-07-14","32822.347656","31.281","467.726837","0.928696","0.858836","16.945683","1994.331299","131.062607","1.262258","11.792096"
"2021-07-15","31780.730469","28.452101","454.633606","0.876782","0.831208","15.681652","1911.175659","125.491562","1.223192","11.349886"
"2021-07-16","31421.539063","26.370008","439.782776","0.812614","0.784993","15.262865","1880.382935","121.041054","1.173715","10.860897"
"2021-07-17","31533.068359","26.721668","437.037598","0.801461","0.784692","15.360056","1898.825195","120.027077","1.172302","10.927746"
"2021-07-18","31796.810547","26.751909","439.650604","0.795457","0.799911","15.502412","1895.552124","119.512016","1.183698","10.704651"
"2021-07-19","30817.832031","24.447577","415.691406","0.730728","0.749254","14.509062","1817.296631","113.164803","1.121116","10.169768"
"2021-07-20","29807.347656","23.489555","399.570984","0.690101","0.697207","13.775897","1787.510742","107.399483","1.056291","9.650588"
"2021-07-21","32110.693359","26.623079","430.435516","0.888009","0.765601","15.268477","1990.970825","117.459892","1.168098","10.420525"
"2021-07-22","32313.105469","27.702082","442.822571","0.880551","0.797338","16.085718","2025.202759","120.735794","1.186161","10.828588"
"2021-07-23","33581.550781","28.51388","455.783173","0.94923","0.807986","16.511562","2124.776611","124.249413","1.206307","11.099356"
"2021-07-24","34292.445313","28.70262","460.147278","0.949325","0.828798","16.705832","2189.21875","126.188675","1.233497","11.172817"
"2021-07-25","35350.1875","28.168774","456.024658","0.939943","0.89003","16.759659","2191.373779","127.597977","1.228501","11.240787"
"2021-07-26","37337.535156","28.306643","482.883301","1.017886","0.850768","18.089653","2233.366699","131.362488","1.258493","11.49217"
"2021-07-27","39406.941406","28.065327","502.295166","1.03982","0.854212","19.499634","2298.333496","134.617874","1.278446","11.919773"
"2021-07-28","39995.90625","27.815411","510.144501","1.015443","0.842405","19.030273","2296.54541","139.836609","1.283504","12.256927"
"2021-07-29","40008.421875","31.281137","538.303162","1.025704","0.845518","19.34585","2380.956787","141.321289","1.284084","12.418383"
"2021-07-30","42235.546875","32.393944","552.738708","1.069407","0.852903","22.315962","2466.961426","145.775024","1.308952","13.002365"
"2021-07-31","41626.195313","36.827312","547.803284","1.082649","0.841249","22.753702","2536.209961","144.933212","1.322345","13.591609"
"2021-08-01","39974.894531","34.25436","527.841614","1.052474","0.814141","22.126839","2561.852051","140.735535","1.31773","12.877432"
"2021-08-02","39201.945313","33.22242","543.988464","1.048186","0.817776","23.480349","2610.15332","141.505508","1.310068","13.006891"
"2021-08-03","38152.980469","33.996441","536.993713","1.018795","0.816772","23.875957","2502.349609","138.290848","1.365026","12.533294"
"2021-08-04","39747.503906","35.763626","545.966003","1.052682","0.827781","24.188875","2724.619873","142.623047","1.376564","13.679925"
"2021-08-05","40869.554688","37.355137","548.598145","1.064945","0.851273","24.050495","2827.328857","143.435974","1.386145","13.834281"
"2021-08-06","42816.5","39.446102","556.442932","1.080822","0.854019","23.859335","2890.94165","147.800949","1.401786","14.725431"
"2021-08-07","44555.800781","39.403473","583.125732","1.166139","0.875499","24.631653","3157.23877","155.864777","1.470677","15.76119"
"2021-08-08","43798.117188","37.673824","556.096313","1.080907","0.825421","23.045609","3013.732666","149.847733","1.42783","14.814119"
"2021-08-09","46365.402344","38.767784","592.488831","1.127634","0.855411","24.287247","3167.856201","166.516357","1.47764","16.231806"
"2021-08-10","45585.03125","40.639797","592.38385","1.157589","0.882651","24.566286","3141.691162","165.460419","1.672566","16.448439"
"2021-08-11","45593.636719","41.744114","621.18512","1.373568","0.912203","25.946539","3164.245117","170.935944","1.798038","16.748678"
"2021-08-12","44428.289063","41.099361","605.007507","1.321019","0.882887","24.917234","3043.414307","165.131027","1.823878","16.569054"
"2021-08-13","47793.320313","44.894501","653.958496","1.513186","0.954636","27.733137","3322.21167","183.286087","2.136079","18.048754"
"2021-08-14","47096.945313","44.11285","689.114868","1.441759","0.932215","27.155422","3265.443359","182.711273","2.191687","18.06765"
"2021-08-15","47047.003906","53.745159","703.18634","1.46644","0.996451","27.904013","3310.50415","184.904297","2.169153","18.795135"
"2021-08-16","46004.484375","62.432465","675.854553","1.427513","0.949383","28.084339","3156.509521","178.854492","2.079417","19.182631"
"2021-08-17","44695.359375","64.210709","638.80127","1.351759","0.884725","26.158136","3014.845947","168.842636","1.926601","23.529999"
"2021-08-18","44801.1875","72.543312","634.432861","1.338547","0.924821","25.512896","3020.089844","167.396606","2.10856","29.890814"
"2021-08-19","46717.578125","72.757607","658.888306","1.469268","1.044498","27.06476","3182.702148","175.493408","2.42814","30.634274"
"2021-08-20","49339.175781","78.724617","693.681641","1.552743","1.138164","28.701841","3286.935303","183.628525","2.457702","39.185303"
"2021-08-21","48905.492188","73.75621","676.063416","1.584974","1.147098","27.861591","3226.083984","179.736145","2.435435","43.786911"
"2021-08-22","49321.652344","72.803917","672.618286","1.626175","1.158165","28.022818","3242.115479","186.313095","2.713725","43.5322"
"2021-08-23","49546.148438","75.708038","677.710327","1.624296","1.159325","28.554102","3319.257324","187.10643","2.917386","46.450531"
"2021-08-24","47706.117188","70.670906","637.405273","1.474747","1.037633","25.752197","3172.456299","173.576813","2.721091","55.345852"
"2021-08-25","48960.789063","71.951569","649.314514","1.525951","1.06308","26.520479","3224.915283","177.603226","2.738132","46.115124"
"2021-08-26","46942.21875","75.316208","607.399475","1.377739","0.989957","24.426327","3100.325439","168.085587","2.535528","41.420753"
"2021-08-27","49058.667969","88.086983","635.265747","1.515493","1.065107","26.018299","3270.60083","175.984406","2.944197","50.077789"
"2021-08-28","48902.402344","96.703171","647.299805","1.457912","1.036796","25.72909","3244.40332","175.454086","2.84749","50.197136"
"2021-08-29","48829.832031","94.469673","660.172485","1.420782","1.021523","25.813662","3227.002686","174.704224","2.855986","47.509106"
"2021-08-30","47054.984375","110.544807","631.65802","1.313903","1.01899","24.980934","3224.374268","167.424667","2.73316","41.325077"
"2021-08-31","47166.6875","108.483772","636.765991","1.338104","1.116988","26.750708","3433.732666","171.659225","2.772475","39.48735"
"2021-09-01","48847.027344","111.033005","656.817078","1.471418","1.158855","29.735182","3834.828125","180.972168","2.870767","41.931602"
"2021-09-02","49327.722656","128.102386","664.838867","1.446721","1.145885","29.985245","3790.98999","183.617249","2.963438","47.755917"
"2021-09-03","50025.375","146.583054","712.818359","1.459217","1.220743","30.784266","3940.614746","212.965973","2.968239","45.911182"
"2021-09-04","49944.625","139.113068","709.572449","1.73391","1.207556","29.897823","3887.828369","212.358459","2.832807","47.143166"
"2021-09-05","51753.410156","142.070877","764.197571","1.679481","1.316672","33.503429","3952.133545","231.333984","2.910824","48.178925"
"2021-09-06","52633.535156","164.38092","784.366455","1.643828","1.46794","34.784859","3928.379395","219.525772","2.831897","47.042988"
"2021-09-07","46811.128906","173.148926","672.250549","1.354202","1.266267","28.11425","3426.394287","178.114395","2.502491","37.598949"
"2021-09-08","46091.390625","191.041397","662.192993","1.333335","1.923749","27.151009","3497.315186","179.72467","2.474989","37.051407"
"2021-09-09","46391.421875","188.195801","661.226746","1.367189","2.312248","27.978628","3427.340088","180.376801","2.517666","40.772614"
"2021-09-10","44883.910156","179.865234","629.420044","1.30448","2.004593","26.387524","3211.505859","174.296036","2.385911","49.189137"
"2021-09-11","45201.457031","178.867874","635.880066","1.31547","1.983835","27.041149","3270.278076","178.688568","2.63395","57.164246"
"2021-09-12","46063.269531","174.537628","647.329468","1.329738","2.37948","29.379244","3410.134521","183.234482","2.581727","59.25943"
"2021-09-13","44963.074219","169.269547","615.131653","1.24761","2.157169","26.918482","3285.511719","179.483948","2.400663","53.110153"
"2021-09-14","47092.492188","158.094818","639.96521","1.31679","2.037281","30.746164","3429.169678","183.139069","2.395638","51.578117"
"2021-09-15","48176.347656","159.117386","652.477661","1.416373","2.015922","30.7796","3615.282715","189.23941","2.501635","57.625393"
"2021-09-16","47783.359375","152.47406","639.57135","1.38358","2.039316","29.826551","3571.294922","185.538071","2.420969","67.842697"
"2021-09-17","47267.519531","147.593063","620.557861","1.422436","1.920465","27.694597","3398.538818","179.684082","2.346419","69.934013"
"2021-09-18","48278.363281","169.184219","630.215271","1.366242","2.072211","28.390577","3432.018311","181.308868","2.369978","69.012383"
"2021-09-19","47260.21875","152.516693","609.283508","1.314546","1.973453","27.395748","3329.447998","175.740601","2.282299","70.075722"
"2021-09-20","42843.800781","132.13446","540.876099","1.126376","1.65048","23.431099","2958.993408","156.46402","2.063989","56.677929"
"2021-09-21","40693.675781","123.950394","504.018951","1.046901","1.574855","21.432621","2764.431152","148.389877","1.987028","59.017357"
"2021-09-22","43574.507813","147.924255","547.645081","1.231154","1.842124","24.493073","3077.86792","161.412003","2.266182","74.187035"
"2021-09-23","44895.097656","149.753571","552.303772","1.225594","2.005741","25.453983","3155.523682","163.818344","2.330941","76.41906"
"2021-09-24","42839.75","139.395645","513.605774","1.128907","1.788689","23.280739","2931.669189","152.231735","2.281269","72.401901"
"2021-09-25","42716.59375","136.178925","517.896545","1.122275","1.733007","24.523661","2925.565674","151.181458","2.301541","68.38166"
"2021-09-26","43208.539063","135.699371","503.667419","1.123015","1.773634","24.602156","3062.265381","150.640869","2.208495","66.861969"
"2021-09-27","42235.730469","136.728424","489.011932","1.086693","1.674183","23.066298","2934.138916","145.349579","2.135905","66.508759"
"2021-09-28","41034.542969","131.537216","474.522003","1.050355","1.561947","22.1019","2807.296631","140.597122","2.039139","61.517719"
"2021-09-29","41564.363281","135.351456","485.419983","1.099416","1.605074","22.880529","2853.143311","144.918625","2.065688","65.520004"
"2021-09-30","43790.894531","141.069046","502.503632","1.127109","1.628595","23.986349","3001.678955","153.147995","2.114452","66.765884"
"2021-10-01","48116.941406","161.682373","543.302734","1.266195","1.774298","26.29744","3307.516113","166.132202","2.258127","67.570396"
"2021-10-02","47711.488281","169.093018","552.628357","1.296617","1.777467","26.946743","3391.694336","169.258926","2.251459","69.22049"
"2021-10-03","48199.953125","172.589157","570.499329","1.325379","1.987661","27.55904","3418.358643","170.60997","2.252873","68.717041"
"2021-10-04","49112.902344","166.731918","551.597046","1.27191","1.933079","26.559357","3380.089111","167.540146","2.189235","65.159843"
"2021-10-05","51514.8125","164.115829","594.042542","1.314544","1.953356","27.242628","3518.518555","173.891083","2.233124","64.650116"
"2021-10-06","55361.449219","154.107742","618.740845","1.257643","1.819466","26.837267","3580.562012","178.705673","2.212155","60.114075"
"2021-10-07","53805.984375","154.281189","612.156738","1.276508","1.888237","26.834036","3587.974854","178.771729","2.276995","61.488354"
"2021-10-08","53967.847656","158.949203","595.772644","1.344028","1.899197","26.400961","3563.759277","175.972382","2.237176","60.520226"
"2021-10-09","54968.222656","156.825836","614.483459","1.35114","1.890509","27.417076","3575.716797","179.658661","2.266615","60.566257"
"2021-10-10","54771.578125","148.048706","586.642639","1.248175","1.771453","25.648935","3425.852783","175.318573","2.197214","56.593575"
"2021-10-11","57484.789063","144.858139","601.811157","1.243724","1.717525","25.258816","3545.354004","179.426056","2.173389","55.304611"
"2021-10-12","56041.058594","152.737122","587.449463","1.223871","1.744901","24.623648","3492.573242","172.79776","2.11919","54.357971"
"2021-10-13","57401.097656","148.176041","594.508484","1.241118","1.838683","25.61175","3606.20166","177.628326","2.189053","55.152489"
"2021-10-14","57321.523438","149.756805","597.616821","1.263054","1.804155","26.647486","3786.01416","180.118393","2.170363","56.081104"
"2021-10-15","61593.949219","162.596207","624.503845","1.583205","1.752944","26.944546","3862.634766","188.814133","2.214651","56.251087"
"2021-10-16","60892.179688","157.538818","626.320496","1.506134","1.796759","27.228479","3830.38208","186.189301","2.177713","57.483093"
"2021-10-17","61553.617188","159.743805","611.691528","1.456535","1.768144","26.540886","3847.104492","183.73053","2.156963","56.077366"
"2021-10-18","62026.078125","157.231277","611.165833","1.479116","1.736743","25.704576","3748.760254","185.556747","2.128263","55.474483"
"2021-10-19","64261.992188","156.017029","619.0849","1.471905","1.711154","25.936241","3877.650879","188.939819","2.112962","56.816975"
"2021-10-20","65992.835938","175.946869","644.396057","1.531869","1.788533","27.419165","4155.992188","206.870789","2.18595","59.559841"
"2021-10-21","62210.171875","190.318436","623.74054","1.504455","1.782411","28.268347","4054.322754","196.869186","2.136591","61.309811"
"2021-10-22","60692.265625","196.431534","623.593079","1.514093","1.859406","28.661047","3970.181885","190.822281","2.154199","65.455284"
"2021-10-23","61393.617188","197.703857","629.455383","1.641918","1.910205","31.459808","4171.663574","196.309509","2.166815","65.459167"
"2021-10-24","60930.835938","202.361984","617.85675","1.573738","1.816633","29.770857","4087.903076","190.905685","2.123435","64.518394"
"2021-10-25","63039.824219","210.104294","621.694336","1.674449","2.043943","32.46011","4217.876953","195.299561","2.144066","69.824692"
"2021-10-26","60363.792969","199.807251","611.638489","1.736025","2.037904","32.503048","4131.102051","197.468872","2.138777","68.871132"
"2021-10-27","58482.386719","183.774597","549.09436","1.759942","1.788678","28.885674","3930.257324","179.334122","1.913237","61.516636"
"2021-10-28","60622.136719","194.863983","579.468872","2.12851","1.8484","30.227047","4287.318848","189.977631","1.988219","64.430077"
"2021-10-29","62227.964844","200.182755","593.519287","2.020572","1.87048","30.934832","4414.746582","196.344711","2.012187","64.772469"
"2021-10-30","61888.832031","195.416061","584.846375","1.868109","1.819644","29.78167","4325.650391","190.482346","1.957422","62.415268"
"2021-10-31","61318.957031","202.421021","596.238647","1.935003","1.82869","29.985006","4288.074219","191.816376","1.965026","64.287804"
"2021-11-01","61004.40625","203.54509","587.672852","1.903897","1.833672","31.565237","4324.626953","197.554993","1.950002","65.072517"
"2021-11-02","63226.402344","220.239594","598.34137","1.937505","1.861833","32.265533","4584.798828","200.724686","1.971377","67.584557"
"2021-11-03","62970.046875","242.898819","611.106323","2.034598","1.927815","31.990866","4607.193848","207.110138","2.063701","75.43042"
"2021-11-04","61452.230469","247.387772","596.409485","1.917041","1.858965","31.020929","4537.324219","202.967987","1.984882","79.293221"
"2021-11-05","61125.675781","236.474335","598.856018","1.901464","1.848338","32.917904","4486.243164","199.537933","1.986206","74.364738"
"2021-11-06","61527.480469","258.934326","589.249023","1.884886","1.836958","32.083439","4521.581055","197.866364","2.006609","78.685204"
"2021-11-07","63326.988281","249.823486","600.881287","1.884112","1.86543","32.349564","4620.554688","202.051315","2.021872","87.705421"
"2021-11-08","67566.828125","248.467178","638.941956","1.894047","2.053813","34.477592","4812.087402","228.696198","2.124419","91.184784"
"2021-11-09","66971.828125","239.213135","716.318604","1.776468","1.944144","33.859272","4735.068848","262.906708","2.273483","88.454865"
"2021-11-10","64995.230469","233.779526","666.694031","1.705656","1.934534","34.342705","4636.174316","261.26297","2.101802","85.295273"
"2021-11-11","64949.960938","234.240753","676.993591","1.759541","2.031259","34.83717","4730.384277","263.0867","2.085524","88.061333"
"2021-11-12","64155.941406","228.50209","668.282166","1.7157","2.150452","34.265522","4667.115234","251.558365","2.045766","84.724915"
"2021-11-13","64469.527344","241.825027","666.955811","1.754877","2.082551","34.064831","4651.460449","258.093201","2.053104","97.260468"
"2021-11-14","65466.839844","238.425522","678.742859","1.729668","1.983129","33.776585","4626.358887","278.007507","2.040853","95.403542"
"2021-11-15","63557.871094","237.553604","665.640808","1.691724","1.889635","32.010754","4557.503906","262.763397","2.015587","93.550232"
"2021-11-16","60161.246094","219.239029","599.503967","1.562982","1.728312","29.225008","4216.365234","230.599426","1.877235","97.975571"
"2021-11-17","60368.011719","218.71524","595.566772","1.634736","1.660823","29.193048","4287.59375","229.504105","1.87554","107.802078"
"2021-11-18","56942.136719","195.487411","554.80603","1.498249","1.845844","26.525694","4000.650879","204.422913","1.788331","100.252769"
"2021-11-19","58119.578125","215.280014","575.601013","1.617965","1.880408","28.291117","4298.306641","218.13858","1.864793","112.02356"
"2021-11-20","59697.195313","218.015274","584.369446","1.664691","1.836293","28.334068","4409.931152","227.079605","1.921736","125.77063"
"2021-11-21","58730.476563","231.282623","575.927185","1.602403","1.833936","29.036161","4269.73291","221.771942","1.839763","128.599823"
"2021-11-22","56289.289063","215.737274","557.317261","1.558412","1.735723","26.758991","4088.457764","209.15802","1.776555","134.531036"
"2021-11-23","57569.074219","221.836899","571.203979","1.753211","1.833481","26.933676","4340.763672","216.388977","1.750503","123.831047"
"2021-11-24","56280.425781","214.921539","559.120972","1.680279","1.789303","26.259172","4239.981445","209.806595","1.686423","120.228188"
"2021-11-25","57274.679688","206.252991","612.676819","1.787088","1.752958","26.185106","4274.743164","215.634979","1.651345","122.648529"
"2021-11-26","53569.765625","191.511749","555.829041","1.631861","1.596502","23.856281","4030.908936","194.874649","1.52842","103.829582"
"2021-11-27","54815.078125","193.102158","563.33844","1.61404","1.678012","24.114759","4096.912109","195.174423","1.546118","113.276649"
"2021-11-28","57248.457031","200.676651","568.336182","1.65184","1.711715","24.82391","4294.453613","199.354218","1.592855","110.58902"
"2021-11-29","57806.566406","204.319366","576.121765","1.817825","1.777569","25.017925","4445.10498","205.870209","1.602508","120.258301"
"2021-11-30","57005.425781","208.67099","570.529663","1.785351","1.813682","25.341774","4631.479004","208.014542","1.554903","120.343697"
"2021-12-01","57229.828125","229.79924","571.056885","2.008298","1.967895","25.356211","4586.990234","208.971252","1.547713","119.750847"
"2021-12-02","56477.816406","233.993042","561.450623","2.127288","1.883214","24.537094","4511.302246","203.489624","1.715366","107.866547"
"2021-12-03","53598.246094","211.224396","532.355042","2.26803","1.743518","23.291527","4220.706055","188.099716","1.556555","108.137848"
"2021-12-04","49200.703125","201.124832","473.8508","1.980306","1.651683","20.667728","4119.587402","163.052704","1.420706","92.880234"
"2021-12-05","49368.847656","196.168259","453.490265","2.045602","1.758483","19.477322","4198.322754","156.40979","1.378105","85.790024"
"2021-12-06","50582.625","194.199219","475.756775","2.279711","1.772159","19.884268","4358.737305","161.88652","1.425393","93.319298"
"2021-12-07","50700.085938","190.596909","475.160278","2.366476","1.690443","21.091574","4315.061523","162.292862","1.381941","89.952179"
"2021-12-08","50504.796875","194.621704","480.850708","2.41873","1.697753","22.886017","4439.35791","165.223465","1.397074","93.221054"
"2021-12-09","47672.121094","181.178085","449.47644","2.090278","1.549767","20.306026","4119.815918","151.795303","1.29044","85.461769"
"2021-12-10","47243.304688","167.954834","439.278503","2.097674","1.460471","18.583904","3908.496094","148.598297","1.211689","80.739677"
"2021-12-11","49362.507813","171.949493","459.781769","2.132516","1.526278","19.94931","4084.452393","158.041916","1.354248","86.392815"
"2021-12-12","50098.335938","173.431671","458.711578","2.086989","1.542","20.456585","4134.453125","159.203964","1.347282","88.109116"
"2021-12-13","46737.480469","155.213058","421.663849","1.820277","1.321398","17.775459","3784.226807","144.535904","1.225348","79.149628"
"2021-12-14","46612.632813","153.341446","424.442963","1.802769","1.32386","17.587616","3745.44043","146.078003","1.222835","87.311905"
"2021-12-15","48896.722656","178.34079","447.720245","2.12206","1.426744","19.714485","4018.388672","153.515411","1.311847","101.18145"
"2021-12-16","47665.425781","176.954666","438.585663","2.072689","1.387747","18.786173","3962.469727","148.941727","1.240534","98.401886"
"2021-12-17","46202.144531","175.503296","425.827728","2.128068","1.348423","18.291275","3879.486572","144.338409","1.219892","111.008766"
"2021-12-18","46848.777344","182.835129","436.05896","2.231474","1.378619","19.518829","3960.860107","148.801407","1.242534","116.016869"
"2021-12-19","46707.015625","180.098053","433.019104","2.222236","1.355569","18.852444","3922.592529","153.077637","1.244661","107.673782"
"2021-12-20","46880.277344","173.671783","430.444489","2.127742","1.29536","18.747501","3933.844482","152.628677","1.23824","113.408516"
"2021-12-21","48936.613281","180.092545","438.4151","2.375985","1.355629","19.454205","4020.26001","154.927094","1.280859","123.332947"
"2021-12-22","48628.511719","178.597122","438.365997","2.501101","1.363356","19.91474","3982.099609","155.467499","1.328041","116.477356"
"2021-12-23","50784.539063","190.036316","455.40152","2.679163","1.466691","22.14197","4108.015625","163.449493","1.474691","121.209969"
"2021-12-24","50822.195313","190.273193","451.695892","2.467273","1.57394","21.473009","4047.98291","161.421036","1.392367","114.976456"
"2021-12-25","50429.859375","193.120926","456.433838","2.636828","1.572939","22.120226","4093.281006","157.785599","1.453495","115.031929"
"2021-12-26","50809.515625","198.000732","452.2211","2.876757","1.608537","23.009712","4067.328125","155.99234","1.456045","115.214828"
"2021-12-27","50640.417969","195.429504","465.268524","2.725954","1.658262","22.982037","4037.547607","155.881226","1.512913","113.598618"
"2021-12-28","47588.855469","177.425629","439.571533","2.498206","1.469383","20.391455","3800.893066","145.886871","1.402264","107.215614"
"2021-12-29","46444.710938","170.657562","430.083099","2.470006","1.579744","19.702854","3628.531738","145.512619","1.330814","102.998123"
"2021-12-30","47178.125","172.75119","431.536743","2.557751","1.734197","19.970343","3713.852051","148.286011","1.360415","101.928276"
"2021-12-31","46306.445313","170.299072","430.639557","2.527107","1.660024","19.592325","3682.632813","146.51474","1.310209","109.270485"
"2022-01-01","47686.8125","178.517944","444.456177","2.574791","1.740108","20.665089","3769.697021","150.697433","1.376975","114.158012"
"2022-01-02","47345.21875","176.382843","447.832642","2.54919","1.674041","21.83189","3829.564941","151.255493","1.377584","113.186333"
"2022-01-03","46458.117188","170.297745","434.943848","2.432652","1.78821","23.573906","3761.380371","148.461594","1.321637","108.14521"
"2022-01-04","45897.574219","167.938904","427.524323","2.367248","1.674683","23.525866","3794.056641","146.812286","1.311658","103.239243"
"2022-01-05","43569.003906","155.099731","401.57251","2.195475","1.559897","25.447802","3550.386963","136.089111","1.236002","97.852577"
"2022-01-06","43160.929688","150.431351","400.639252","2.25078","1.566718","25.377213","3418.408203","136.503784","1.279782","95.19854"
"2022-01-07","41557.902344","136.402817","386.058319","2.053826","1.44129","25.96064","3193.210449","131.488449","1.211547","86.767715"
"2022-01-08","41733.941406","142.513458","374.257965","1.99586","1.387388","25.4748","3091.972656","130.137482","1.187512","84.056839"
"2022-01-09","41911.601563","140.839005","377.102844","2.115518","1.402032","27.566217","3157.751465","131.298325","1.17386","89.206558"
"2022-01-10","41821.261719","135.954941","364.069214","2.071802","1.368673","27.883266","3083.0979","126.833824","1.128052","84.532616"
"2022-01-11","42735.855469","140.183853","369.83075","2.356945","1.446629","26.69095","3238.111572","131.544983","1.18511","89.501816"
"2022-01-12","43949.101563","151.70311","383.913635","2.392591","1.493607","26.777945","3372.258301","141.737198","1.304535","95.823509"
"2022-01-13","42591.570313","146.01004","377.585052","2.263317","1.357751","24.872852","3248.288574","136.63652","1.233161","89.407883"
"2022-01-14","43099.699219","146.159027","386.17276","2.337727","1.384964","25.781769","3310.001465","144.724915","1.290926","90.34053"
"2022-01-15","43177.398438","147.801178","391.154083","2.353693","1.382826","25.252832","3330.530762","147.937408","1.296263","93.315819"
"2022-01-16","43113.878906","147.856522","388.711609","2.329822","1.430372","25.553156","3350.921875","146.533203","1.407251","92.239799"
"2022-01-17","42250.550781","139.92601","381.103821","2.22197","1.3485","23.841059","3212.304932","151.667267","1.594131","86.750664"
"2022-01-18","42375.632813","141.587189","382.047028","2.128439","1.319047","23.003719","3164.025146","141.890762","1.465541","86.013412"
"2022-01-19","41744.328125","135.792389","370.581177","2.035978","1.269974","21.653994","3095.825928","136.916702","1.341757","82.903305"
"2022-01-20","40680.417969","127.205284","358.108337","1.960373","1.167778","20.195139","3001.120117","130.365005","1.258055","79.068459"
"2022-01-21","36457.316406","111.966057","315.208649","1.69899","1.032348","17.426189","2557.931641","114.391869","1.123233","65.922562"
"2022-01-22","35030.25","94.178368","291.441498","1.530623","0.949706","15.827586","2405.181152","108.428497","1.066716","59.72905"
"2022-01-23","36276.804688","99.578224","301.807953","1.616248","0.98771","16.565233","2535.039063","112.089508","1.122371","64.72541"
"2022-01-24","36654.328125","91.650162","292.229126","1.507573","0.918221","15.584162","2440.352295","109.591599","1.066598","62.877632"
"2022-01-25","36954.003906","94.720352","292.233826","1.558538","0.929292","15.527325","2455.935059","108.066376","1.043574","67.900589"
"2022-01-26","36852.121094","92.238045","289.951355","1.591055","0.926965","15.270565","2468.030273","107.282181","1.079047","65.995789"
"2022-01-27","37138.234375","89.632492","289.510284","1.591683","0.936522","15.180518","2423.001221","106.953514","1.043533","64.696808"
"2022-01-28","37784.332031","91.312897","296.796112","1.679217","0.956669","16.123285","2547.092041","109.432732","1.050606","67.127312"
"2022-01-29","38138.179688","96.223488","298.871399","1.694964","0.967955","16.205904","2597.084717","110.823677","1.05957","72.120277"
"2022-01-30","37917.601563","93.297676","290.500732","1.60533","0.945256","17.768534","2603.466553","108.799858","1.037473","67.973785"
"2022-01-31","38483.125","99.738838","285.539276","1.643921","0.952808","17.240427","2688.278809","109.5877","1.052303","69.992424"
"2022-02-01","38743.273438","109.978981","288.148438","1.647593","0.967095","17.024292","2792.117188","115.402","1.088624","73.448814"
"2022-02-02","36952.984375","101.837601","278.590363","1.541885","0.924892","15.819188","2682.854004","108.556023","1.028906","67.879974"
"2022-02-03","37154.601563","101.459038","279.975922","1.550246","0.931399","16.17811","2679.162598","110.287003","1.056444","68.107719"
"2022-02-04","41500.875","112.174248","305.983124","1.69083","0.996887","17.44544","2983.586914","120.918037","1.135624","77.311638"
"2022-02-05","41441.164063","113.894302","320.87854","1.71436","1.002953","17.802694","3014.648193","121.91674","1.127345","77.249489"
"2022-02-06","42412.433594","115.299759","325.009369","1.739951","1.023854","18.039454","3057.476074","127.445503","1.144547","78.757263"
"2022-02-07","43840.285156","117.355148","342.796906","2.019142","1.07008","18.876795","3142.470703","137.107391","1.197307","83.167"
"2022-02-08","44118.445313","113.595482","336.254028","1.948614","1.026535","18.426355","3122.608643","133.991241","1.17872","86.624199"
"2022-02-09","44338.796875","114.019379","345.833649","2.042768","1.037993","18.642735","3239.457031","140.1716","1.19481","90.020866"
"2022-02-10","43565.113281","106.202805","341.832031","1.895883","0.98157","17.525623","3077.482178","135.088394","1.152478","91.136223"
"2022-02-11","42407.9375","96.381882","320.552704","1.714621","0.916253","16.18428","2927.383545","126.031158","1.080347","81.732994"
"2022-02-12","42244.46875","95.918205","329.236877","1.699511","0.917786","15.95139","2917.362793","126.683678","1.058199","81.245674"
"2022-02-13","42197.515625","93.244102","334.87149","1.670021","0.90071","15.735866","2883.463379","126.204216","1.045819","78.243118"
"2022-02-14","42586.917969","96.433273","331.334412","1.658878","0.900218","15.939896","2933.479004","124.800056","1.050267","82.019669"
"2022-02-15","44575.203125","104.873306","343.13092","1.862855","0.970179","17.31986","3179.877197","131.762619","1.107586","92.672501"
"2022-02-16","43961.859375","101.932899","335.361603","1.838526","0.979853","17.174133","3127.830078","128.160843","1.084981","95.346115"
"2022-02-17","40538.011719","93.410423","312.816193","1.65687","0.896854","15.572245","2881.481934","116.302414","1.019895","88.123772"
"2022-02-18","40030.976563","90.06546","310.977936","1.595514","0.896618","15.232381","2785.727539","115.19709","0.997113","83.836975"
"2022-02-19","40122.15625","91.496651","312.023926","1.631835","0.899924","15.521563","2763.701172","115.709007","0.997703","85.099319"
"2022-02-20","38431.378906","90.901413","303.13562","1.515849","0.8465","14.649103","2628.648438","110.832039","0.932902","77.336784"
"2022-02-21","37075.28125","83.123161","284.345673","1.408787","0.785157","13.538115","2573.816162","103.450493","0.858236","69.98893"
"2022-02-22","38286.027344","86.465385","293.675354","1.464476","0.811232","14.02696","2639.299316","107.522797","0.889017","74.574356"
"2022-02-23","37296.570313","84.902786","289.30835","1.442374","0.787281","13.407191","2590.359619","105.96595","0.869169","73.698631"
"2022-02-24","38332.609375","89.194748","300.810516","1.439593","0.77676","13.267228","2598.067139","104.230492","0.853425","76.523964"
"2022-02-25","39214.21875","92.598824","308.459045","1.55065","0.829529","14.338566","2764.535645","109.266312","0.898027","80.832619"
"2022-02-26","39105.148438","90.141563","314.530853","1.515294","0.859006","14.69032","2781.111816","108.24366","0.887918","81.879707"
"2022-02-27","37709.785156","85.519051","304.103607","1.453002","0.797121","13.654266","2621.801758","103.105598","0.858335","74.991188"
"2022-02-28","43193.234375","99.520348","337.122009","1.611191","0.867388","15.11647","2919.201172","113.474579","0.959828","84.339233"
"2022-03-01","44354.636719","98.653557","328.231384","1.621352","0.856131","15.334708","2972.485107","112.544044","0.962346","86.735931"
"2022-03-02","43924.117188","100.649635","320.405151","1.635245","0.820205","15.294949","2950.118408","110.351357","0.938662","83.291664"
"2022-03-03","42451.789063","95.5392","315.126312","1.584413","0.797712","14.897106","2834.468994","111.352119","0.902659","78.557648"
"2022-03-04","39137.605469","88.245979","289.91745","1.474946","0.760303","13.714876","2617.156006","101.3918","0.842889","75.654243"
"2022-03-05","39400.585938","89.647842","293.979858","1.508266","0.773815","14.022286","2664.831055","104.977188","0.865672","76.727425"
"2022-03-06","38419.984375","84.542183","283.082794","1.436698","0.747422","13.338135","2555.037354","101.593918","0.823752","72.529022"
"2022-03-07","38062.039063","82.130066","274.935089","1.416363","0.732773","12.712721","2497.77124","98.869263","0.797379","71.880539"
"2022-03-08","38737.269531","82.254761","284.369629","1.445284","0.739497","13.077511","2576.747559","100.617645","0.80125","72.918358"
"2022-03-09","41982.925781","88.202065","308.348907","1.506817","0.768778","14.015894","2729.783447","106.942093","0.849293","77.716049"
"2022-03-10","39437.460938","82.939087","289.868347","1.439197","0.73121","13.195725","2608.048584","102.65551","0.806316","74.004097"
"2022-03-11","38794.972656","80.744995","288.197296","1.406504","0.703804","13.078199","2559.562988","104.965355","0.790125","71.235474"
"2022-03-12","38904.011719","81.553818","291.201599","1.399485","0.706042","13.186159","2574.75415","105.832397","0.790674","71.002197"
"2022-03-13","37849.664063","78.936073","280.412231","1.362876","0.682473","12.740458","2518.94458","102.114799","0.790995","68.075996"
"2022-03-14","39666.753906","81.17334","289.546478","1.377899","0.706907","13.401471","2590.696045","105.673653","0.803917","68.891838"
"2022-03-15","39338.785156","82.955086","289.695526","1.380196","0.716973","13.714278","2620.149658","106.988571","0.800006","69.887383"
"2022-03-16","41143.929688","87.903625","299.721771","1.468359","0.73724","14.6964","2772.055664","111.359192","0.838374","74.183746"
"2022-03-17","40951.378906","87.876846","296.45874","1.449111","0.743077","14.421711","2814.854492","110.310234","0.836784","79.538513"
"2022-03-18","41801.15625","89.822037","305.863892","1.499555","0.757296","15.028581","2945.343018","112.115868","0.853433","85.762383"
"2022-03-19","42190.652344","92.418152","327.620087","1.528071","0.764453","14.975159","2946.25708","116.373268","0.901099","89.694122"
"2022-03-20","41247.824219","88.614861","326.963348","1.463919","0.742213","14.552144","2860.459229","114.82914","0.877092","84.724304"
"2022-03-21","41077.996094","88.757202","335.231598","1.466493","0.825169","15.007803","2897.976563","116.15873","0.916782","86.449699"
"2022-03-22","42358.808594","90.51297","376.736816","1.505448","0.824602","15.450861","2973.131104","122.927963","0.97644","83.981445"
"2022-03-23","42892.957031","95.102684","364.305481","1.556303","0.837494","15.800262","3031.067139","122.475418","1.107482","86.251015"
"2022-03-24","43960.933594","102.223694","366.106293","1.628765","0.891579","16.171621","3108.062012","126.581276","1.130011","87.555389"
"2022-03-25","44348.730469","98.658104","364.740173","1.579573","0.889912","15.584914","3106.671387","124.067368","1.097888","83.661369"
"2022-03-26","44500.828125","101.764183","361.893463","1.610803","0.912392","15.821914","3143.178955","124.881332","1.150594","85.95565"
"2022-03-27","46820.492188","107.084221","376.537445","1.693481","0.948368","16.849527","3291.577637","129.397476","1.182148","89.824844"
"2022-03-28","47128.003906","106.465256","368.139282","1.660387","0.908194","16.517033","3336.634521","127.938614","1.170184","89.604553"
"2022-03-29","47465.730469","111.710312","373.529968","1.674787","0.923415","16.973129","3401.987793","130.061234","1.191112","92.840889"
"2022-03-30","47062.664063","120.699486","379.637817","1.684619","0.926929","17.209745","3385.157959","131.169342","1.190385","95.779984"
"2022-03-31","45538.675781","122.661461","384.044342","1.617286","0.927631","16.910994","3281.642822","123.716011","1.141851","96.92466"
"2022-04-01","46281.644531","134.430939","376.888977","1.693914","0.939183","17.312368","3449.552246","124.883179","1.165425","96.693184"
"2022-04-02","45868.949219","132.198868","373.293427","1.654025","0.905565","17.403168","3445.059326","124.923485","1.156007","95.973267"
"2022-04-03","46453.566406","136.77533","378.777954","1.68881","0.934088","18.094217","3522.833496","128.946213","1.185941","98.077782"
"2022-04-04","46622.675781","132.412628","375.817719","1.649918","0.883821","17.47464","3521.241211","124.861702","1.212945","95.520218"
"2022-04-05","45555.992188","126.862236","365.984802","1.592921","0.835108","16.773735","3411.79248","123.213173","1.170801","91.021095"
"2022-04-06","43206.738281","112.883385","331.067932","1.458747","0.767548","15.427791","3171.691895","112.461334","1.052771","82.95591"
"2022-04-07","43503.847656","118.796516","336.774506","1.514054","0.801546","15.7753","3233.274658","114.230194","1.091894","87.919708"
"2022-04-08","42287.664063","109.80088","323.342896","1.435702","0.757422","15.135032","3192.073975","110.882065","1.026326","83.769226"
"2022-04-09","42782.136719","112.972794","326.078491","1.464322","0.788707","15.433226","3261.91626","112.777275","1.045015","84.594627"
"2022-04-10","42207.671875","111.742439","320.940277","1.433465","0.753789","15.348768","3211.866943","111.173775","1.030885","81.816467"
"2022-04-11","39521.902344","99.339104","294.76297","1.333174","0.691414","13.75277","2981.052246","102.607391","0.92045","74.172615"
"2022-04-12","40127.183594","103.306389","304.586273","1.392868","0.724837","13.973591","3030.376465","104.828415","0.955145","76.360062"
"2022-04-13","41166.730469","105.001945","341.976013","1.420106","0.745761","14.183898","3118.344238","110.482452","0.974696","80.001976"
"2022-04-14","39935.515625","100.707802","337.560822","1.372641","0.726351","13.646021","3019.909424","107.411041","0.932412","76.817856"
"2022-04-15","40553.464844","101.309776","340.612915","1.396421","0.739456","14.120528","3040.916504","111.109344","0.954717","77.437538"
"2022-04-16","40424.484375","102.257317","343.198151","1.390932","0.744795","14.150531","3062.310303","114.43071","0.95264","77.890266"
"2022-04-17","39716.953125","100.409698","328.703308","1.340074","0.710989","13.764988","2993.40332","109.042786","0.917466","75.709259"
"2022-04-18","40826.214844","102.158531","340.019135","1.421155","0.73703","14.037702","3057.606689","111.226143","0.93673","77.793678"
"2022-04-19","41502.75","108.582031","340.395203","1.428176","0.759519","14.258342","3104.106445","113.812088","0.953333","80.285919"
"2022-04-20","41374.378906","105.497002","330.724213","1.417744","0.741325","14.024039","3077.74585","111.979691","0.937341","78.27433"
"2022-04-21","40527.363281","101.776138","315.880707","1.379862","0.718713","13.588746","2987.480713","106.997986","0.910474","75.080742"
"2022-04-22","39740.320313","100.612053","320.967468","1.399139","0.720447","13.609354","2964.835693","105.600624","0.907154","74.122963"
"2022-04-23","39486.730469","100.744438","313.447144","1.365971","0.708088","13.343726","2938.114014","105.504372","0.888503","72.920013"
"2022-04-24","39469.292969","99.235794","308.138397","1.344245","0.700633","13.287423","2922.732666","104.622604","0.88635","71.603035"
"2022-04-25","40458.308594","101.247635","314.774475","1.352666","0.703314","13.458693","3009.393555","104.687019","0.898695","72.867424"
"2022-04-26","38117.460938","95.78215","295.9104","1.242833","0.655285","12.354577","2808.29834","98.404678","0.827645","68.672058"
"2022-04-27","39241.121094","98.378868","307.333801","1.257685","0.670329","12.73311","2888.929688","100.538757","0.840595","69.857727"
"2022-04-28","39773.828125","98.18573","306.734406","1.238904","0.699503","12.662813","2936.940918","103.323349","0.84395","67.31945"
"2022-04-29","38609.824219","94.011345","294.709229","1.140579","0.636792","11.970266","2815.601807","100.378006","0.805043","63.417095"
"2022-04-30","37714.875","85.095932","278.668884","1.03575","0.567972","10.997047","2730.186768","96.165985","0.75666","57.048004"
"2022-05-01","38469.09375","89.671509","284.411987","1.101164","0.601941","11.312018","2827.756104","99.435776","0.790344","58.856148"
"2022-05-02","38529.328125","87.581017","285.090942","1.077591","0.615959","11.17878","2857.4104","100.69323","0.781529","60.517105"
"2022-05-03","37750.453125","85.842377","279.482819","1.075959","0.669816","11.121428","2783.476318","99.343018","0.771145","59.660107"
"2022-05-04","39698.371094","92.770851","299.85614","1.171032","0.714433","12.14561","2940.644775","106.274864","0.896942","67.086105"
"2022-05-05","36575.140625","84.596024","277.293304","1.064691","0.634279","10.9174","2749.213135","96.918915","0.791152","59.127441"
"2022-05-06","36040.921875","81.764107","274.981537","1.044133","0.696925","10.799844","2694.979736","96.791756","0.783359","57.034325"
"2022-05-07","35501.953125","78.983421","268.711639","1.021204","0.752375","10.239905","2636.093018","94.5709","0.761882","55.156693"
"2022-05-08","34059.265625","75.220184","261.769806","0.974345","0.72593","9.99003","2517.459961","93.976433","0.739563","51.521225"
"2022-05-09","30296.953125","63.269653","221.998428","0.821915","0.580643","8.272897","2245.43042","77.957153","0.610088","41.972042"
"2022-05-10","31022.90625","66.766151","231.91481","0.890409","0.584866","8.584442","2343.510986","80.22683","0.628963","44.560284"
"2022-05-11","28936.355469","50.21085","194.366745","0.666291","0.445101","6.916927","2072.108643","66.388802","0.5128","30.962866"
"2022-05-12","29047.751953","44.68359","194.172562","0.601539","0.418884","6.56927","1961.701538","64.402748","0.473746","30.357536"
"2022-05-13","29283.103516","48.593552","202.28743","0.667542","0.441429","7.147285","2014.418213","67.96254","0.528877","32.136429"
"2022-05-14","30101.265625","52.417225","211.217194","0.686139","0.463376","7.284692","2056.273926","68.95031","0.539358","34.082527"
"2022-05-15","31305.113281","58.81126","214.539734","0.737566","0.49117","7.941105","2145.706787","71.530373","0.5975","36.542336"
"2022-05-16","29862.917969","53.646461","197.295044","0.677282","0.457155","7.418418","2022.725952","67.211349","0.556716","32.571999"
"2022-05-17","30425.857422","57.125626","206.681503","0.726942","0.495451","7.725453","2090.40918","72.969315","0.578077","34.396461"
"2022-05-18","28720.271484","49.75621","188.025284","0.627577","0.433001","6.825543","1916.656128","66.415634","0.505615","29.605482"
"2022-05-19","30314.333984","52.213978","196.509079","0.658817","0.448932","7.219193","2018.336182","72.09668","0.533321","30.379015"
"2022-05-20","29200.740234","49.538509","190.896027","0.63651","0.435068","6.890322","1961.315674","68.658295","0.517907","28.953659"
"2022-05-21","29432.226563","50.317982","192.258179","0.649339","0.434132","7.058111","1974.518311","69.705788","0.528314","29.866652"
"2022-05-22","30323.722656","52.75518","198.933228","0.678312","0.444305","7.356995","2043.170166","71.774002","0.542618","31.807362"
"2022-05-23","29098.910156","49.05685","191.712875","0.641939","0.415417","7.028613","1972.181885","69.012756","0.512605","29.026232"
"2022-05-24","29655.585938","49.653336","195.799011","0.661554","0.418318","7.234005","1978.982788","70.321548","0.521224","29.025648"
"2022-05-25","29562.361328","47.982426","190.59967","0.645927","0.404882","6.97708","1944.827881","68.313118","0.513877","27.225376"
"2022-05-26","29267.224609","43.491211","181.010468","0.601061","0.380779","6.608134","1803.91333","63.828136","0.480883","23.55003"
"2022-05-27","28627.574219","40.981346","174.085449","0.573576","0.359436","6.273193","1724.922852","61.563923","0.455507","22.418623"
"2022-05-28","28814.900391","44.343163","179.024902","0.587884","0.367572","6.572396","1757.941772","62.313278","0.464764","24.839766"
"2022-05-29","29445.957031","44.909615","185.311554","0.598549","0.37834","6.712629","1812.031006","63.746628","0.481126","26.12007"
"2022-05-30","31726.390625","47.179443","196.802841","0.657168","0.419739","7.457923","1996.441284","69.120918","0.570073","27.632151"
"2022-05-31","31792.310547","45.767841","203.656708","0.662087","0.41046","7.59467","1942.328003","68.411385","0.625254","26.389933"
"2022-06-01","29799.080078","40.269669","186.33226","0.601778","0.385055","6.926415","1823.569336","62.967819","0.55275","23.800512"
"2022-06-02","30467.488281","40.891346","189.003326","0.619415","0.395174","7.201002","1834.150513","64.451355","0.587795","24.677284"
"2022-06-03","29704.390625","38.25922","183.259598","0.589917","0.381196","6.86243","1775.078613","62.659264","0.559658","23.005442"
"2022-06-04","29832.914063","38.931446","188.626938","0.595657","0.388092","7.39609","1801.609497","63.747383","0.566069","24.53233"
"2022-06-05","29906.662109","38.480534","180.027878","0.59795","0.391206","7.636985","1805.204956","63.207874","0.56709","24.164183"
"2022-06-06","31370.671875","42.433132","185.791168","0.632501","0.413006","7.966336","1859.289673","64.417274","0.609328","25.988592"
"2022-06-07","31155.478516","39.437572","182.374863","0.61666","0.399314","8.732022","1814.04834","63.90551","0.615445","24.635429"
"2022-06-08","30214.355469","38.843369","177.038986","0.607429","0.416912","8.717431","1793.572266","61.546677","0.641614","24.500254"
"2022-06-09","30111.998047","39.972607","175.60437","0.633665","0.403783","9.276541","1789.82605","60.215973","0.63292","24.41066"
"2022-06-10","29083.804688","37.089767","167.910202","0.594996","0.368867","8.046692","1665.042236","56.658417","0.574216","22.076071"
"2022-06-11","28360.810547","33.821117","156.954071","0.538566","0.346932","7.016142","1529.663452","52.29166","0.552777","19.798967"
"2022-06-12","26762.648438","30.743271","147.114212","0.501902","0.326955","6.341506","1445.216553","48.228905","0.496861","17.387442"
"2022-06-13","22487.388672","28.192362","126.70681","0.427883","0.302071","5.887119","1204.582764","43.300301","0.463133","16.019936"
"2022-06-14","22206.792969","29.714619","126.290863","0.41576","0.308923","6.759266","1211.662842","46.132015","0.484386","16.540352"
"2022-06-15","22572.839844","34.487942","127.572388","0.437749","0.339403","7.324715","1233.206421","50.491772","0.533296","18.211996"
"2022-06-16","20381.650391","29.989742","109.380051","0.381927","0.301162","6.336337","1067.730713","44.699718","0.475022","15.732276"
"2022-06-17","20471.482422","30.74292","120.936127","0.399841","0.310413","6.363195","1086.519287","47.684914","0.487392","16.009447"
"2022-06-18","19017.642578","31.807936","116.519043","0.346659","0.29591","5.93534","993.63678","47.247257","0.456182","14.841097"
"2022-06-19","20553.271484","34.243748","120.192253","0.383109","0.314557","6.599024","1127.656494","54.323166","0.484364","16.189737"
"2022-06-20","20599.537109","35.417114","118.977577","0.400759","0.319786","7.002992","1127.642456","52.905594","0.492261","17.137867"
"2022-06-21","20710.597656","36.121159","118.884758","0.418878","0.32461","6.838943","1124.824585","53.507679","0.479204","16.855997"
"2022-06-22","19987.029297","34.121635","113.308388","0.456558","0.313972","6.633892","1051.421875","52.105392","0.458568","16.075989"
"2022-06-23","21085.876953","38.175232","116.167274","0.561469","0.336137","7.001299","1143.386719","55.762833","0.480292","18.290051"
"2022-06-24","21231.65625","42.212048","114.539825","0.612201","0.350556","7.289775","1226.844727","55.992283","0.499224","20.548855"
"2022-06-25","21502.337891","42.332813","115.271767","0.600476","0.351128","7.271408","1243.446899","58.969929","0.498946","21.366358"
"2022-06-26","21027.294922","39.408089","113.079803","0.560724","0.332298","6.745378","1199.831665","56.876144","0.489653","19.692432"
"2022-06-27","20735.478516","38.451252","111.426849","0.532732","0.329622","6.558154","1193.680664","55.925556","0.48579","19.317566"
"2022-06-28","20280.634766","35.326439","103.172318","0.511107","0.31236","6.322357","1144.579224","52.811611","0.469671","18.120983"
"2022-06-29","20104.023438","33.873901","104.4049","0.495232","0.298932","6.210225","1098.943848","53.422539","0.465509","17.598017"
"2022-06-30","19784.726563","33.588417","102.734779","0.477371","0.314742","6.252963","1067.298828","53.64843","0.458849","16.929367"
"2022-07-01","19269.367188","32.80307","101.418022","0.461237","0.303807","6.069791","1059.767334","51.115242","0.448089","16.08592"
"2022-07-02","19242.255859","33.359409","106.48082","0.493042","0.307827","6.225627","1066.512817","50.485447","0.456351","16.336136"
"2022-07-03","19297.076172","33.385933","105.580055","0.460639","0.30962","6.205861","1073.766968","50.972176","0.455587","16.660402"
"2022-07-04","20231.261719","36.78503","108.132393","0.491593","0.31972","6.431877","1151.059082","52.243816","0.469644","17.939966"
"2022-07-05","20190.115234","35.395554","104.315605","0.511718","0.307984","6.321958","1134.541016","49.830593","0.457632","18.06473"
"2022-07-06","20548.246094","37.073563","106.165009","0.525265","0.311048","6.338929","1186.973999","50.361088","0.462179","19.147266"
"2022-07-07","21637.587891","38.518307","111.642029","0.562544","0.322458","6.641354","1237.593384","52.142895","0.477812","20.233839"
"2022-07-08","21731.117188","38.28672","109.007423","0.606265","0.31484","6.379156","1222.506226","51.564953","0.467311","19.797907"
"2022-07-09","21592.207031","38.07196","111.579353","0.589584","0.321841","6.50301","1216.978271","54.160618","0.47876","19.918478"
"2022-07-10","20860.449219","36.697609","107.043182","0.571268","0.309892","6.201322","1168.401611","52.16814","0.46322","19.152054"
"2022-07-11","19970.556641","33.4636","99.303749","0.563525","0.297572","6.04469","1097.236572","48.77459","0.43552","17.374582"
"2022-07-12","19323.914063","32.757595","97.541748","0.539862","0.292787","5.968435","1038.19165","47.542385","0.417928","16.845411"
"2022-07-13","20212.074219","34.910938","102.343864","0.635947","0.31007","6.177943","1113.587158","49.563126","0.438108","18.809504"
"2022-07-14","20569.919922","37.107822","103.004967","0.707589","0.329003","6.268182","1191.526245","51.218807","0.441025","19.729874"
"2022-07-15","20836.328125","37.415928","106.086365","0.70467","0.327935","6.327785","1233.12915","51.798065","0.442456","19.386038"
"2022-07-16","21190.316406","39.574123","109.598328","0.72683","0.339818","6.577695","1352.626465","55.125164","0.45723","21.211493"
"2022-07-17","20779.34375","38.644722","110.634705","0.753013","0.337161","6.348729","1338.635742","55.721352","0.447353","20.605005"
"2022-07-18","22485.689453","43.746159","121.632912","0.96178","0.360243","7.05954","1578.717896","58.626289","0.492543","24.089714"
"2022-07-19","23389.433594","44.899876","128.442963","0.925791","0.371736","7.256052","1542.97522","57.9842","0.515768","24.737207"
"2022-07-20","23231.732422","42.09367","121.824364","0.832758","0.344766","6.872341","1520.200684","57.237766","0.491043","23.597717"
"2022-07-21","23164.628906","43.190594","122.982178","0.907406","0.349321","6.998698","1576.749512","58.099823","0.500098","25.043924"
"2022-07-22","22714.978516","40.618504","123.509384","0.853441","0.338223","6.811353","1537.405151","56.176113","0.483946","23.715851"
"2022-07-23","22465.478516","40.040977","122.711555","0.875423","0.33545","6.857292","1549.297485","56.426319","0.517368","23.646006"
"2022-07-24","22609.164063","41.006584","132.385406","0.881263","0.341262","7.106037","1599.476685","58.485703","0.513814","23.866123"
"2022-07-25","21361.701172","36.711998","119.327477","0.775726","0.313076","6.465126","1445.383423","54.366276","0.47625","20.975677"
"2022-07-26","21239.753906","36.190853","118.632751","0.780243","0.311328","6.341288","1441.806763","53.790173","0.467607","20.668285"
"2022-07-27","22930.548828","40.30785","127.093964","0.895696","0.328031","6.855407","1636.232666","58.951004","0.510553","23.418182"
"2022-07-28","23843.886719","42.845268","154.744125","0.936113","0.33672","7.219182","1725.46814","63.463997","0.513328","24.237097"
"2022-07-29","23804.632813","41.926998","152.30159","0.938742","0.336469","7.912095","1727.406982","60.922493","0.523335","24.522364"
"2022-07-30","23656.207031","43.75589","145.045853","0.929613","0.337668","7.803387","1695.969482","60.440151","0.525576","24.228477"
"2022-07-31","23336.896484","42.400204","139.985977","0.928265","0.336081","7.666137","1681.517334","59.909508","0.51702","23.745783"
"2022-08-01","23314.199219","41.786484","138.213593","0.894406","0.343176","7.586885","1635.195801","59.535446","0.514123","23.658236"
"2022-08-02","22978.117188","39.754505","134.049179","0.879157","0.326626","7.208192","1632.945435","58.243855","0.496833","22.861057"
"2022-08-03","22846.507813","38.544418","134.504669","0.887698","0.326467","7.286331","1618.874512","57.805191","0.500988","23.071917"
"2022-08-04","22630.957031","38.830673","134.648254","0.89188","0.335424","7.356004","1608.205811","59.848576","0.499668","23.37562"
"2022-08-05","23289.314453","40.561031","141.227982","0.927659","0.358431","7.86457","1732.254639","62.401272","0.517503","24.949528"
"2022-08-06","22961.279297","40.057007","141.843689","0.907336","0.349125","7.802284","1691.658081","60.918343","0.511256","26.659428"
"2022-08-07","23175.890625","40.605591","141.357025","0.90669","0.355581","8.307046","1699.35083","61.102306","0.52747","27.889965"
"2022-08-08","23809.486328","42.170551","143.535538","0.92155","0.362338","8.6459","1775.516113","62.592129","0.536596","27.948954"
"2022-08-09","23164.318359","40.372623","134.740311","0.890508","0.345813","8.758239","1703.025024","59.259998","0.514052","27.420223"
"2022-08-10","23947.642578","42.365868","142.071899","0.937328","0.363977","9.055891","1851.742676","61.603851","0.537093","29.11731"
"2022-08-11","23957.529297","42.821789","142.974762","0.921404","0.361477","8.965302","1881.224121","61.904613","0.531258","28.555143"
"2022-08-12","24402.818359","45.334759","143.098221","0.933908","0.36537","9.333063","1957.24646","62.932228","0.540753","29.343828"
"2022-08-13","24424.068359","46.485348","144.310059","1.024847","0.368266","9.133019","1981.336548","63.753529","0.559813","29.108469"
"2022-08-14","24319.333984","44.916569","139.598679","1.000909","0.364301","8.774848","1936.802002","63.308758","0.570343","28.215635"
"2022-08-15","24136.972656","43.823223","137.515121","0.952035","0.358115","8.659611","1904.228149","60.825516","0.551171","27.92951"
"2022-08-16","23883.291016","43.158806","136.571838","0.935796","0.353048","8.466907","1878.139404","61.342339","0.557915","27.162704"
"2022-08-17","23335.998047","40.403053","133.749161","0.883179","0.339597","8.049441","1832.999634","60.374157","0.537038","25.486738"
"2022-08-18","23212.738281","39.545231","129.262726","0.859652","0.333179","7.673118","1847.007813","60.045689","0.512633","24.257698"
"2022-08-19","20877.552734","35.890259","114.595329","0.772135","0.303274","6.907883","1612.987305","54.031628","0.45098","22.487879"
"2022-08-20","21166.060547","35.269733","114.680069","0.786888","0.300486","6.905581","1577.003784","54.187553","0.451388","22.302879"
"2022-08-21","21534.121094","36.533199","119.310364","0.820216","0.306784","7.087409","1619.31897","55.492027","0.463546","22.97731"
"2022-08-22","21398.908203","35.47438","122.85778","0.810341","0.30303","7.034696","1622.505859","57.255676","0.461446","22.581425"
"2022-08-23","21528.087891","35.646252","133.494919","0.831794","0.307729","7.244896","1662.769897","57.079433","0.465207","23.524401"
"2022-08-24","21395.019531","34.957916","131.212296","0.813591","0.302357","7.135586","1657.059204","56.478168","0.458109","23.024132"
"2022-08-25","21600.904297","35.316463","130.680695","0.818728","0.307252","7.133749","1696.457031","56.792576","0.464999","23.020317"
"2022-08-26","20260.019531","31.726362","116.286339","0.763723","0.282159","6.486523","1507.782837","52.74445","0.430863","20.59803"
"2022-08-27","20041.738281","31.542433","115.351234","0.805348","0.28917","6.537517","1491.39502","53.05024","0.449703","20.077759"
"2022-08-28","19616.814453","30.392286","113.468826","0.784251","0.282036","6.2637","1430.547363","53.612019","0.430049","18.430382"
"2022-08-29","20297.994141","32.465298","119.613777","0.817403","0.298179","6.703226","1553.037354","55.771893","0.450703","19.349014"
"2022-08-30","19796.808594","31.412056","114.654579","0.814536","0.291311","6.557107","1523.838867","53.056812","0.452169","19.345507"
"2022-08-31","20049.763672","31.472956","115.342407","0.831821","0.288562","6.630673","1553.684937","53.856663","0.446665","19.12834"
"2022-09-01","20127.140625","31.585678","116.707718","0.885431","0.293296","6.895674","1586.176758","57.527969","0.457481","19.306751"
"2022-09-02","19969.771484","31.22793","116.36718","0.871968","0.30166","6.923277","1577.220459","61.040997","0.454559","18.860632"
"2022-09-03","19832.087891","31.109484","117.704323","0.889275","0.302723","6.840007","1556.872681","60.134804","0.480387","18.875084"
"2022-09-04","19986.712891","32.106956","118.137352","0.89423","0.312302","7.145919","1577.641602","60.900894","0.503084","19.005001"
