"","2015-11-02_to_2023-01-13_Index_7QRank","2015-11-02_to_2023-01-13_TSX60_Index"
"2015-11-02",0,0
"2015-11-03",0,0
"2015-11-04",0,-0.247229372293367
"2015-11-05",0,-1.23491374766752
"2015-11-06",0,-1.2088294130259
"2015-11-09",0,-1.74926142450103
"2015-11-10",0,-2.21266360138443
"2015-11-11",0,-2.66861737314144
"2015-11-12",0,-4.26134295639431
"2015-11-13",0,-4.73966183246279
"2015-11-16",0,-2.93821184974629
"2015-11-17",0,-3.16929140905527
"2015-11-18",0,-2.22509418403866
"2015-11-19",0,-1.51942492345745
"2015-11-20",0,-1.76789735401623
"2015-11-23",0,-2.28347814464903
"2015-11-24",0,-2.14557823291611
"2015-11-25",0,-2.21017748485358
"2015-11-26",0,-2.02134201763671
"2015-11-27",0,-2.53320357793937
"2015-11-30",0,-1.62875438401789
"2015-12-01",0,-0.242257139231683
"2015-12-02",0,-1.48835841128802
"2015-12-03",0,-2.55059644918915
"2015-12-04",0,-2.2573938100074
"2015-12-07",0,-4.51851679481106
"2015-12-08",0,-5.47887377727817
"2015-12-09",0,-5.23163446051869
"2015-12-10",0,-4.73966183246279
"2015-12-11",0,-6.43550158494901
"2015-12-14",0,-6.88026783231721
"2015-12-15",0,-5.13846475740873
"2015-12-16",0,-3.30098597392721
"2015-12-17",0,-4.67878181085546
"2015-12-18",0,-4.68002486912089
"2015-12-21",0,-4.58933133807566
"2015-12-22",0,-4.20294905131783
"2015-12-23",0,-2.7133475817644
"2015-12-24",0,-2.5779238420962
"2015-12-29",0,-3.1171127953059
"2015-12-30",0,-3.90229800700966
"2015-12-31",0,-5.01546165592863
"2016-01-04",0,-5.7832539963826
"2016-01-05",0,-5.82797426053945
"2016-01-06",0,-7.28031381552856
"2016-01-07",0,-9.261897857604
"2016-01-08",0,-9.32402093747676
"2016-01-11",0,-10.1216267873686
"2016-01-12",0,-9.53397845073969
"2016-01-13",0,-11.1440969052424
"2016-01-21",0,-12.1852128970975
"2016-01-22",0,-9.57995171762809
"2016-01-25",0,-11.3838778724093
"2016-01-26",0,-10.0334193728542
"2016-01-27",0,-9.62964421484661
"2016-01-28",0,-7.90026177812624
"2016-01-29",0,-6.21932878035897
"2016-02-01",0,-7.3772226379009
"2016-02-02",0,-9.0954274946986
"2016-02-03",0,-8.03691863159372
"2016-02-04",0,-6.55103639237045
"2016-02-05",0,-6.56842926362025
"2016-02-08",0,-8.21210034682321
"2016-02-09",0,-10.0768965787457
"2016-02-10",0,-10.9254379841215
"2016-02-11",0,-11.7391936469977
"2016-02-12",0,-9.3737134346953
"2016-02-16",0,-8.10401394452818
"2016-02-17",0,-5.85033936485092
"2016-02-18",0,-5.38196495490583
"2016-02-19",0,-6.38207991293421
"2016-02-22",0,-6.2690212775775
"2016-02-23",0,-6.73615262925717
"2016-02-24",0,-7.08774917351542
"2016-02-25",0,-6.94859625905097
"2016-02-26",0,-6.58210290453989
"2016-02-29",0,-6.16715016660959
"2016-03-01",0,-5.26518708921897
"2016-03-02",0,-5.21921382233058
"2016-03-03",0,-4.56820929202959
"2016-03-04",0,-4.01038440930468
"2016-03-07",0,-2.71210452349897
"2016-03-08",0,-2.9928765800265
"2016-03-09",0,-2.3232361202103
"2016-03-10",0,-2.49344560237809
"2016-03-11",0,-1.3454862664934
"2016-03-14",0,-1.55296760769161
"2016-03-15",0,-2.07227757312066
"2016-03-16",0,-1.67223158990932
"2016-03-17",0,-0.673359690146347
"2016-03-18",0,-1.68466217256354
"2016-03-21",0,-1.17777284532259
"2016-03-22",0,-1.72938243672038
"2016-03-23",0,-2.39280760520947
"2016-03-24",0,-2.54189504133119
"2016-03-28",0,-2.25242157694571
"2016-03-29",0,-2.13564371125885
"2016-03-30",0,-1.5467523163645
"2016-03-31",0,-1.73684078631292
"2016-04-01",0,-2.16918639549302
"2016-04-04",0,-2.92206203676192
"2016-04-05",0,-3.20656326808572
"2016-04-06",0,-2.9146136316355
"2016-04-07",0,-3.52834630290606
"2016-04-08",0,-2.52574522834682
"2016-04-13",0,-0.513094674101955
"2016-04-14",0,-0.429859492649254
"2016-04-15",0,-0.741698061346219
"2016-04-18",0,-0.209957513262948
"2016-04-19",0,0
"2016-04-20",0,0
"2016-04-21",0,0
"2016-04-22",0,0
"2016-04-25",0,0
"2016-04-26",0,0
"2016-04-27",0,0
"2016-04-28",0,0
"2016-04-29",0,0
"2016-05-02",0,-0.643809115097926
"2016-05-03",0,-1.68862348685619
"2016-05-04",0,-2.26988626519941
"2016-05-05",0,-2.40600209253422
"2016-05-06",0,-2.01481264515742
"2016-05-09",0,-3.0179294590792
"2016-05-10",0,-1.40166811826127
"2016-05-11",0,-1.4617506868858
"2016-05-12",0,-1.4850534181249
"2016-05-13",0,-1.75361396012249
"2016-05-16",0,-0.700220571050403
"2016-05-17",0,-0.518726257397806
"2016-05-18",0,-0.962646232245778
"2016-05-20",0,-0.3458207768683
"2016-05-24",0,0
"2016-05-25",0,0
"2016-05-26",0,0
"2016-05-27",0,0
"2016-05-30",0,0
"2016-05-31",0,0
"2016-06-01",0,0
"2016-06-02",0,0
"2016-06-03",0,0
"2016-06-06",0,0
"2016-06-07",0,0
"2016-06-08",0,-0.564252576839686
"2016-06-09",0,-1.15118334818954
"2016-06-10",0,-2.56599712679211
"2016-06-13",0,-2.81054922767618
"2016-06-14",0,-3.60504038389649
"2016-06-15",0,-3.42371986366348
"2016-06-16",0,-3.61935390539995
"2016-06-17",0,-3.38673769636333
"2016-06-20",0,-2.78549340351002
"2016-06-21",0,-2.69245073938076
"2016-06-22",0,-2.69245073938076
"2016-06-23",0,-1.68084093609858
"2016-06-24",0,-3.54539911951314
"2016-06-27",0,-5.00555018970906
"2016-06-28",0,-3.868680363023
"2016-06-29",0,-2.58985936177354
"2016-06-30",0,-2.45982498163066
"2016-07-04",0,-1.09391971346221
"2016-07-05",0,-1.39691948954488
"2016-07-06",0,-1.42913684881951
"2016-07-07",0,-2.08882881687144
"2016-07-08",0,-1.31222240099536
"2016-07-11",0,-0.499836955717359
"2016-07-12",0,0
"2016-07-13",0,0
"2016-07-14",0,0
"2016-07-15",0,0
"2016-07-18",0,0
"2016-07-19",0,0
"2016-07-20",0,0
"2016-07-21",0,0
"2016-07-22",0,0
"2016-07-25",0,0
"2016-07-26",0,0
"2016-07-27",0,0
"2016-07-28",0,0
"2016-07-29",0,0
"2016-08-02",0,0
"2016-08-03",0,0
"2016-08-04",0,0
"2016-08-05",0,0
"2016-08-08",0,0
"2016-08-09",0,0
"2016-08-10",0,0
"2016-08-11",0,0
"2016-08-12",0,0
"2016-08-15",0,0
"2016-08-16",0,0
"2016-08-17",0,0
"2016-08-18",0,0
"2016-08-19",0,0
"2016-08-22",0,0
"2016-08-23",0,0
"2016-08-24",0,0
"2016-08-25",0,0
"2016-08-26",0,0
"2016-08-29",0,0
"2016-08-30",0,0
"2016-08-31",0,0
"2016-09-01",0,0
"2016-09-02",0,0
"2016-09-06",0,-0.051070368780648
"2016-09-07",0,-0.114906007109161
"2016-09-08",0,-0.146243164449
"2016-09-09",0,-1.74683516079224
"2016-09-12",0,-1.38353596108358
"2016-09-13",0,-3.11643523808993
"2016-09-14",0,-2.9783213391827
"2016-09-15",0,-1.87566776109808
"2016-09-16",0,-2.14494619819799
"2016-09-19",0,-1.94763266496835
"2016-09-20",0,-1.82808136326389
"2016-09-21",0,-0.644181582707615
"2016-09-22",0,-0.0696422565726329
"2016-09-23",0,-0.643020259058791
"2016-09-26",0,-1.17345715830608
"2016-09-27",0,-1.5112165283298
"2016-09-28",0,-0.359815228762184
"2016-09-29",0,-0.176428288729225
"2016-09-30",0,-0.35865390511336
"2016-10-03",0,-0.609360454421293
"2016-10-04",0,-1.50076461549039
"2016-10-05",0,-0.912298696158709
"2016-10-06",0,-0.993544898630383
"2016-10-07",0,-1.22567956014635
"2016-10-11",0,-1.21755958519377
"2016-10-12",0,-0.840333792288439
"2016-10-13",0,-0.643020259058791
"2016-10-14",0,-1.09336298889403
"2016-10-17",0,-1.04926056200632
"2016-10-18",0,0
"2016-10-19",0,0
"2016-10-20",0,0
"2016-10-21",0,0
"2016-10-24",0,0
"2016-10-25",0,-0.346030377007922
"2016-10-26",0,-0.504155684596086
"2016-10-27",0,-0.120311338376045
"2016-10-28",0,-0.474357579825258
"2016-10-31",0,-0.500716383491417
"2016-11-01",0,-0.625604285204084
"2016-11-02",0,-1.74161622205522
"2016-11-03",0,-1.86765972893904
"2016-11-04",0,-2.39357931092548
"2016-11-07",0,-1.30964917477868
"2016-11-08",0,-1.22485893821163
"2016-11-09",0,-0.515610850142023
"2016-11-10",0,-0.41936544802903
"2016-11-11",0,-1.58693938704134
"2016-11-14",0,-1.30277974403895
"2016-11-15",0,-0.315095010005151
"2016-11-16",0,-0.382697912518482
"2016-11-17",0,0
"2016-11-18",0,0
"2016-11-21",0,0
"2016-11-22",0,0
"2016-11-23",0,0
"2016-11-24",0,0
"2016-11-25",0,0
"2016-11-28",0,0
"2016-11-29",0,0
"2016-11-30",0,0
"2016-12-01",0,0
"2016-12-02",0,0
"2016-12-05",0,0
"2016-12-06",0,0
"2016-12-07",0,0
"2016-12-08",0,0
"2016-12-09",0,0
"2016-12-12",0,0
"2016-12-13",0,0
"2016-12-14",0,0
"2016-12-15",0,0
"2016-12-16",0,0
"2016-12-19",0,0
"2016-12-20",0,0
"2016-12-21",0,0
"2016-12-22",0,0
"2016-12-23",0,0
"2016-12-28",0,0
"2016-12-29",0,0
"2016-12-30",0,0
"2017-01-03",0,0
"2017-01-04",0,0
"2017-01-05",0,0
"2017-01-06",0,0
"2017-01-09",0,0
"2017-01-10",0,0
"2017-01-11",0,0
"2017-01-12",0,0
"2017-01-13",0,0
"2017-01-16",0,0
"2017-01-17",0,0
"2017-01-18",0,0
"2017-01-19",0,0
"2017-01-20",0,0
"2017-01-23",0,0
"2017-01-24",0,0
"2017-01-25",0,0
"2017-01-26",0,0
"2017-01-27",0,0
"2017-01-30",0,0
"2017-01-31",0,0
"2017-02-01",0,0
"2017-02-02",0,0
"2017-02-03",0,0
"2017-02-06",0,0
"2017-02-07",0,0
"2017-02-08",0,0
"2017-02-09",0,0
"2017-02-10",0,0
"2017-02-13",0,0
"2017-02-14",0,0
"2017-02-15",0,0
"2017-02-16",0,0
"2017-02-17",0,0
"2017-02-21",0,0
"2017-02-22",0,-0.576969860158605
"2017-02-23",0,-0.990013884871033
"2017-02-24",0,-2.60065040331737
"2017-02-27",0,-2.87103685775015
"2017-02-28",0,-3.38627251072467
"2017-03-01",0,-2.20463973680523
"2017-03-02",0,-2.34515855125281
"2017-03-03",0,-1.87251055424877
"2017-03-06",0,-1.56273179618424
"2017-03-07",0,-1.66066295466136
"2017-03-08",0,-2.32600347909963
"2017-03-09",0,-2.23870645320577
"2017-03-10",0,-2.41435710150015
"2017-03-13",0,-2.24190180554449
"2017-03-14",0,-3.28088553012387
"2017-03-15",0,-2.61448840917893
"2017-03-16",0,-2.28341582312915
"2017-03-17",0,-2.7294614467959
"2017-03-20",0,-3.13823648078378
"2017-03-21",0,-3.97176331045319
"2017-03-22",0,-3.64282948023547
"2017-03-23",0,-3.09778758064537
"2017-03-24",0,-3.04988285838326
"2017-03-27",0,-2.66558848377976
"2017-03-28",0,-2.02154178732672
"2017-03-29",0,-1.71815373393963
"2017-03-30",0,-2.25680492885229
"2017-03-31",0,-2.53358208796252
"2017-04-03",0,-2.25360957651356
"2017-04-04",0,-1.75222045034018
"2017-04-05",0,-1.8980563310794
"2017-04-06",0,-1.52120925766002
"2017-04-07",0,-1.73092662235494
"2017-04-10",0,-1.3679175547971
"2017-04-11",0,-1.51056660413718
"2017-04-12",0,-2.03431467574204
"2017-04-13",0,-2.72200562467221
"2017-04-17",0,-1.63405206038449
"2017-04-18",0,-2.14077529472865
"2017-04-19",0,-2.53784255774748
"2017-04-20",0,-1.93957034866407
"2017-04-21",0,-2.03537979318829
"2017-04-24",0,-1.17950253902698
"2017-04-25",0,-0.941044045162687
"2017-04-26",0,-1.55314573916807
"2017-04-27",0,-2.66558848377976
"2017-04-28",0,-2.18015907742084
"2017-05-01",0,-2.32387324420714
"2017-05-02",0,-1.99599601049609
"2017-05-03",0,-2.40690127937647
"2017-05-04",0,-3.21168697987653
"2017-05-05",0,-1.99919136283482
"2017-05-08",0,-1.54782867287645
"2017-05-09",0,-2.10031787365065
"2017-05-10",0,-1.77137552249337
"2017-05-11",0,-2.36006167456061
"2017-05-12",0,-2.3802903850996
"2017-05-15",0,-1.79053911558612
"2017-05-16",0,-2.50164560645444
"2017-05-17",0,-4.31028319768707
"2017-05-18",0,-4.16977290417906
"2017-05-19",0,-3.06585109913731
"2017-05-23",0,-2.86678490890477
"2017-05-24",0,-3.30536618950825
"2017-05-25",0,-3.26065681958486
"2017-05-26",0,-3.20530479613865
"2017-05-29",0,-3.17230319718433
"2017-05-30",0,-3.39053298050963
"2017-05-31",0,-3.51295331931071
"2017-06-01",0,-2.80822901218026
"2017-06-02",0,-2.99878278378244
"2017-06-05",0,-3.22552498573807
"2017-06-06",0,-3.02114172921392
"2017-06-07",0,-3.63643877555803
"2017-06-08",0,-3.27875529523138
"2017-06-09",0,-2.85932908678108
"2017-06-12",0,-3.5576626892341
"2017-06-13",0,-3.67475744080397
"2017-06-14",0,-4.93303606615487
"2017-06-15",0,-4.8436173263081
"2017-06-16",0,-4.6030371184909
"2017-06-19",0,-4.16338219950161
"2017-06-20",0,-4.95432989414011
"2017-06-21",0,-4.95539501158635
"2017-06-22",0,-4.57854793816694
"2017-06-23",0,-4.03670139091558
"2017-06-26",0,-3.9919920209922
"2017-06-27",0,-4.15273954597878
"2017-06-28",0,-3.73224822008223
"2017-06-29",0,-4.63390848255274
"2017-06-30",0,-4.97455860467911
"2017-07-04",0,-5.24707529400437
"2017-07-05",0,-4.99797414661726
"2017-07-06",0,-5.35885297928261
"2017-07-07",0,-5.6441425570232
"2017-07-10",0,-5.2098132252651
"2017-07-11",0,-4.94155700572479
"2017-07-12",0,-5.02458504089411
"2017-07-13",0,-5.01074703503257
"2017-07-14",0,-4.74674276433765
"2017-07-17",0,-4.82232349832287
"2017-07-18",0,-4.93303606615487
"2017-07-19",0,-4.34434991408762
"2017-07-20",0,-4.1027045888242
"2017-07-21",0,-4.62858289532154
"2017-07-24",0,-5.03630133280276
"2017-07-25",0,-4.63709531395189
"2017-07-26",0,-5.00010438150973
"2017-07-27",0,-4.81807154947748
"2017-07-28",0,-5.31733044075838
"2017-07-31",0,-5.1299805424345
"2017-08-01",0,-4.77867924584572
"2017-08-02",0,-4.20383109964003
"2017-08-03",0,-4.56790528464411
"2017-08-04",0,-4.1250550133161
"2017-08-08",0,-4.10696505860916
"2017-08-09",0,-4.37202592581074
"2017-08-10",0,-5.30881802212804
"2017-08-11",0,-5.64202084307028
"2017-08-14",0,-4.94049188827855
"2017-08-15",0,-5.11719913307962
"2017-08-16",0,-5.35246227460517
"2017-08-17",0,-5.65585884893184
"2017-08-18",0,-6.20515269736733
"2017-08-21",0,-6.21260851949101
"2017-08-22",0,-6.02951057001251
"2017-08-23",0,-5.53556022408367
"2017-08-24",0,-5.4961764413915
"2017-08-25",0,-5.64627279191567
"2017-08-28",0,-5.74847294111732
"2017-08-29",0,-5.60582389177725
"2017-08-30",0,-5.36523516302049
"2017-08-31",0,-4.9841361407557
"2017-09-01",0,-5.12465495520329
"2017-09-05",0,-5.88792663811869
"2017-09-06",0,-6.03269740141167
"2017-09-07",0,-6.3052226116765
"2017-09-08",0,-6.39464135152327
"2017-09-11",0,-5.97415002562672
"2017-09-12",0,-5.33436379895865
"2017-09-13",0,-5.47807796574498
"2017-09-14",0,-5.2151388124963
"2017-09-15",0,-5.15446120181888
"2017-09-18",0,-4.69458609323016
"2017-09-19",0,-4.29964054416424
"2017-09-20",0,-3.67157060940482
"2017-09-21",0,-3.20317456124617
"2017-09-22",0,-3.28939794875422
"2017-09-25",0,-2.87529732753512
"2017-09-26",0,-3.12972406215344
"2017-09-27",0,-2.10564346088187
"2017-10-02",0,-1.46798746910627
"2017-10-03",0,-1.27743369750409
"2017-10-04",0,-1.28914146847317
"2017-10-05",0,-0.968720056885797
"2017-10-06",0,-1.32107794998124
"2017-10-10",0,-0.994274354655988
"2017-10-11",0,-0.835657064561879
"2017-10-12",0,-1.20824366819632
"2017-10-13",0,-0.747294921221786
"2017-10-16",0,-0.755815860791709
"2017-10-17",0,-0.574848146205698
"2017-10-18",0,-0.792012812084741
"2017-10-19",0,-0.47371311445028
"2017-10-20",0,-0.250166264833362
"2017-10-23",0,-0.25228797878627
"2017-10-24",0,0
"2017-10-25",0,0
"2017-10-26",0,0
"2017-10-27",0,0
"2017-10-30",0,0
"2017-10-31",0,0
"2017-11-01",0,0
"2017-11-02",0,0
"2017-11-03",0,0
"2017-11-06",0,0
"2017-11-07",0,0
"2017-11-08",0,0
"2017-11-09",0,0
"2017-11-10",0,0
"2017-11-13",0,0
"2017-11-14",0,0
"2017-11-15",0,0
"2017-11-16",0,0
"2017-11-17",0,0
"2017-11-20",0,0
"2017-11-21",0,0
"2017-11-22",0,0
"2017-11-23",0,0
"2017-11-24",0,0
"2017-11-27",0,0
"2017-11-28",0,0
"2017-11-29",0,0
"2017-11-30",0,0
"2017-12-01",0,0
"2017-12-04",0,0
"2017-12-05",0,0
"2017-12-06",0,0
"2017-12-07",0,0
"2017-12-08",0,0
"2017-12-11",0,0
"2017-12-12",0,0
"2017-12-13",0,0
"2017-12-14",0,0
"2017-12-15",0,0
"2017-12-18",0,0
"2017-12-19",0,0
"2017-12-20",0,0
"2017-12-21",0,0
"2017-12-22",0,0
"2017-12-27",0,0
"2017-12-28",0,0
"2017-12-29",0,0
"2018-01-02",0,0
"2018-01-03",0,0
"2018-01-04",0,0
"2018-01-05",0,-0.378720819088518
"2018-01-08",0,-0.634271112350693
"2018-01-09",0,-0.569617471434714
"2018-01-10",0,-1.09202217611668
"2018-01-11",0,-0.788224000630922
"2018-01-12",0,-0.715355157565523
"2018-01-15",0,-0.449535861616568
"2018-01-16",0,-0.833382966846319
"2018-01-17",0,-0.688672180984184
"2018-01-18",0,-0.847751355405668
"2018-01-19",0,-0.486479625682523
"2018-01-22",0,-0.585012760262738
"2018-01-23",0,-0.626064125403414
"2018-01-24",0,-1.18336700881615
"2018-01-25",0,-1.67292733530471
"2018-01-26",0,-1.49537217124918
"2018-01-29",0,-2.28770377295481
"2018-01-30",0,-2.97740285420768
"2018-01-31",0,-3.07182017251102
"2018-02-01",0,-3.60653946521499
"2018-02-02",0,-5.08036316122622
"2018-02-05",0,-6.94213334833977
"2018-02-06",0,-6.73481450689687
"2018-02-07",0,-6.92468425897439
"2018-02-08",0,-8.64277056049449
"2018-02-09",0,-8.73822299426866
"2018-02-12",0,-7.55999048679591
"2018-02-13",0,-7.66673060832339
"2018-02-14",0,-7.1032663232986
"2018-02-15",0,-6.61781359788475
"2018-02-16",0,-6.29349384742972
"2018-02-20",0,-6.41357545724789
"2018-02-21",0,-5.72182257545765
"2018-02-22",0,-5.78955691717967
"2018-02-23",0,-4.91820328599871
"2018-02-26",0,-4.45019143474808
"2018-02-27",0,-4.64416878790032
"2018-02-28",0,-6.20317591499895
"2018-03-01",0,-6.50491207474519
"2018-03-02",0,-6.63731648778748
"2018-03-05",0,-5.60071406537083
"2018-03-06",0,-5.6417654305115
"2018-03-07",0,-6.01945934933135
"2018-03-08",0,-5.66742150682417
"2018-03-09",0,-5.40879051275595
"2018-03-12",0,-5.22096634601363
"2018-03-13",0,-4.89459279502126
"2018-03-14",0,-4.80222106205311
"2018-03-15",0,-4.65340267511627
"2018-03-16",0,-4.4091400696074
"2018-03-19",0,-5.2722867138411
"2018-03-20",0,-5.22096634601363
"2018-03-21",0,-4.93154477428938
"2018-03-22",0,-6.71018533085289
"2018-03-23",0,-7.90175932661631
"2018-03-26",0,-7.31161206501018
"2018-03-27",0,-7.70675507319539
"2018-03-28",0,-7.92023531625037
"2018-03-29",0,-6.70710463004686
"2018-04-02",0,-7.72625796309814
"2018-04-03",0,-7.92741540292896
"2018-04-04",0,-8.00028424599437
"2018-04-05",0,-6.827186239865
"2018-04-06",0,-7.78783911841022
"2018-04-09",0,-7.59180796472063
"2018-04-10",0,-7.53843379635581
"2018-04-11",0,-7.67391069500199
"2018-04-12",0,-7.60617635327997
"2018-04-13",0,-7.63080552932396
"2018-04-16",0,-7.4378550764404
"2018-04-17",0,-7.19974565734146
"2018-04-18",0,-6.12414567032148
"2018-04-19",0,-6.65783806275675
"2018-04-20",0,-6.43101633141111
"2018-04-23",0,-5.93734840384784
"2018-04-24",0,-6.4484654207765
"2018-04-25",0,-6.08309430518079
"2018-04-26",0,-5.21993944574496
"2018-04-27",0,-4.97464993996741
"2018-04-30",0,-5.43033898799389
"2018-05-01",0,-5.31231117871309
"2018-05-02",0,-5.29383518907904
"2018-05-03",0,-5.32258018139987
"2018-05-04",0,-4.57848003151351
"2018-05-07",0,-4.05402152629419
"2018-05-08",0,-3.78307594420398
"2018-05-09",0,-3.29658810331931
"2018-05-10",0,-3.04205649512367
"2018-05-11",0,-2.73518583403403
"2018-05-14",0,-2.01880377619982
"2018-05-15",0,-1.92848584376903
"2018-05-16",0,-1.83919481160694
"2018-05-17",0,-1.68318812278934
"2018-05-18",0,-1.69243022520744
"2018-05-22",0,-1.81353052009212
"2018-05-23",0,-1.92129754188828
"2018-05-24",0,-2.08141183178059
"2018-05-25",0,-2.28770377295481
"2018-05-28",0,-2.65718248962523
"2018-05-29",0,-3.33969326899735
"2018-05-30",0,-2.59354753377578
"2018-05-31",0,-2.45191744871969
"2018-06-01",0,-2.6417872007972
"2018-06-04",0,-2.61202352340983
"2018-06-05",0,-2.27948857080539
"2018-06-06",0,-1.89666836584431
"2018-06-07",0,-1.85048249936024
"2018-06-08",0,-1.73963477675805
"2018-06-11",0,-1.24084056305352
"2018-06-12",0,-1.20799618486012
"2018-06-13",0,-1.25315515107551
"2018-06-14",0,-0.874434331986995
"2018-06-15",0,-1.01504573197656
"2018-06-18",0,-0.654800902522112
"2018-06-19",0,-1.1238396540414
"2018-06-20",0,-0.38179330469239
"2018-06-21",0,-0.885730234942461
"2018-06-22",0,-0.0472127667527467
"2018-06-25",0,-1.70679861376678
"2018-06-26",0,-0.983228254051838
"2018-06-27",0,-1.2490475500008
"2018-06-28",0,-1.58978948955253
"2018-06-29",0,-0.925754699814463
"2018-07-03",0,-1.21518448674087
"2018-07-04",0,-1.00683052982714
"2018-07-05",0,-1.21723007207607
"2018-07-06",0,-0.483407140078651
"2018-07-09",0,0
"2018-07-10",0,0
"2018-07-11",0,0
"2018-07-12",0,0
"2018-07-13",0,-0.0111913788454321
"2018-07-16",0,-0.382338197282928
"2018-07-17",0,-0.300987047057422
"2018-07-18",0,-0.593834909500002
"2018-07-19",0,-0.0671157163341096
"2018-07-20",0,-0.710770574861663
"2018-07-23",0,-0.816523000562508
"2018-07-24",0,-0.912109584679388
"2018-07-25",0,-0.786017336626021
"2018-07-26",0,-0.569433634024663
"2018-07-27",0,-0.866351088774653
"2018-07-30",0,-1.00057438225828
"2018-07-31",0,-0.412843861219425
"2018-08-01",0,-0.895839354634287
"2018-08-02",0,-0.713822769092232
"2018-08-03",0,-0.706709121738847
"2018-08-07",0,-1.46323819250522
"2018-08-08",0,-1.25376813725726
"2018-08-09",0,-0.52469253619678
"2018-08-10",0,-1.20088785481454
"2018-08-13",0,-1.50797929033309
"2018-08-14",0,-0.883638716896618
"2018-08-15",0,-2.15672113924492
"2018-08-16",0,-1.59948814295794
"2018-08-17",0,-0.961929533706929
"2018-08-20",0,-1.06564716325406
"2018-08-21",0,-1.45408160981352
"2018-08-22",0,-1.18461762476942
"2018-08-23",0,-1.23037612067416
"2018-08-24",0,-1.2110618355831
"2018-08-27",0,-0.738232183752185
"2018-08-28",0,-1.23037612067416
"2018-08-29",0,-1.03819369354815
"2018-08-30",0,-1.00972282576537
"2018-08-31",0,-1.80082715277567
"2018-09-04",0,-2.37635703607686
"2018-09-05",0,-2.31331091205017
"2018-09-06",0,-2.53294680888211
"2018-09-07",0,-2.74038206797635
"2018-09-10",0,-3.01188084917416
"2018-09-11",0,-2.91731166313413
"2018-09-12",0,-3.41251593347128
"2018-09-13",0,-3.55080068007771
"2018-09-14",0,-3.51826835917213
"2018-09-17",0,-3.05662194700204
"2018-09-18",0,-2.36923524953885
"2018-09-19",0,-2.64582102112094
"2018-09-20",0,-2.28687484042112
"2018-09-21",0,-2.1455297603995
"2018-09-24",0,-2.38245328535339
"2018-09-25",0,-2.72818143023869
"2018-09-26",0,-2.49431009951537
"2018-09-27",0,-2.10587565295592
"2018-09-28",0,-3.16847062197939
"2018-10-01",0,-2.90205883116588
"2018-10-02",0,-3.39624570342619
"2018-10-03",0,-3.12068546910558
"2018-10-04",0,-3.29659766618648
"2018-10-05",0,-3.68400657548448
"2018-10-09",0,-4.25242281143227
"2018-10-10",0,-6.39693517375491
"2018-10-11",0,-7.79305764992603
"2018-10-12",0,-7.34157707933988
"2018-10-15",0,-7.50732343483683
"2018-10-16",0,-6.41218800572315
"2018-10-17",0,-6.52099262565458
"2018-10-18",0,-7.27650429834409
"2018-10-19",0,-6.69080043427435
"2018-10-22",0,-6.97043026090238
"2018-10-23",0,-7.7096717035468
"2018-10-24",0,-9.93960480840237
"2018-10-25",0,-9.91316873677333
"2018-10-26",0,-10.1358568278358
"2018-10-29",0,-10.862889493558
"2018-10-30",0,-9.61421648586961
"2018-10-31",0,-8.98478892204884
"2018-11-01",0,-8.35028250702839
"2018-11-02",0,-8.41332863105507
"2018-11-05",0,-7.91812436071793
"2018-11-06",0,-7.44123325576419
"2018-11-07",0,-7.00907510945372
"2018-11-08",0,-6.8240063296811
"2018-11-09",0,-7.18396990845778
"2018-11-12",0,-7.82661550809308
"2018-11-13",0,-7.81949372155507
"2018-11-14",0,-7.77475262372721
"2018-11-15",0,-7.71272389777737
"2018-11-16",0,-7.7147586939311
"2018-11-19",0,-8.04218181261758
"2018-11-20",0,-9.30204619915136
"2018-11-21",0,-7.89372308524258
"2018-11-22",0,-7.99947551094342
"2018-11-23",0,-8.50484562286454
"2018-11-26",0,-8.31266319573852
"2018-11-27",0,-8.60551105818109
"2018-11-28",0,-7.24803343056133
"2018-11-29",0,-7.02432794142197
"2018-11-30",0,-7.13312442216877
"2018-12-03",0,-6.67351280615238
"2018-12-04",0,-7.85203418164527
"2018-12-05",0,-6.83214551429595
"2018-12-06",0,-8.71228088195879
"2018-12-07",0,-9.70268128344849
"2018-12-10",0,-9.98434590623024
"2018-12-11",0,-10.4917426751205
"2018-12-12",0,-9.71589931926302
"2018-12-13",0,-9.86334064856116
"2018-12-14",0,-10.6280007647578
"2018-12-17",0,-11.9376932395037
"2018-12-18",0,-11.7292405823326
"2018-12-19",0,-12.6281239920129
"2018-12-20",0,-13.4446469925754
"2018-12-21",0,-14.7431480884759
"2018-12-24",0,-15.7955772159154
"2018-12-27",0,-13.2921186728929
"2018-12-28",0,-13.0735001741379
"2018-12-31",0,-12.6210103446595
"2019-01-02",0,-12.5721996545242
"2019-01-03",0,-13.4212631151769
"2019-01-04",0,-12.1003874007701
"2019-01-07",0,-11.682464688351
"2019-01-08",0,-11.0855775846205
"2019-01-09",0,-9.91723018989613
"2019-01-10",0,-9.32644747462671
"2019-01-11",0,-9.15663966600694
"2019-01-14",0,-8.9786926727723
"2019-01-15",0,-8.46315671926724
"2019-01-16",0,-8.08692291044545
"2019-01-17",0,-7.32632424737163
"2019-01-18",0,-6.66131216841471
"2019-01-21",0,-6.28305170262382
"2019-01-22",0,-7.04465962458988
"2019-01-23",0,-7.2276936082088
"2019-01-24",0,-6.82807592198852
"2019-01-25",0,-6.47116453744241
"2019-01-28",0,-6.42337124538397
"2019-01-29",0,-5.76242875873446
"2019-01-30",0,-5.76242875873446
"2019-01-31",0,-5.51025240181234
"2019-02-01",0,-5.81835309622315
"2019-02-04",0,-5.22858777903058
"2019-02-05",0,-4.63882246183801
"2019-02-06",0,-4.61340378828582
"2019-02-07",0,-4.6601796822674
"2019-02-08",0,-5.1309745379446
"2019-02-11",0,-5.5204182433963
"2019-02-12",0,-5.11368690982265
"2019-02-13",0,-5.27027668262787
"2019-02-14",0,-4.81982164930321
"2019-02-15",0,-3.92093010043836
"2019-02-19",0,-3.36574003948971
"2019-02-20",0,-2.68242293433396
"2019-02-21",0,-2.87358796338312
"2019-02-22",0,-2.89901477611993
"2019-02-25",0,-2.63869923458294
"2019-02-26",0,-2.64378622496723
"2019-02-27",0,-2.45160379784122
"2019-02-28",0,-3.00273240566706
"2019-03-01",0,-2.56345247281859
"2019-03-04",0,-2.75970449225202
"2019-03-05",0,-2.47600507331656
"2019-03-06",0,-2.33161593824899
"2019-03-07",0,-2.516676578837
"2019-03-08",0,-2.96815714942313
"2019-03-11",0,-2.33771218752551
"2019-03-12",0,-2.16688698082889
"2019-03-13",0,-2.10791044910963
"2019-03-14",0,-2.41601114352045
"2019-03-15",0,-2.04080287196012
"2019-03-18",0,-1.33918074060557
"2019-03-19",0,-1.79980975469881
"2019-03-20",0,-2.05096871354408
"2019-03-21",0,-1.64524663886266
"2019-03-22",0,-2.5654872689723
"2019-03-25",0,-2.76377408455946
"2019-03-26",0,-2.19128825630424
"2019-03-27",0,-2.2919618308054
"2019-03-28",0,-1.99300957990168
"2019-03-29",0,-2.43431616971925
"2019-04-01",0,-1.60152293911165
"2019-04-02",0,-1.32291051056047
"2019-04-03",0,-1.19783566058397
"2019-04-04",0,-1.01582721422652
"2019-04-05",0,-0.531806183550176
"2019-04-08",0,-0.469785596784955
"2019-04-09",0,-0.91617917698682
"2019-04-10",0,-0.606035547237671
"2019-04-11",0,-0.438262534771616
"2019-04-12",0,0
"2019-04-15",0,0
"2019-04-16",0,0
"2019-04-17",0,0
"2019-04-18",0,0
"2019-04-22",0,0
"2019-04-23",0,0
"2019-04-24",0,-0.626018890630509
"2019-04-25",0,-0.626018890630509
"2019-04-26",0,-0.409013096711908
"2019-04-29",0,-0.424013792315125
"2019-04-30",0,-0.544019357140935
"2019-05-01",0,-0.948029553771723
"2019-05-02",0,-1.39504067717975
"2019-05-03",0,-0.839022364484243
"2019-05-06",0,-0.853022480071242
"2019-05-07",0,-1.66704635343016
"2019-05-08",0,-1.43004496846731
"2019-05-09",0,-2.00305713215837
"2019-05-10",0,-2.19206269490299
"2019-05-13",0,-3.00509399288579
"2019-05-14",0,-2.51207219801174
"2019-05-15",0,-2.26906733295156
"2019-05-16",0,-1.44504566407054
"2019-05-17",0,-1.72105366038585
"2019-05-21",0,-1.56204948884768
"2019-05-22",0,-2.12706501704908
"2019-05-23",0,-3.05409039512025
"2019-05-24",0,-2.63708066291868
"2019-05-27",0,-1.93705887428824
"2019-05-28",0,-2.18906895949443
"2019-05-29",0,-3.16809247984872
"2019-05-30",0,-3.43510326065813
"2019-05-31",0,-3.80811148606625
"2019-06-03",0,-4.03812482019577
"2019-06-04",0,-3.14909746882073
"2019-06-05",0,-2.74708042758226
"2019-06-06",0,-2.68807822518558
"2019-06-07",0,-2.65008019848946
"2019-06-10",0,-2.75108274764715
"2019-06-11",0,-2.5840739359792
"2019-06-12",0,-2.70708124085369
"2019-06-13",0,-2.74208553214127
"2019-06-14",0,-2.31506999977746
"2019-06-17",0,-2.08006177020695
"2019-06-18",0,-1.18103662330979
"2019-06-19",0,-1.11803210084821
"2019-06-20",0,-0.792027122282235
"2019-06-21",0,-1.12203442091311
"2019-06-24",0,-1.17303198318
"2019-06-25",0,-2.13106733711398
"2019-06-26",0,-2.50807788258698
"2019-06-27",0,-2.4910760269513
"2019-06-28",0,-2.03706084342972
"2019-07-02",0,-1.45204171954398
"2019-07-03",0,-0.75101935089732
"2019-07-04",0,-0.713021324201213
"2019-07-05",0,-1.02403361180409
"2019-07-08",0,-1.49204090627254
"2019-07-09",0,-0.87002433570692
"2019-07-10",0,-0.921029902613935
"2019-07-11",0,-1.04903210292943
"2019-07-12",0,-1.39504067717975
"2019-07-15",0,-1.33104357934206
"2019-07-16",0,-1.33503789476683
"2019-07-17",0,-1.55204368868546
"2019-07-18",0,-1.49004775088023
"2019-07-19",0,-1.5820450798919
"2019-07-22",0,-1.31404172370639
"2019-07-23",0,-0.969025724832162
"2019-07-24",0,-0.785023062168666
"2019-07-25",0,-1.51204450195689
"2019-07-26",0,-1.23003302554424
"2019-07-29",0,-1.50904276190821
"2019-07-30",0,-1.76205342713064
"2019-07-31",0,-2.02406130785894
"2019-08-01",0,-2.31807173982613
"2019-08-02",0,-3.04809491966302
"2019-08-06",0,-3.8661131084467
"2019-08-07",0,-3.05108865507158
"2019-08-08",0,-2.2210635060932
"2019-08-09",0,-2.56307776491876
"2019-08-12",0,-3.13609793324994
"2019-08-13",0,-2.33806733087036
"2019-08-14",0,-4.24113049852738
"2019-08-15",0,-4.41313420563632
"2019-08-16",0,-3.49510604307105
"2019-08-19",0,-2.56708008498365
"2019-08-20",0,-3.27910082916865
"2019-08-21",0,-2.6020763716311
"2019-08-22",0,-2.88809016810865
"2019-08-23",0,-4.32913351211429
"2019-08-26",0,-3.81111322611491
"2019-08-27",0,-3.39010117384846
"2019-08-28",0,-2.91508981926643
"2019-08-29",0,-2.07706003015828
"2019-08-30",0,-1.75205563160852
"2019-09-03",0,-2.08606525030429
"2019-09-04",0,-1.87405435182666
"2019-09-05",0,-0.962029669358722
"2019-09-06",0,-1.19803847894547
"2019-09-09",0,-1.48104253073421
"2019-09-10",0,-1.18803267878324
"2019-09-11",0,-0.701022368646653
"2019-09-12",0,-0.383014025570338
"2019-09-13",0,-0.143002895918698
"2019-09-16",0,0
"2019-09-17",0,0
"2019-09-18",0,0
"2019-09-19",0,0
"2019-09-20",0,0
"2019-09-23",0,-0.309514032178759
"2019-09-24",0,-0.739673868476598
"2019-09-25",0,-0.758464915516277
"2019-09-26",0,-0.707038869763632
"2019-09-27",0,-1.19653218904774
"2019-09-30",0,-1.31717799316683
"2019-10-01",0,-2.5928241313138
"2019-10-02",0,-3.55104880004837
"2019-10-03",0,-3.27218301308345
"2019-10-04",0,-2.78763678916572
"2019-10-07",0,-2.9577218855383
"2019-10-08",0,-3.80023993016759
"2019-10-09",0,-3.15549488525746
"2019-10-10",0,-2.84400201493215
"2019-10-11",0,-2.82817922511232
"2019-10-15",0,-2.74907319136568
"2019-10-16",0,-2.69665772653976
"2019-10-17",0,-2.81829294973213
"2019-10-18",0,-3.08627512689102
"2019-10-21",0,-2.80049132176573
"2019-10-22",0,-2.98046269351849
"2019-10-23",0,-3.39084997905598
"2019-10-24",0,-3.15747372340401
"2019-10-25",0,-2.93794141942535
"2019-10-28",0,-2.95277479017192
"2019-10-29",0,-2.78664737009244
"2019-10-30",0,-2.18837336021598
"2019-10-31",0,-2.46427088996108
"2019-11-01",0,-1.80963956967077
"2019-11-04",0,-1.35376275282032
"2019-11-05",0,-1.27960381444007
"2019-11-06",0,-0.958216753381991
"2019-11-07",0,-0.55772365857728
"2019-11-08",0,-0.0702091774397284
"2019-11-11",0,-0.0207619698336381
"2019-11-12",0,0
"2019-11-13",0,0
"2019-11-14",0,0
"2019-11-15",0,0
"2019-11-18",0,0
"2019-11-19",0,0
"2019-11-20",0,0
"2019-11-21",0,0
"2019-11-22",0,0
"2019-11-25",0,0
"2019-11-26",0,0
"2019-11-27",0,0
"2019-11-28",0,0
"2019-11-29",0,0
"2019-12-02",0,0
"2019-12-03",0,0
"2019-12-04",0,0
"2019-12-05",0,0
"2019-12-06",0,0
"2019-12-09",0,0
"2019-12-10",0,0
"2019-12-11",0,0
"2019-12-12",0,0
"2019-12-13",0,0
"2019-12-16",0,0
"2019-12-17",0,0
"2019-12-18",0,0
"2019-12-19",0,0
"2019-12-20",0,0
"2019-12-23",0,0
"2019-12-24",0,0
"2019-12-27",0,0
"2019-12-30",0,0
"2019-12-31",0,0
"2020-01-02",0,0
"2020-01-03",0,0
"2020-01-06",0,0
"2020-01-07",0,0
"2020-01-08",0,0
"2020-01-09",0,0
"2020-01-10",0,0
"2020-01-13",0,0
"2020-01-14",0,0
"2020-01-15",0,0
"2020-01-16",0,0
"2020-01-17",0,0
"2020-01-20",0,0
"2020-01-21",0,0
"2020-01-22",0,0
"2020-01-23",0,0
"2020-01-24",0,0
"2020-01-27",0,0
"2020-01-28",0,0
"2020-01-29",0,0
"2020-01-30",0,0
"2020-01-31",0,0
"2020-02-03",0,0
"2020-02-04",0,0
"2020-02-05",0,0
"2020-02-06",0,0
"2020-02-07",0,0
"2020-02-10",0,0
"2020-02-11",0,0
"2020-02-12",0,0
"2020-02-13",0,0
"2020-02-14",0,0
"2020-02-18",0,0
"2020-02-19",0,0
"2020-02-20",0,0
"2020-02-21",-0.326836302885769,-0.601334942462561
"2020-02-24",-1.69649928773583,-2.17434558759791
"2020-02-25",-3.93478982391308,-4.26170717112
"2020-02-26",-4.62806929683028,-4.96778223277609
"2020-02-27",-6.53481427866154,-6.69229625643903
"2020-02-28",-9.42171506549733,-9.08453602567542
"2020-03-02",-7.36285233374498,-7.51152538054006
"2020-03-03",-7.19399986728869,-8.40371027948814
"2020-03-04",-5.30819496682357,-6.37151841283686
"2020-03-05",-5.70495667911205,-7.65835767313447
"2020-03-06",-7.90113191756703,-9.70177062602583
"2020-03-09",-15.9725397016586,-19.2613800453904
"2020-03-10",-13.1500198995301,-16.4286583698
"2020-03-11",-17.3951989414217,-20.0712669976251
"2020-03-12",-26.4739711892829,-30.0704226090141
"2020-03-13",-23.0766102027853,-22.4934346539781
"2020-03-16",-28.43697961483,-30.2537178176028
"2020-03-17",-25.452549937095,-28.2215334366661
"2020-03-18",-30.853277603868,-33.1575163536665
"2020-03-19",-28.8484560757883,-30.6053592626511
"2020-03-20",-31.2784065340653,-32.4804334647975
"2020-03-23",-32.8748510847631,-35.7265088168993
"2020-03-24",-25.0578666301434,-27.7632804437651
"2020-03-25",-23.5209548634133,-24.9455227117331
"2020-03-26",-22.5945382961948,-23.6661691660719
"2020-03-27",-26.4518820409019,-27.7913369022227
"2020-03-30",-24.6570969000355,-25.3149277576138
"2020-03-31",-24.0038687519148,-23.3238923500338
"2020-04-01",-25.4882745894398,-26.3109170614258
"2020-04-02",-24.1025153388831,-25.1082546622154
"2020-04-03",-24.495461227165,-25.9134555570876
"2020-04-06",-20.9050748772989,-22.2409265278606
"2020-04-07",-21.101896316715,-22.3241601889035
"2020-04-08",-18.9317418600448,-20.8081981750127
"2020-04-09",-16.2613714591962,-19.6251708052937
"2020-04-13",-15.3264230087865,-20.1947139176952
"2020-04-14",-13.6662501004647,-19.1547684975377
"2020-04-15",-14.62243320423,-20.7866917168621
"2020-04-16",-13.8288925650868,-21.1850889355299
"2020-04-17",-11.8846447081197,-18.4645930937695
"2020-04-20",-10.8864950660334,-18.4524362931999
"2020-04-21",-13.0853526509489,-21.0102076701926
"2020-04-22",-10.080617952032,-19.0201004912276
"2020-04-23",-9.83618507096382,-19.3885698227787
"2020-04-24",-8.28486914726358,-18.3439533166881
"2020-04-27",-7.70939481355135,-17.2787585810618
"2020-04-28",-7.4900380494546,-16.3772240245328
"2020-04-29",-6.05003331105439,-13.9354138529737
"2020-04-30",-8.68556816686941,-16.614768207092
"2020-05-01",-8.11256627831849,-17.4545755607287
"2020-05-04",-6.88547091223416,-16.4772930577932
"2020-05-05",-5.68932142300638,-16.1134948121752
"2020-05-06",-5.75297980547478,-15.9507703474075
"2020-05-07",-5.30185489249023,-16.0658033242262
"2020-05-08",-5.04302159800332,-15.3129650032361
"2020-05-11",-4.4735757971382,-14.2524488392576
"2020-05-12",-5.5177143677523,-15.4485687238758
"2020-05-13",-6.73084486757343,-17.5116241919733
"2020-05-14",-6.58490645979865,-17.5883078527093
"2020-05-15",-4.90828550799623,-17.0617926280383
"2020-05-19",-3.89549979012723,-15.92271388895
"2020-05-20",-4.24830598451432,-15.2624663722984
"2020-05-21",-5.10817461304334,-15.9825696631833
"2020-05-22",-4.79019811855595,-15.7824390823772
"2020-05-25",-4.16073674217255,-14.8219844659444
"2020-05-26",-6.01333314724833,-14.3665461017467
"2020-05-27",-6.68890841760998,-13.5267312623954
"2020-05-28",-5.98510064388084,-13.6660778403534
"2020-05-29",-6.19724486842725,-14.2262638094592
"2020-06-01",-6.31609651944445,-13.9831128266373
"2020-06-02",-6.53043394379138,-12.8674194600734
"2020-06-03",-6.89243674897683,-11.930350216165
"2020-06-04",-7.23535584804282,-12.3988810952619
"2020-06-05",-6.39492799748831,-10.5191283214677
"2020-06-08",-5.75657232659245,-10.0636899572701
"2020-06-09",-5.99185982141991,-10.7585439326861
"2020-06-10",-5.3405716456603,-11.5235390542458
"2020-06-11",-8.95762408240083,-15.0221225324652
"2020-06-12",-8.22604140155623,-13.9559920825094
"2020-06-15",-6.43350253650548,-13.4042200566549
"2020-06-16",-6.19748923732936,-12.4652793840874
"2020-06-17",-6.35486969710769,-12.945038835139
"2020-06-18",-6.04235577059228,-12.5662841316773
"2020-06-19",-5.47588615733784,-12.7103017955684
"2020-06-22",-4.29471836296987,-12.5354205302311
"2020-06-23",-3.92068176511361,-12.3212617201963
"2020-06-24",-5.44264065572249,-13.7942033320713
"2020-06-25",-4.35681347292629,-12.814113686147
"2020-06-26",-5.20645011936618,-14.3684175304059
"2020-06-29",-3.76312426311003,-13.1573337022294
"2020-06-30",-2.74250361910188,-12.6326824205028
"2020-07-02",-2.42395204041721,-12.0107767342193
"2020-07-03",-2.79066415294603,-12.1519872551217
"2020-07-06",-2.03708264641337,-11.8817155281718
"2020-07-07",-1.63853218648184,-12.3044263479788
"2020-07-08",-1.02403140500107,-12.16695119868
"2020-07-09",-0.56402170030434,-12.495207271204
"2020-07-10",-0.270481755370366,-11.5908730574009
"2020-07-13",-1.82111695437274,-11.930350216165
"2020-07-14",0,-10.3788535148949
"2020-07-15",0,-9.65875022401002
"2020-07-16",0,-9.76536177186267
"2020-07-17",0,-9.27905980621881
"2020-07-20",0,-9.00130236463246
"2020-07-21",0,-9.14532002852357
"2020-07-22",0,-9.19956151677946
"2020-07-23",0,-10.0739753291806
"2020-07-24",0,-10.2151933357976
"2020-07-27",0,-9.37537849644632
"2020-07-28",0,-9.69241348273025
"2020-07-29",0,-8.61693337519346
"2020-07-30",0,-8.50845039868168
"2020-07-31",0,-9.40998495521073
"2020-08-04",0,-8.26810655884843
"2020-08-05",0,-7.54426041064535
"2020-08-06",0,-7.1505417636254
"2020-08-07",0,-7.31233051406349
"2020-08-10",0,-6.93825438224964
"2020-08-11",0,-7.31326622839305
"2020-08-12",0,-6.90271220915566
"2020-08-13",0,-7.32355160030357
"2020-08-14",0,-7.38340737453681
"2020-08-17",0,-6.6520829974119
"2020-08-18",0,-6.80732174754308
"2020-08-19",0,-7.0355087868067
"2020-08-20",0,-6.87559146502772
"2020-08-21",0,-7.322615885974
"2020-08-24",0,-6.68668197046167
"2020-08-25",0,-6.63524762519446
"2020-08-26",0,-5.61026614859534
"2020-08-27",0,-5.93945793544889
"2020-08-28",0,-6.26677829364333
"2020-08-31",0,-7.36657200231938
"2020-09-01",0,-6.63991871112763
"2020-09-02",0,-6.27706366555385
"2020-09-03",0,-7.68921378886602
"2020-09-04",0,-9.05180099557011
"2020-09-08",0,-9.6998991973667
"2020-09-09",0,-8.04739774850665
"2020-09-10",0,-9.21452546033778
"2020-09-11",0,-8.92741836117047
"2020-09-14",0,-8.33731199066263
"2020-09-15",0,-8.00999163246818
"2020-09-16",0,-8.9311612184887
"2020-09-17",0,-9.25100334776131
"2020-09-18",0,-9.45300535722654
"2020-09-21",0,-10.4349664318099
"2020-09-22",0,-9.4950900449128
"2020-09-23",0,-11.0793142905736
"2020-09-24",0,-10.5743055240532
"2020-09-25",0,-9.64285056612215
"2020-09-28",0,-8.66836772046066
"2020-09-29",0,-8.93303264714782
"2020-09-30",0,-9.54091010420265
"2020-10-01",0,-9.33330129447469
"2020-10-02",0,-9.162155400741
"2020-10-05",0,-8.03243380494834
"2020-10-06",0,-9.00410950762114
"2020-10-07",0,-7.80705390867339
"2020-10-08",0,-7.29549514184606
"2020-10-09",0,-7.32635874329225
"2020-10-13",0,-7.61814441410734
"2020-10-14",0,-7.97725660236289
"2020-10-15",0,-7.73036276222272
"2020-10-16",0,-8.10070352243297
"2020-10-19",0,-9.07798602536849
"2020-10-20",0,-9.14252037124954
"2020-10-21",0,-9.60076587843589
"2020-10-22",0,-9.23697511853255
"2020-10-23",0,-9.04806562396651
"2020-10-26",0,-10.2292215650264
"2020-10-27",0,-10.7061738730893
"2020-10-28",0,-12.9422316921503
"2020-10-29",0,-12.5746980749287
"2020-10-30",0,-13.1292772437719
"2020-11-02",0,-12.68411676577
"2020-11-03",0,-11.3243367020546
"2020-11-04",0,-10.9409034269452
"2020-11-05",0,-9.36415741020623
"2020-11-06",0,-7.45821960661373
"2020-11-09",0,-8.31019124653468
"2020-11-10",0,-7.11032850459825
"2020-11-11",0,-6.18728748991861
"2020-11-12",0,-7.36657200231938
"2020-11-13",0,-6.96443941204803
"2020-11-16",0,-5.74493415490549
"2020-11-17",0,-5.33158047839406
"2020-11-18",0,-5.6027879196735
"2020-11-19",0,-5.48775494285481
"2020-11-20",0,-4.91821931616799
"2020-11-23",0,-4.43285306485369
"2020-11-24",0,-3.36485118623875
"2020-11-25",0,-3.24421140915735
"2020-11-26",0,-3.11702163176901
"2020-11-27",0,-2.91969819395158
"2020-11-30",0,-4.28041397199654
"2020-12-01",0,-3.67814331520444
"2020-12-02",0,-3.2601110670452
"2020-12-03",0,-3.16191346244394
"2020-12-04",0,-2.51662240363604
"2020-12-07",0,-2.10887552738732
"2020-12-08",0,-1.71142150876374
"2020-12-09",0,-1.97888609272495
"2020-12-10",0,-1.86478883023582
"2020-12-11",0,-2.13038947125255
"2020-12-14",0,-3.12170020341681
"2020-12-15",0,-2.59331355008668
"2020-12-16",0,-2.11448981336467
"2020-12-17",0,-1.73760653856214
"2020-12-18",0,-2.27721427813232
"2020-12-21",0,-2.51475846069154
"2020-12-22",0,-2.1444177004813
"2020-12-23",0,-2.06118403943834
"2020-12-24",0,-1.89939528900024
"2020-12-29",0,-2.37821902572226
"2020-12-30",0,-2.58115674951707
"2020-12-31",0,-3.22924746559903
"2021-01-04",0,-2.79905841687017
"2021-01-05",0,-1.91809460416215
"2021-01-06",0,-1.02966004824694
"2021-01-07",0,0
"2021-01-08",0,0
"2021-01-11",0,-0.551770320307299
"2021-01-12",0,-0.27402006307311
"2021-01-13",0,-0.53778955259155
"2021-01-14",0,-0.493982152363803
"2021-01-15",0,-0.576001661577674
"2021-01-18",0,-0.454837494837412
"2021-01-19",0,-0.576934210117952
"2021-01-20",0,-0.370952888542997
"2021-01-21",0,-0.923648297002233
"2021-01-22",0,-1.3374760372327
"2021-01-25",0,-1.13056216711748
"2021-01-26",0,-1.93304629737944
"2021-01-27",0,-4.04970021175566
"2021-01-28",0,-2.43261628059653
"2021-01-29",0,-4.31719243504688
"2021-02-01",0,-2.63206976238962
"2021-02-02",0,-1.27409257804759
"2021-02-03",0,-1.13429236127855
"2021-02-04",0,-0.367222694381919
"2021-02-05",0,0
"2021-02-08",0,0
"2021-02-09",0,0
"2021-02-10",0,0
"2021-02-11",0,0
"2021-02-12",0,0
"2021-02-16",0,0
"2021-02-17",0,0
"2021-02-18",0,0
"2021-02-19",0,0
"2021-02-22",0,0
"2021-02-23",0,0
"2021-02-24",0,0
"2021-02-25",0,-1.32773424977305
"2021-02-26",0,-2.31512523966182
"2021-03-01",0,-0.998302836373521
"2021-03-02",0,-0.207485337297342
"2021-03-03",0,-0.786264826143634
"2021-03-04",0,-1.74453327781744
"2021-03-05",0,-0.194745137362884
"2021-03-08",0,0
"2021-03-09",0,0
"2021-03-10",0,0
"2021-03-11",0,0
"2021-03-12",0,0
"2021-03-15",0,0
"2021-03-16",0,0
"2021-03-17",0,0
"2021-03-18",0,0
"2021-03-19",0,0
"2021-03-22",0,0
"2021-03-23",0,0
"2021-03-24",0,0
"2021-03-25",0,0
"2021-03-26",0,0
"2021-03-29",0,0
"2021-03-30",0,0
"2021-03-31",0,0
"2021-04-01",0,0
"2021-04-05",0,0
"2021-04-06",0,0
"2021-04-07",0,0
"2021-04-08",0,0
"2021-04-09",0,0
"2021-04-12",0,0
"2021-04-13",0,0
"2021-04-14",0,0
"2021-04-15",0,0
"2021-04-16",0,0
"2021-04-19",0,0
"2021-04-20",0,0
"2021-04-21",0,0
"2021-04-22",0,0
"2021-04-23",0,0
"2021-04-26",0,0
"2021-04-27",0,0
"2021-04-28",0,0
"2021-04-29",0,0
"2021-04-30",0,0
"2021-05-03",0,0
"2021-05-04",0,0
"2021-05-05",0,0
"2021-05-06",0,0
"2021-05-07",0,0
"2021-05-10",0,0
"2021-05-11",0,0
"2021-05-12",0,0
"2021-05-13",0,0
"2021-05-14",0,0
"2021-05-17",0,0
"2021-05-18",0,0
"2021-05-19",0,0
"2021-05-20",0,0
"2021-05-21",0,0
"2021-05-25",0,0
"2021-05-26",0,0
"2021-05-27",0,0
"2021-05-28",0,0
"2021-05-31",0,0
"2021-06-01",0,0
"2021-06-02",0,0
"2021-06-03",0,0
"2021-06-04",0,0
"2021-06-07",0,0
"2021-06-08",0,0
"2021-06-09",0,0
"2021-06-10",0,0
"2021-06-11",0,0
"2021-06-14",0,0
"2021-06-15",0,0
"2021-06-16",0,0
"2021-06-17",0,0
"2021-06-18",0,0
"2021-06-21",0,0
"2021-06-22",0,0
"2021-06-23",0,0
"2021-06-24",0,0
"2021-06-25",0,0
"2021-06-28",0,0
"2021-06-29",0,0
"2021-06-30",0,0
"2021-07-02",0,0
"2021-07-05",0,0
"2021-07-06",0,0
"2021-07-07",0,0
"2021-07-08",0,-1.3005976157243
"2021-07-09",0,-0.318377647397206
"2021-07-12",0,-0.359408843388587
"2021-07-13",0,-0.0631789777879255
"2021-07-14",0,-0.742614072734704
"2021-07-15",0,-0.448847261159457
"2021-07-16",0,-1.3325976136225
"2021-07-19",0,-2.55031838749961
"2021-07-20",0,-1.58779628323177
"2021-07-21",0,-0.884571370471499
"2021-07-22",0,-0.87964526242067
"2021-07-23",0,-0.374174031252938
"2021-07-26",0,-0.628551682853762
"2021-07-27",0,-0.548958913040465
"2021-07-28",0,-0.400433471235895
"2021-07-29",0,-0.0147717560084248
"2021-07-30",0,-0.177241367668868
"2021-08-03",0,0
"2021-08-04",0,0
"2021-08-05",0,0
"2021-08-06",0,0
"2021-08-09",0,0
"2021-08-10",0,0
"2021-08-11",0,0
"2021-08-12",0,0
"2021-08-13",0,0
"2021-08-16",0,0
"2021-08-17",0,0
"2021-08-18",0,0
"2021-08-19",0,0
"2021-08-20",0,0
"2021-08-23",0,0
"2021-08-24",0,0
"2021-08-25",0,0
"2021-08-26",0,0
"2021-08-27",0,0
"2021-08-30",0,0
"2021-08-31",0,0
"2021-09-01",0,0
"2021-09-02",0,0
"2021-09-03",0,0
"2021-09-07",0,0
"2021-09-08",0,-0.267271613733477
"2021-09-09",0,-0.504849236825256
"2021-09-10",0,-0.919800591554154
"2021-09-13",0,-0.754459928820517
"2021-09-14",0,-1.40137390278552
"2021-09-15",0,-0.711120322401437
"2021-09-16",0,-1.13651147262857
"2021-09-17",0,-1.7240246163311
"2021-09-20",0,-3.26666019506421
"2021-09-21",0,-2.7915113733702
"2021-09-22",0,-2.05470594179836
"2021-09-23",0,-1.69754287045808
"2021-09-24",0,-1.94153855859769
"2021-09-27",0,-1.60122692331388
"2021-09-28",0,-2.96327010115166
"2021-09-29",0,-2.91511212757957
"2021-09-30",0,-3.41755218082831
"2021-10-01",0,-3.00821582995507
"2021-10-04",0,-3.37742481917793
"2021-10-05",0,-2.77144769254501
"2021-10-06",0,-2.63499795926091
"2021-10-07",0,-1.64536959092513
"2021-10-08",0,-1.53781721158011
"2021-10-12",0,-1.57393569175917
"2021-10-13",0,-0.808239330737792
"2021-10-14",0,0
"2021-10-15",0,0
"2021-10-18",0,0
"2021-10-19",0,0
"2021-10-20",0,0
"2021-10-21",0,0
"2021-10-22",0,0
"2021-10-25",0,0
"2021-10-26",0,0
"2021-10-27",0,0
"2021-10-28",0,0
"2021-10-29",0,0
"2021-11-01",0,0
"2021-11-02",0,0
"2021-11-03",0,0
"2021-11-04",0,0
"2021-11-05",0,0
"2021-11-08",0,0
"2021-11-09",0,0
"2021-11-10",0,0
"2021-11-11",0,0
"2021-11-12",0,0
"2021-11-15",0,-0.369528815009468
"2021-11-16",0,-0.20996149850272
"2021-11-17",0,-0.510780419238532
"2021-11-18",0,-0.379459756768319
"2021-11-19",0,-0.723033673531748
"2021-11-22",0,-1.34528509442033
"2021-11-23",0,-1.01774124549286
"2021-11-24",0,-0.564224164273053
"2021-11-25",0,-0.228283322129186
"2021-11-26",0,-2.46991382998227
"2021-11-29",0,-2.40348958015034
"2021-11-30",0,-4.67260893479191
"2021-12-01",0,-5.37732078469718
"2021-12-02",0,-3.96637535904175
"2021-12-03",0,-4.44050601967854
"2021-12-06",0,-3.46933325184868
"2021-12-07",0,-2.16451750901424
"2021-12-08",0,-2.4493002505653
"2021-12-09",0,-3.07689910163172
"2021-12-10",0,-3.17996699871661
"2021-12-13",0,-3.87551793680866
"2021-12-14",0,-4.15495935953064
"2021-12-15",0,-3.55637719244637
"2021-12-16",0,-3.74496119293528
"2021-12-17",0,-3.84574344557844
"2021-12-20",0,-4.68940903257349
"2021-12-21",0,-3.00131393998655
"2021-12-22",0,-2.34012100470573
"2021-12-23",0,-1.59952942614435
"2021-12-24",0,-1.62014300556133
"2021-12-29",0,-1.02461040151561
"2021-12-30",0,-1.32085192201918
"2021-12-31",0,-1.73924708183095
"2022-01-04",0,-1.70488907901973
"2022-01-05",0,-2.44395893173622
"2022-01-06",0,-2.22406649147467
"2022-01-07",0,-2.1423760924036
"2022-01-10",0,-2.07671576116849
"2022-01-11",0,-1.26969382142639
"2022-01-12",0,-0.722269754934912
"2022-01-13",0,-1.22693882539877
"2022-01-14",0,-0.723033673531748
"2022-01-17",0,0
"2022-01-18",0,-1.25729286558987
"2022-01-19",0,-1.71324248355071
"2022-01-20",0,-2.38954120210826
"2022-01-21",0,-4.38412624730987
"2022-01-24",0,-4.60981547982795
"2022-01-25",0,-4.53204485002866
"2022-01-26",0,-4.45731962117654
"2022-01-27",0,-4.62734942155387
"2022-01-28",0,-3.85726578044077
"2022-01-31",0,-2.2561111401682
"2022-02-01",0,-1.2847380921619
"2022-02-02",0,-0.953833003272497
"2022-02-03",0,-2.20349710897464
"2022-02-04",0,-1.33353774341162
"2022-02-07",0,-1.5432126831734
"2022-02-08",0,-0.914944636868908
"2022-02-09",0,-0.0396451393844699
"2022-02-10",0,-0.336245220810794
"2022-02-11",0,-0.288208445549853
"2022-02-14",0,-1.26262689450335
"2022-02-15",0,-0.648090615996733
"2022-02-16",0,-1.30990079377552
"2022-02-17",0,-2.28889649866164
"2022-02-18",0,-2.89275861633337
"2022-02-22",0,-3.36472252705052
"2022-02-23",0,-4.17521418353686
"2022-02-24",0,-4.14623710197938
"2022-02-25",0,-2.43147496945902
"2022-02-28",0,-2.52601666499546
"2022-03-01",0,-3.27093760449495
"2022-03-02",0,-1.94197711701597
"2022-03-03",0,-1.84209528955814
"2022-03-04",0,-0.995766770623285
"2022-03-07",0,-1.41283412518844
"2022-03-08",0,-2.00373345405898
"2022-03-09",0,-0.778469173981688
"2022-03-10",0,-0.43765280024618
"2022-03-11",0,-0.911136359932951
"2022-03-14",0,-1.92596282425969
"2022-03-15",0,-1.99305929322409
"2022-03-16",0,-0.779232049970457
"2022-03-17",0,0
"2022-03-18",0,0
"2022-03-21",0,0
"2022-03-22",0,0
"2022-03-23",0,-0.818397736809151
"2022-03-24",0,-0.786979167758206
"2022-03-25",0,-0.450344798885538
"2022-03-28",0,-0.423411175178434
"2022-03-29",0,-0.0830403498377041
"2022-03-30",0,-0.14737446569123
"2022-03-31",0,-1.05403999864673
"2022-04-01",0,-0.762291010678551
"2022-04-04",0,-0.0516157928757588
"2022-04-05",0,-0.533379160812242
"2022-04-06",0,-1.08172211122964
"2022-04-07",0,-1.02711236285065
"2022-04-08",0,-0.926868744691345
"2022-04-11",0,-1.21263580956407
"2022-04-12",0,-1.63455000699089
"2022-04-13",0,-1.30314907233785
"2022-04-14",0,-1.18420520810536
"2022-04-18",0,-1.11837411450023
"2022-04-19",0,-0.416680763207167
"2022-04-20",0,-0.587240420315438
"2022-04-21",0,-1.98764514322036
"2022-04-22",0,-4.10619799686414
"2022-04-25",0,-4.92833219014133
"2022-04-26",0,-6.29582136624369
"2022-04-27",0,-6.06616102750158
"2022-04-28",0,-4.39719849595651
"2022-04-29",0,-6.07588539497608
"2022-05-02",0,-6.16266220128183
"2022-05-03",0,-5.23056002237083
"2022-05-04",0,-4.12938917619219
"2022-05-05",0,-6.24495406224374
"2022-05-06",0,-6.44618379952714
"2022-05-09",0,-9.04949397661062
"2022-05-10",0,-9.53723926764256
"2022-05-11",0,-9.73997197058858
"2022-05-12",0,-10.2681117092702
"2022-05-13",0,-8.73754776481761
"2022-05-16",0,-8.2976758222824
"2022-05-17",0,-7.17331379677568
"2022-05-18",0,-8.88791019810107
"2022-05-19",0,-8.70836867448309
"2022-05-20",0,-8.54828187372514
"2022-05-24",0,-8.06876397241608
"2022-05-25",0,-7.71043540196698
"2022-05-26",0,-7.14264371660055
"2022-05-27",0,-6.0863582513264
"2022-05-30",0,-5.34127649688046
"2022-05-31",0,-6.1319921211067
"2022-06-01",0,-6.20305664893148
"2022-06-02",0,-4.90963194406813
"2022-06-03",0,-5.98761161091872
"2022-06-06",0,-5.90757120449525
"2022-06-07",0,-5.49836934213518
"2022-06-08",0,-6.15293783380733
"2022-06-09",0,-7.11646456968028
"2022-06-10",0,-8.48544473562326
"2022-06-13",0,-10.6406555804486
"2022-06-14",0,-11.384246345054
"2022-06-15",0,-11.2219080897576
"2022-06-16",0,-13.8641217246501
"2022-06-17",0,-14.0825607181661
"2022-06-20",0,-12.8826432315798
"2022-06-21",0,-12.6193188571593
"2022-06-22",0,-13.5656363367996
"2022-06-23",0,-14.7947269258095
"2022-06-24",0,-13.3531852542901
"2022-06-27",0,-12.5100993604013
"2022-06-28",0,-12.7442506323982
"2022-06-29",0,-13.2162836449492
"2022-06-30",0,-14.2381565856692
"2022-07-04",0,-13.5469360907264
"2022-07-05",0,-14.161104146838
"2022-07-06",0,-14.656334326628
"2022-07-07",0,-13.3868492899685
"2022-07-08",0,-13.5476845796022
"2022-07-11",0,-14.3997463520898
"2022-07-12",0,-15.0206508080836
"2022-07-13",0,-15.3393274318478
"2022-07-14",0,-16.7838690467815
"2022-07-15",0,-16.50483239388
"2022-07-18",0,-15.7986481093321
"2022-07-19",0,-14.2822934776979
"2022-07-22",0,-14.0099932246787
"2022-07-26",0,-14.0758303061948
"2022-07-27",0,-12.8168061500636
"2022-07-28",0,-12.0747183511209
"2022-07-29",0,-11.130646338108
"2022-08-02",0,-11.9303378409329
"2022-08-03",0,-11.6266250067738
"2022-08-04",0,-11.4238863159168
"2022-08-05",0,-11.2600630586908
"2022-08-08",0,-11.2697874261653
"2022-08-09",0,-11.5952004498119
"2022-08-10",0,-10.2127534720153
"2022-08-11",0,-9.7332355707063
"2022-08-12",0,-8.88491624259782
"2022-08-15",0,-8.80188188067111
"2022-08-16",0,-8.30515472312947
"2022-08-17",0,-8.63506466794189
"2022-08-18",0,-8.29917878794502
"2022-08-19",0,-8.88940118794167
"2022-08-22",0,-9.43250471622841
"2022-08-23",0,-9.60082489462025
"2022-08-24",0,-9.632991952547
"2022-08-25",0,-8.93429255675716
"2022-08-26",0,-10.1775984464964
"2022-08-29",0,-10.3384277482191
"2022-08-30",0,-11.8368306226559
"2022-08-31",0,-12.7494900545289
"2022-09-01",0,-13.4205133256468
"2022-09-02",0,-12.8579550745001
"2022-09-06",0,-13.7145017923315
"2022-09-07",0,-12.9664260823823
"2022-09-08",0,-12.1727165026528
"2022-09-09",0,-10.5142328153691
"2022-09-12",0,-9.64795574215217
"2022-09-13",0,-11.1875015531144
"2022-09-14",0,-10.9054769326207
"2022-09-15",0,-11.5697697917674
"2022-09-16",0,-12.2789420439076
"2022-09-19",0,-11.4852324641781
"2022-09-20",0,-12.2774450661559
"2022-09-21",0,-13.1833680981467
"2022-09-22",0,-13.7601416500228
"2022-09-23",0,-16.0200810583513
"2022-09-26",0,-16.6185428238928
"2022-09-27",0,-16.8100481937017
"2022-09-28",0,-15.4178768484307
"2022-09-29",0,-16.3050936464372
"2022-09-30",0,-16.4322708883036
"2022-10-03",0,-14.5523542520006
"2022-10-04",0,-12.3874130517898
"2022-10-05",0,-13.0315026992006
"2022-10-06",0,-14.3720642395069
"2022-10-07",0,-16.0245660036951
"2022-10-11",0,-17.6501461199983
"2022-10-12",0,-17.7765628971669
"2022-10-13",0,-15.8180968442811
"2022-10-14",0,-17.0576662775523
"2022-10-17",0,-15.7575051728066
"2022-10-18",0,-14.8575640639114
"2022-10-19",0,-15.3221301514373
"2022-10-20",0,-15.7702234957844
"2022-10-21",0,-14.4708168678255
"2022-10-24",0,-14.2658327103411
"2022-10-25",0,-13.5387027130925
"2022-10-26",0,-12.7741722236976
"2022-10-27",0,-12.320090968344
"2022-10-28",0,-11.7395809599999
"2022-10-31",0,-11.9505350647578
"2022-11-01",0,-11.5966974275635
"2022-11-02",0,-12.5287996064745
"2022-11-03",0,-12.7001137403696
"2022-11-04",0,-11.863758258452
"2022-11-07",0,-11.5016932315349
"2022-11-08",0,-11.0176843969709
"2022-11-09",0,-12.2594933089585
"2022-11-10",0,-9.37564950122199
"2022-11-11",0,-8.98142340428908
"2022-11-14",0,-9.77138455172852
"2022-11-15",0,-9.43624716060746
"2022-11-16",0,-9.46991119628583
"2022-11-17",0,-9.68909867867762
"2022-11-18",0,-9.22454456697374
"2022-11-21",0,-9.24848423517761
"2022-11-22",0,-8.1974322041231
"2022-11-23",0,-7.92737741773134
"2022-11-24",0,-7.67826834404021
"2022-11-25",0,-7.45609289405619
"2022-11-28",0,-8.07624287326317
"2022-11-29",0,-7.95356255256263
"2022-11-30",0,-7.25410269207498
"2022-12-01",0,-7.05735790013542
"2022-12-02",0,-7.30273051735851
"2022-12-05",0,-8.26850271985888
"2022-12-06",0,-9.33376406373173
"2022-12-07",0,-9.49385086448968
"2022-12-08",0,-9.50956314297066
"2022-12-09",0,-9.62775253041634
"2022-12-12",0,-9.340494475703
"2022-12-13",0,-9.51480256510131
"2022-12-14",0,-10.2075140498847
"2022-12-15",0,-11.5001902658722
"2022-12-16",0,-12.2729601208121
"2022-12-19",0,-13.1908469989937
"2022-12-20",0,-12.6933833283983
"2022-12-21",0,-11.6169006392993
"2022-12-22",0,-12.5759304540064
"2022-12-23",0,-11.8899493811943
"2022-12-28",0,-12.866182464223
"2022-12-29",0,-12.0028993465093
"2022-12-30",0,-12.5564757311464
"2023-01-03",0,-12.1906682598502
"2023-01-04",0,-11.5922064943086
"2023-01-05",0,-11.9782171773407
"2023-01-06",0,-10.5793154200984
"2023-01-09",0,-10.4199711203052
"2023-01-10",0,-10.366115848713
"2023-01-11",0,-9.85816734594527
"2023-01-12",0,-9.03228472037804
