"","10 Years 2012-01-02 to 2023-01-13","10 Years 2012-02-02 to 2023-01-13","10 Years 2012-03-02 to 2023-01-13","10 Years 2012-04-02 to 2023-01-13","10 Years 2012-05-02 to 2023-01-13","10 Years 2012-06-02 to 2023-01-13","10 Years 2012-07-02 to 2023-01-13","10 Years 2012-08-02 to 2023-01-13","10 Years 2012-09-02 to 2023-01-13","10 Years 2012-10-02 to 2023-01-13","10 Years 2012-11-02 to 2023-01-13","10 Years 2012-12-02 to 2023-01-13","10 Years 2013-01-02 to 2023-01-13","5 Years 2013-02-02 to 2023-01-13","5 Years 2013-03-02 to 2023-01-13","5 Years 2013-04-02 to 2023-01-13","5 Years 2013-05-02 to 2023-01-13","5 Years 2013-06-02 to 2023-01-13","5 Years 2013-07-02 to 2023-01-13","5 Years 2013-08-02 to 2023-01-13","5 Years 2013-09-02 to 2023-01-13","5 Years 2013-10-02 to 2023-01-13","5 Years 2013-11-02 to 2023-01-13","5 Years 2013-12-02 to 2023-01-13","5 Years 2014-01-02 to 2023-01-13","5 Years 2014-02-02 to 2023-01-13","5 Years 2014-03-02 to 2023-01-13","5 Years 2014-04-02 to 2023-01-13","5 Years 2014-05-02 to 2023-01-13","5 Years 2014-06-02 to 2023-01-13","5 Years 2014-07-02 to 2023-01-13","5 Years 2014-08-02 to 2023-01-13","5 Years 2014-09-02 to 2023-01-13","5 Years 2014-10-02 to 2023-01-13","5 Years 2014-11-02 to 2023-01-13","5 Years 2014-12-02 to 2023-01-13","5 Years 2015-01-02 to 2023-01-13","5 Years 2015-02-02 to 2023-01-13","5 Years 2015-03-02 to 2023-01-13","5 Years 2015-04-02 to 2023-01-13","5 Years 2015-05-02 to 2023-01-13","5 Years 2015-06-02 to 2023-01-13","5 Years 2015-07-02 to 2023-01-13","5 Years 2015-08-02 to 2023-01-13","5 Years 2015-09-02 to 2023-01-13","5 Years 2015-10-02 to 2023-01-13","5 Years 2015-11-02 to 2023-01-13","5 Years 2015-12-02 to 2023-01-13","5 Years 2016-01-02 to 2023-01-13","5 Years 2016-02-02 to 2023-01-13","5 Years 2016-03-02 to 2023-01-13","5 Years 2016-04-02 to 2023-01-13","5 Years 2016-05-02 to 2023-01-13","5 Years 2016-06-02 to 2023-01-13","5 Years 2016-07-02 to 2023-01-13","5 Years 2016-08-02 to 2023-01-13","5 Years 2016-09-02 to 2023-01-13","5 Years 2016-10-02 to 2023-01-13","5 Years 2016-11-02 to 2023-01-13","5 Years 2016-12-02 to 2023-01-13","5 Years 2017-01-02 to 2023-01-13","5 Years 2017-02-02 to 2023-01-13","5 Years 2017-03-02 to 2023-01-13","5 Years 2017-04-02 to 2023-01-13","5 Years 2017-05-02 to 2023-01-13","5 Years 2017-06-02 to 2023-01-13","5 Years 2017-07-02 to 2023-01-13","5 Years 2017-08-02 to 2023-01-13","5 Years 2017-09-02 to 2023-01-13","5 Years 2017-10-02 to 2023-01-13","5 Years 2017-11-02 to 2023-01-13","5 Years 2017-12-02 to 2023-01-13","5 Years 2018-01-02 to 2023-01-13","4 Years 2018-02-02 to 2023-01-13","4 Years 2018-03-02 to 2023-01-13","4 Years 2018-04-02 to 2023-01-13","4 Years 2018-05-02 to 2023-01-13","4 Years 2018-06-02 to 2023-01-13","4 Years 2018-07-02 to 2023-01-13","4 Years 2018-08-02 to 2023-01-13","4 Years 2018-09-02 to 2023-01-13","4 Years 2018-10-02 to 2023-01-13","4 Years 2018-11-02 to 2023-01-13","4 Years 2018-12-02 to 2023-01-13","4 Years 2019-01-02 to 2023-01-13","3 Years 2019-02-02 to 2023-01-13","3 Years 2019-03-02 to 2023-01-13","3 Years 2019-04-02 to 2023-01-13","3 Years 2019-05-02 to 2023-01-13","3 Years 2019-06-02 to 2023-01-13","3 Years 2019-07-02 to 2023-01-13","3 Years 2019-08-02 to 2023-01-13","3 Years 2019-09-02 to 2023-01-13","3 Years 2019-10-02 to 2023-01-13","3 Years 2019-11-02 to 2023-01-13","3 Years 2019-12-02 to 2023-01-13","3 Years 2020-01-02 to 2023-01-13","2 Years 2020-02-02 to 2023-01-13","2 Years 2020-03-02 to 2023-01-13","2 Years 2020-04-02 to 2023-01-13","2 Years 2020-05-02 to 2023-01-13","2 Years 2020-06-02 to 2023-01-13","2 Years 2020-07-02 to 2023-01-13","2 Years 2020-08-02 to 2023-01-13","2 Years 2020-09-02 to 2023-01-13","2 Years 2020-10-02 to 2023-01-13","2 Years 2020-11-02 to 2023-01-13","2 Years 2020-12-02 to 2023-01-13","2 Years 2021-01-02 to 2023-01-13","2023-01-2022-01 2021-02-02 to 2023-01-13","2023-01-2022-01 2021-03-02 to 2023-01-13","2023-01-2022-01 2021-04-02 to 2023-01-13","2023-01-2022-01 2021-05-02 to 2023-01-13","2023-01-2022-01 2021-06-02 to 2023-01-13","2023-01-2022-01 2021-07-02 to 2023-01-13","2023-01-2022-01 2021-08-02 to 2023-01-13","2023-01-2022-01 2021-09-02 to 2023-01-13","2023-01-2022-01 2021-10-02 to 2023-01-13","2023-01-2022-01 2021-11-02 to 2023-01-13","2023-01-2022-01 2021-12-02 to 2023-01-13","2022-01-2023-01 2022-01-02 to 2023-01-13"
"1",NA,NA,NA,NA,NA,NA,NA,NA,NA,NA,NA,NA,NA,NA,NA,NA,NA,NA,NA,NA,NA,NA,NA,NA,NA,NA,NA,NA,NA,NA,NA,NA,NA,NA,NA,NA,NA,NA,NA,NA,NA,NA,NA,NA,NA,NA,NA,NA,NA,NA,NA,NA,NA,NA,NA,NA,NA,NA,NA,NA,NA,NA,NA,NA,NA,NA,NA,NA,NA,NA,NA,NA,NA,NA,NA,NA,NA,NA,NA,NA,NA,NA,NA,NA,NA,NA,NA,NA,NA,NA,NA,NA,NA,NA,NA,NA,NA,NA,NA,NA,NA,NA,NA,NA,NA,NA,NA,NA,NA,NA,NA,NA,NA,NA,NA,NA,NA,NA,NA,NA,NA
"P Annualized Returns",14.537,14.892,14.573,14.065,12.528,13.608,12.899,15.165,16.614,15.958,14.22,15.623,17.627,9.374,4.317,3.686,4.49,5.628,5.829,6.609,10.425,8.18,6.601,7.383,6.863,9.22,8.284,10.936,10.105,8.994,9.115,8.337,10.585,11.928,9.847,8.424,7.109,9.23,7.69,7.281,7.158,9.16,8.616,10.517,13.978,11.059,10.119,10.736,8.212,10.591,7.808,6.619,7.476,8.539,8.864,10.701,14.132,10.407,8.923,9.858,9.338,12.203,11.758,14.275,13.452,12.014,12.588,12.638,12.941,15.8,13.432,11.635,10.133,15.11,12.921,12.117,12.192,10.407,9.714,12.469,12.794,11.424,11.934,13.02,10.371,5.74,5.976,5.423,3.793,6.655,6.73,8.833,10.089,9.166,7.43,9.46,9.252,11.144,9.938,14.637,13.742,11.361,11.995,16.086,10.172,13.437,13.628,12.227,9.13,1.988,1.767,2.143,-0.121,-4.017,-4.787,-0.556,-0.663,-4.687,-4.254,-1.372,-3.217
"B Annualized Returns",5.335,5.335,5.335,5.335,5.335,5.335,5.335,5.335,5.335,5.335,5.335,5.335,5.335,4.679,4.679,4.679,4.679,4.679,4.679,4.679,4.679,4.679,4.679,4.679,4.679,4.679,4.679,4.679,4.679,4.679,4.679,4.679,4.679,4.679,4.679,4.679,4.679,4.679,4.679,4.679,4.679,4.679,4.679,4.679,4.679,4.679,4.679,4.679,4.679,4.679,4.679,4.679,4.679,4.679,4.679,4.679,4.679,4.679,4.679,4.679,4.679,4.679,4.679,4.679,4.679,4.679,4.679,4.679,4.679,4.679,4.679,4.679,4.679,7.966,7.966,7.966,7.966,7.966,7.966,7.966,7.966,7.966,7.966,7.966,7.966,5.686,5.686,5.686,5.686,5.686,5.686,5.686,5.686,5.686,5.686,5.686,5.686,6.606,6.606,6.606,6.606,6.606,6.606,6.606,6.606,6.606,6.606,6.606,6.606,-6.482,-6.482,-6.482,-6.482,-6.482,-6.482,-6.482,-6.482,-6.482,-6.482,-6.482,-5.431
"AR DIFF(P-B)",9.202,9.557,9.238,8.73,7.193,8.273,7.564,9.83,11.279,10.623,8.885,10.288,12.292,4.695,-0.362,-0.993,-0.189,0.949,1.15,1.93,5.746,3.501,1.922,2.704,2.184,4.541,3.605,6.257,5.426,4.315,4.436,3.658,5.906,7.249,5.168,3.745,2.43,4.551,3.011,2.602,2.479,4.481,3.937,5.838,9.299,6.38,5.44,6.057,3.533,5.912,3.129,1.94,2.797,3.86,4.185,6.022,9.453,5.728,4.244,5.179,4.659,7.524,7.079,9.596,8.773,7.335,7.909,7.959,8.262,11.121,8.753,6.956,5.454,7.144,4.955,4.151,4.226,2.441,1.748,4.503,4.828,3.458,3.968,5.054,2.405,0.0540000000000003,0.29,-0.263,-1.893,0.969,1.044,3.147,4.403,3.48,1.744,3.774,3.566,4.538,3.332,8.031,7.136,4.755,5.389,9.48,3.566,6.831,7.022,5.621,2.524,8.47,8.249,8.625,6.361,2.465,1.695,5.926,5.819,1.795,2.228,5.11,2.214
"P Volatility",17.45,17.67,18.34,19.06,13.7,15.34,15.37,16.36,16.36,15.71,17.11,17.55,21.78,24.16,17.16,16.97,17.85,18.34,17.68,18.45,18.46,16.87,17.94,17.92,17.24,19.91,19.07,20.63,19.65,18.67,18.28,18.4,17.47,17.61,17.48,16.14,15.7,16.67,16.79,17.72,16.84,17.27,16.62,17.42,17.67,16.31,17.62,17.33,17.57,20.38,16.88,16.55,17.62,18.27,17.5,18.09,18.48,17.09,18.08,18.07,17.21,19.86,18.78,19.92,19.42,18.98,18.35,18.23,17.49,17.64,17.52,16.25,15.62,16.68,16.7,17.11,16.74,16.84,16.31,17.01,17.3,16.05,17.06,17.69,16.35,18.55,18.21,18.16,19.34,20.22,19.28,20.88,21.44,19.98,20.45,20.8,19.49,16.48,16.32,17.43,17.49,16.94,17.14,15.86,15.39,15.9,16.56,15.15,15.18,20.66,19.2,19.21,19.24,18.72,17.23,18.45,18.86,17.18,17.84,17.84,18.05
"B Volatility",11.72,11.72,11.72,11.72,11.72,11.72,11.72,11.72,11.72,11.72,11.72,11.72,11.72,14.87,14.87,14.87,14.87,14.87,14.87,14.87,14.87,14.87,14.87,14.87,14.87,14.87,14.87,14.87,14.87,14.87,14.87,14.87,14.87,14.87,14.87,14.87,14.87,14.87,14.87,14.87,14.87,14.87,14.87,14.87,14.87,14.87,14.87,14.87,14.87,14.87,14.87,14.87,14.87,14.87,14.87,14.87,14.87,14.87,14.87,14.87,14.87,14.87,14.87,14.87,14.87,14.87,14.87,14.87,14.87,14.87,14.87,14.87,14.87,15.25,15.25,15.25,15.25,15.25,15.25,15.25,15.25,15.25,15.25,15.25,15.25,17.29,17.29,17.29,17.29,17.29,17.29,17.29,17.29,17.29,17.29,17.29,17.29,13.46,13.46,13.46,13.46,13.46,13.46,13.46,13.46,13.46,13.46,13.46,13.46,16.64,16.64,16.64,16.64,16.64,16.64,16.64,16.64,16.64,16.64,16.64,16.64
"V DIFF(P-B)",5.73,5.95,6.62,7.34,1.98,3.62,3.65,4.64,4.64,3.99,5.39,5.83,10.06,9.29,2.29,2.1,2.98,3.47,2.81,3.58,3.59,2,3.07,3.05,2.37,5.04,4.2,5.76,4.78,3.8,3.41,3.53,2.6,2.74,2.61,1.27,0.83,1.8,1.92,2.85,1.97,2.4,1.75,2.55,2.8,1.44,2.75,2.46,2.7,5.51,2.01,1.68,2.75,3.4,2.63,3.22,3.61,2.22,3.21,3.2,2.34,4.99,3.91,5.05,4.55,4.11,3.48,3.36,2.62,2.77,2.65,1.38,0.75,1.43,1.45,1.86,1.49,1.59,1.06,1.76,2.05,0.800000000000001,1.81,2.44,1.1,1.26,0.920000000000002,0.870000000000001,2.05,2.93,1.99,3.59,4.15,2.69,3.16,3.51,2.2,3.02,2.86,3.97,4.03,3.48,3.68,2.4,1.93,2.44,3.1,1.69,1.72,4.02,2.56,2.57,2.6,2.08,0.59,1.81,2.22,0.539999999999999,1.2,1.2,1.41
"P Tracking Error",13.33,12.93,14.16,14.75,8.84,10.79,10.97,11.87,12.37,12.05,12.76,12.92,17.58,15.99,9.03,7.33,9.31,8.3,7.22,7.34,7.82,6.24,6.47,6.76,6.59,8.06,7.66,9.34,8.06,7.2,7.02,7.19,7.51,7.89,7.34,6.98,6.86,7.14,8.59,9.43,9.33,9.56,9.11,9.55,11.46,10.43,9.58,8.6,7.78,10.66,8.13,6.56,8.68,7.59,6.19,6.29,7.46,5.56,6.13,6.29,5.85,7.74,6.96,8.48,7.62,7.08,6.64,6.4,6.88,7.5,7.05,6.75,6.44,7.18,8.2,8.46,8.67,9.08,8.75,9.08,9.61,9.39,9.03,8.47,5.31,5.22,8.26,6.77,9.27,8.05,6.04,6.28,6.94,5.48,6.11,6.5,6.14,6.93,6.44,8.6,8.26,7.47,7.72,6.91,6.18,7.99,8.34,6.28,6.3,9.46,7.28,7.85,6.04,5.59,4.63,5.15,5.89,5.14,6.31,5.25,5.22
"B Tracking Error",NA,NA,NA,NA,NA,NA,NA,NA,NA,NA,NA,NA,NA,NA,NA,NA,NA,NA,NA,NA,NA,NA,NA,NA,NA,NA,NA,NA,NA,NA,NA,NA,NA,NA,NA,NA,NA,NA,NA,NA,NA,NA,NA,NA,NA,NA,NA,NA,NA,NA,NA,NA,NA,NA,NA,NA,NA,NA,NA,NA,NA,NA,NA,NA,NA,NA,NA,NA,NA,NA,NA,NA,NA,NA,NA,NA,NA,NA,NA,NA,NA,NA,NA,NA,NA,NA,NA,NA,NA,NA,NA,NA,NA,NA,NA,NA,NA,NA,NA,NA,NA,NA,NA,NA,NA,NA,NA,NA,NA,NA,NA,NA,NA,NA,NA,NA,NA,NA,NA,NA,NA
"IR",NA,NA,NA,NA,NA,NA,NA,NA,NA,NA,NA,NA,NA,NA,NA,NA,NA,NA,NA,NA,NA,NA,NA,NA,NA,NA,NA,NA,NA,NA,NA,NA,NA,NA,NA,NA,NA,NA,NA,NA,NA,NA,NA,NA,NA,NA,NA,NA,NA,NA,NA,NA,NA,NA,NA,NA,NA,NA,NA,NA,NA,NA,NA,NA,NA,NA,NA,NA,NA,NA,NA,NA,NA,NA,NA,NA,NA,NA,NA,NA,NA,NA,NA,NA,NA,NA,NA,NA,NA,NA,NA,NA,NA,NA,NA,NA,NA,NA,NA,NA,NA,NA,NA,NA,NA,NA,NA,NA,NA,NA,NA,NA,NA,NA,NA,NA,NA,NA,NA,NA,NA
"P Information Ratio",0.69,0.74,0.65,0.59,0.81,0.77,0.69,0.83,0.91,0.88,0.7,0.8,0.7,0.29,-0.04,-0.14,-0.02,0.11,0.16,0.26,0.73,0.56,0.3,0.4,0.33,0.56,0.47,0.67,0.67,0.6,0.63,0.51,0.79,0.92,0.7,0.54,0.35,0.64,0.35,0.28,0.27,0.47,0.43,0.61,0.81,0.61,0.57,0.7,0.45,0.55,0.38,0.3,0.32,0.51,0.68,0.96,1.27,1.03,0.69,0.82,0.8,0.97,1.02,1.13,1.15,1.04,1.19,1.24,1.2,1.48,1.24,1.03,0.85,0.99,0.6,0.49,0.49,0.27,0.2,0.5,0.5,0.37,0.44,0.6,0.45,0.01,0.04,-0.04,-0.2,0.12,0.17,0.5,0.63,0.64,0.29,0.58,0.58,0.65,0.52,0.93,0.86,0.64,0.7,1.37,0.58,0.85,0.84,0.9,0.4,0.9,1.13,1.1,1.05,0.44,0.37,1.15,0.99,0.35,0.35,0.97,0.42
"B Information Ratio",NA,NA,NA,NA,NA,NA,NA,NA,NA,NA,NA,NA,NA,NA,NA,NA,NA,NA,NA,NA,NA,NA,NA,NA,NA,NA,NA,NA,NA,NA,NA,NA,NA,NA,NA,NA,NA,NA,NA,NA,NA,NA,NA,NA,NA,NA,NA,NA,NA,NA,NA,NA,NA,NA,NA,NA,NA,NA,NA,NA,NA,NA,NA,NA,NA,NA,NA,NA,NA,NA,NA,NA,NA,NA,NA,NA,NA,NA,NA,NA,NA,NA,NA,NA,NA,NA,NA,NA,NA,NA,NA,NA,NA,NA,NA,NA,NA,NA,NA,NA,NA,NA,NA,NA,NA,NA,NA,NA,NA,NA,NA,NA,NA,NA,NA,NA,NA,NA,NA,NA,NA
"AS",NA,NA,NA,NA,NA,NA,NA,NA,NA,NA,NA,NA,NA,NA,NA,NA,NA,NA,NA,NA,NA,NA,NA,NA,NA,NA,NA,NA,NA,NA,NA,NA,NA,NA,NA,NA,NA,NA,NA,NA,NA,NA,NA,NA,NA,NA,NA,NA,NA,NA,NA,NA,NA,NA,NA,NA,NA,NA,NA,NA,NA,NA,NA,NA,NA,NA,NA,NA,NA,NA,NA,NA,NA,NA,NA,NA,NA,NA,NA,NA,NA,NA,NA,NA,NA,NA,NA,NA,NA,NA,NA,NA,NA,NA,NA,NA,NA,NA,NA,NA,NA,NA,NA,NA,NA,NA,NA,NA,NA,NA,NA,NA,NA,NA,NA,NA,NA,NA,NA,NA,NA
"P Alpha Stat",0.79,0.79,0.79,0.76,0.63,0.72,0.66,0.83,0.97,0.92,0.76,0.85,1.02,0.39,-0.02,-0.07,0,0.06,0.08,0.13,0.44,0.27,0.12,0.19,0.17,0.31,0.25,0.49,0.42,0.34,0.36,0.31,0.52,0.62,0.46,0.37,0.25,0.36,0.26,0.25,0.26,0.39,0.35,0.5,0.82,0.58,0.45,0.49,0.3,0.45,0.25,0.16,0.23,0.28,0.3,0.43,0.7,0.43,0.29,0.37,0.35,0.53,0.5,0.73,0.66,0.55,0.6,0.62,0.68,0.89,0.72,0.59,0.47,0.53,0.39,0.33,0.34,0.22,0.16,0.38,0.44,0.35,0.33,0.4,0.17,-0.03,-0.01,-0.04,-0.22,0.04,0.05,0.24,0.34,0.26,0.11,0.26,0.29,0.33,0.14,0.62,0.51,0.31,0.34,0.71,0.24,0.56,0.55,0.45,0.19,0.88,0.88,0.99,0.81,0.39,0.23,0.77,0.84,0.35,0.34,0.57,0.31
"B Alpha Stat",NA,NA,NA,NA,NA,NA,NA,NA,NA,NA,NA,NA,NA,NA,NA,NA,NA,NA,NA,NA,NA,NA,NA,NA,NA,NA,NA,NA,NA,NA,NA,NA,NA,NA,NA,NA,NA,NA,NA,NA,NA,NA,NA,NA,NA,NA,NA,NA,NA,NA,NA,NA,NA,NA,NA,NA,NA,NA,NA,NA,NA,NA,NA,NA,NA,NA,NA,NA,NA,NA,NA,NA,NA,NA,NA,NA,NA,NA,NA,NA,NA,NA,NA,NA,NA,NA,NA,NA,NA,NA,NA,NA,NA,NA,NA,NA,NA,NA,NA,NA,NA,NA,NA,NA,NA,NA,NA,NA,NA,NA,NA,NA,NA,NA,NA,NA,NA,NA,NA,NA,NA
"BS",NA,NA,NA,NA,NA,NA,NA,NA,NA,NA,NA,NA,NA,NA,NA,NA,NA,NA,NA,NA,NA,NA,NA,NA,NA,NA,NA,NA,NA,NA,NA,NA,NA,NA,NA,NA,NA,NA,NA,NA,NA,NA,NA,NA,NA,NA,NA,NA,NA,NA,NA,NA,NA,NA,NA,NA,NA,NA,NA,NA,NA,NA,NA,NA,NA,NA,NA,NA,NA,NA,NA,NA,NA,NA,NA,NA,NA,NA,NA,NA,NA,NA,NA,NA,NA,NA,NA,NA,NA,NA,NA,NA,NA,NA,NA,NA,NA,NA,NA,NA,NA,NA,NA,NA,NA,NA,NA,NA,NA,NA,NA,NA,NA,NA,NA,NA,NA,NA,NA,NA,NA
"P Beta Stat",0.96,1.03,0.99,1.03,0.9,0.93,0.92,0.96,0.92,0.87,0.97,1.01,1.1,1.24,0.98,1.03,1.02,1.1,1.09,1.15,1.13,1.06,1.13,1.12,1.07,1.25,1.19,1.27,1.23,1.17,1.14,1.15,1.06,1.06,1.07,0.98,0.95,1.01,0.97,1.01,0.94,0.97,0.94,0.98,0.91,0.86,0.99,1.01,1.06,1.18,0.99,1.02,1.03,1.12,1.11,1.15,1.15,1.09,1.15,1.15,1.09,1.26,1.19,1.23,1.22,1.2,1.16,1.16,1.08,1.08,1.08,0.99,0.96,0.99,0.95,0.98,0.94,0.93,0.91,0.94,0.94,0.86,0.95,1.02,1.01,1.03,0.94,0.97,0.98,1.07,1.06,1.16,1.19,1.12,1.14,1.15,1.07,1.12,1.12,1.13,1.16,1.14,1.15,1.06,1.05,1.02,1.06,1.02,1.03,1.11,1.07,1.06,1.1,1.08,1,1.07,1.08,0.99,1,1.03,1.04
"B Beta Stat",NA,NA,NA,NA,NA,NA,NA,NA,NA,NA,NA,NA,NA,NA,NA,NA,NA,NA,NA,NA,NA,NA,NA,NA,NA,NA,NA,NA,NA,NA,NA,NA,NA,NA,NA,NA,NA,NA,NA,NA,NA,NA,NA,NA,NA,NA,NA,NA,NA,NA,NA,NA,NA,NA,NA,NA,NA,NA,NA,NA,NA,NA,NA,NA,NA,NA,NA,NA,NA,NA,NA,NA,NA,NA,NA,NA,NA,NA,NA,NA,NA,NA,NA,NA,NA,NA,NA,NA,NA,NA,NA,NA,NA,NA,NA,NA,NA,NA,NA,NA,NA,NA,NA,NA,NA,NA,NA,NA,NA,NA,NA,NA,NA,NA,NA,NA,NA,NA,NA,NA,NA
"RS",NA,NA,NA,NA,NA,NA,NA,NA,NA,NA,NA,NA,NA,NA,NA,NA,NA,NA,NA,NA,NA,NA,NA,NA,NA,NA,NA,NA,NA,NA,NA,NA,NA,NA,NA,NA,NA,NA,NA,NA,NA,NA,NA,NA,NA,NA,NA,NA,NA,NA,NA,NA,NA,NA,NA,NA,NA,NA,NA,NA,NA,NA,NA,NA,NA,NA,NA,NA,NA,NA,NA,NA,NA,NA,NA,NA,NA,NA,NA,NA,NA,NA,NA,NA,NA,NA,NA,NA,NA,NA,NA,NA,NA,NA,NA,NA,NA,NA,NA,NA,NA,NA,NA,NA,NA,NA,NA,NA,NA,NA,NA,NA,NA,NA,NA,NA,NA,NA,NA,NA,NA
"P R-Squared",41.15,46.01,39.85,39.63,58.74,50.35,48.93,46.92,42.63,41.57,43.95,45.3,34.58,57.65,71.83,81.06,72.34,79.88,83.61,85.34,82.88,86.32,87.99,86.59,85.58,86.87,85.81,82.88,85.87,86.76,86.39,85.93,81.49,79.86,82.42,80.98,80.76,81.37,73.41,71.19,69.03,68.92,69.78,69.45,57.77,60.17,69.94,74.96,80.34,73.98,76.38,84.03,75.4,83.46,88.08,89.29,84.83,89.86,89.94,89.19,88.91,88.27,88.26,84.67,87.27,88.4,88.43,89.17,84.76,82.01,84.03,82.46,82.88,81.08,75.51,75.04,72.87,70.63,71.35,71.14,68.66,66.7,71.56,76.58,89.25,91.93,79.16,85.73,76.38,84.08,90.18,92.58,91.56,93.33,92.16,91.58,90.18,82.45,84.74,75.62,78.13,80.86,80.09,80.42,83.3,73.62,73.72,82.05,82,77.54,84.45,81.69,89.94,90.59,91.99,91.75,89.7,90.09,86.09,90.44,90.83
"B R-Squared",NA,NA,NA,NA,NA,NA,NA,NA,NA,NA,NA,NA,NA,NA,NA,NA,NA,NA,NA,NA,NA,NA,NA,NA,NA,NA,NA,NA,NA,NA,NA,NA,NA,NA,NA,NA,NA,NA,NA,NA,NA,NA,NA,NA,NA,NA,NA,NA,NA,NA,NA,NA,NA,NA,NA,NA,NA,NA,NA,NA,NA,NA,NA,NA,NA,NA,NA,NA,NA,NA,NA,NA,NA,NA,NA,NA,NA,NA,NA,NA,NA,NA,NA,NA,NA,NA,NA,NA,NA,NA,NA,NA,NA,NA,NA,NA,NA,NA,NA,NA,NA,NA,NA,NA,NA,NA,NA,NA,NA,NA,NA,NA,NA,NA,NA,NA,NA,NA,NA,NA,NA
"MD",NA,NA,NA,NA,NA,NA,NA,NA,NA,NA,NA,NA,NA,NA,NA,NA,NA,NA,NA,NA,NA,NA,NA,NA,NA,NA,NA,NA,NA,NA,NA,NA,NA,NA,NA,NA,NA,NA,NA,NA,NA,NA,NA,NA,NA,NA,NA,NA,NA,NA,NA,NA,NA,NA,NA,NA,NA,NA,NA,NA,NA,NA,NA,NA,NA,NA,NA,NA,NA,NA,NA,NA,NA,NA,NA,NA,NA,NA,NA,NA,NA,NA,NA,NA,NA,NA,NA,NA,NA,NA,NA,NA,NA,NA,NA,NA,NA,NA,NA,NA,NA,NA,NA,NA,NA,NA,NA,NA,NA,NA,NA,NA,NA,NA,NA,NA,NA,NA,NA,NA,NA
"P Max Drawdown",-31.0635,-32.7502,-32.5753,-34.9466,-32.1601,-31.9841,-32.2737,-32.9139,-30.9902,-29.9676,-33.0059,-34.9843,-38.7341,-36.6216,-30.7048,-34.5055,-33.1772,-36.9655,-37.8847,-40.5775,-39.0187,-37.2539,-38.4759,-37.5233,-33.742,-40.2936,-37.4162,-38.7472,-38.5353,-36.7084,-36.0646,-37.4096,-34.158,-35.4839,-34.3777,-33.1492,-31.1061,-32.7972,-32.6182,-34.9993,-32.2046,-31.8671,-32.1418,-32.6792,-31.0888,-30.0225,-32.8749,-34.1267,-34.4452,-35.7345,-31.0794,-33.6404,-32.6713,-36.5919,-37.5253,-39.9605,-39.1293,-37.1937,-38.3223,-37.0835,-33.6328,-40.0164,-37.8635,-37.0808,-36.8533,-36.6963,-35.5264,-36.6344,-34.488,-34.7453,-34.055,-32.6304,-30.5913,-32.3928,-32.6728,-33.9305,-31.8799,-31.8419,-32.1101,-32.4433,-31.1281,-30.2449,-32.2989,-34.1267,-34.4452,-35.4891,-31.6205,-33.556,-33.2159,-36.5919,-37.5253,-41.0403,-39.1293,-38.0085,-38.7426,-37.0835,-33.6328,-21.8236,-21.2716,-21.937,-21.8542,-21.8959,-23.231,-19.8768,-20.6822,-20.1781,-20.8315,-20.214,-20.3188,-19.3019,-18.2924,-18.2329,-18.5172,-19.8956,-20.1791,-17.5305,-18.8767,-20.0494,-20.7908,-19.0002,-20.5081
"B Max Drawdown",-35.7265,-35.7265,-35.7265,-35.7265,-35.7265,-35.7265,-35.7265,-35.7265,-35.7265,-35.7265,-35.7265,-35.7265,-35.7265,-35.7265,-35.7265,-35.7265,-35.7265,-35.7265,-35.7265,-35.7265,-35.7265,-35.7265,-35.7265,-35.7265,-35.7265,-35.7265,-35.7265,-35.7265,-35.7265,-35.7265,-35.7265,-35.7265,-35.7265,-35.7265,-35.7265,-35.7265,-35.7265,-35.7265,-35.7265,-35.7265,-35.7265,-35.7265,-35.7265,-35.7265,-35.7265,-35.7265,-35.7265,-35.7265,-35.7265,-35.7265,-35.7265,-35.7265,-35.7265,-35.7265,-35.7265,-35.7265,-35.7265,-35.7265,-35.7265,-35.7265,-35.7265,-35.7265,-35.7265,-35.7265,-35.7265,-35.7265,-35.7265,-35.7265,-35.7265,-35.7265,-35.7265,-35.7265,-35.7265,-35.7265,-35.7265,-35.7265,-35.7265,-35.7265,-35.7265,-35.7265,-35.7265,-35.7265,-35.7265,-35.7265,-35.7265,-35.7265,-35.7265,-35.7265,-35.7265,-35.7265,-35.7265,-35.7265,-35.7265,-35.7265,-35.7265,-35.7265,-35.7265,-17.7766,-17.7766,-17.7766,-17.7766,-17.7766,-17.7766,-17.7766,-17.7766,-17.7766,-17.7766,-17.7766,-17.7766,-17.7766,-17.7766,-17.7766,-17.7766,-17.7766,-17.7766,-17.7766,-17.7766,-17.7766,-17.7766,-17.7766,-17.7766
"MD DIFF(P-B)",4.663,2.9763,3.1512,0.779900000000005,3.5664,3.7424,3.4528,2.8126,4.7363,5.7589,2.7206,0.742200000000004,-3.0076,-0.895099999999999,5.0217,1.221,2.5493,-1.239,-2.1582,-4.851,-3.2922,-1.5274,-2.7494,-1.7968,1.9845,-4.5671,-1.6897,-3.0207,-2.8088,-0.981899999999996,-0.338099999999997,-1.6831,1.5685,0.242600000000003,1.3488,2.5773,4.6204,2.9293,3.1083,0.727200000000003,3.5219,3.8594,3.5847,3.0473,4.6377,5.704,2.8516,1.5998,1.2813,-0.00799999999999557,4.6471,2.0861,3.0552,-0.865400000000001,-1.7988,-4.234,-3.4028,-1.4672,-2.5958,-1.357,2.0937,-4.2899,-2.137,-1.3543,-1.1268,-0.969799999999999,0.200099999999999,-0.907899999999998,1.2385,0.981200000000001,1.6715,3.0961,5.1352,3.3337,3.0537,1.796,3.8466,3.8846,3.6164,3.2832,4.5984,5.4816,3.4276,1.5998,1.2813,0.237400000000001,4.106,2.1705,2.5106,-0.865400000000001,-1.7988,-5.3138,-3.4028,-2.282,-3.0161,-1.357,2.0937,-4.047,-3.495,-4.1604,-4.0776,-4.1193,-5.4544,-2.1002,-2.9056,-2.4015,-3.0549,-2.4374,-2.5422,-1.5253,-0.515800000000002,-0.456300000000002,-0.740600000000001,-2.119,-2.4025,0.246099999999998,-1.1001,-2.2728,-3.0142,-1.2236,-2.7315
