"","NA","Var.2","1 Years","2 Years","2018-2020","Var.6","1 Years","2 Years","2018-2020","Var.10","1 Years","2 Years","2018-2020","Var.14","1 Years","2 Years","2018-2020","Var.18","1 Years","2 Years","2018-2020","Var.22","1 Years","2 Years","2018-2020","Var.26","1 Years","2 Years","2018-2020","Var.30","1 Years","2 Years","2018-2020","Var.34","1 Years","2 Years","2018-2020","Var.38","1 Years","2 Years","2018-2020","Var.42","1 Years","2 Years","2018-2020","Var.46","1 Years","2 Years","2019-2021","Var.50","1 Years","2 Years","2019-2021","Var.54","1 Years","2 Years","2019-2021","Var.58","1 Years","2 Years","2019-2021","Var.62","1 Years","2 Years","2019-2021","Var.66","1 Years","2 Years","2019-2021","Var.70","1 Years","2 Years","2019-2021","Var.74","1 Years","2 Years","2019-2021","Var.78","1 Years","2 Years","2019-2021"
"1",NA,"Annualized Returns",NA,NA,NA,"Annualized Returns",NA,NA,NA,"Annualized Returns",NA,NA,NA,"Annualized Returns",NA,NA,NA,"Annualized Returns",NA,NA,NA,"Annualized Returns",NA,NA,NA,"Annualized Returns",NA,NA,NA,"Annualized Returns",NA,NA,NA,"Annualized Returns",NA,NA,NA,"Annualized Returns",NA,NA,NA,"Annualized Returns",NA,NA,NA,"Annualized Returns",NA,NA,NA,"Annualized Returns",NA,NA,NA,"Annualized Returns",NA,NA,NA,"Annualized Returns",NA,NA,NA,"Annualized Returns",NA,NA,NA,"Annualized Returns",NA,NA,NA,"Annualized Returns",NA,NA,NA,"Annualized Returns",NA,NA,NA,"Annualized Returns",NA,NA,NA
"2",NA,"2018-02-13_to_2020-02-14_CorePortfolio_3QRank","20.296","11.449","12.277","2018-03-13_to_2020-03-14_CorePortfolio_3QRank","-8.915","-3.171","-3.496","2018-04-13_to_2020-04-14_CorePortfolio_3QRank","-7.338","0.461","0.92","2018-05-14_to_2020-05-14_CorePortfolio_3QRank","-4.438","0.958","0.644","2018-06-13_to_2020-06-14_CorePortfolio_3QRank","-0.914","1.268","1.268","2018-07-13_to_2020-07-14_CorePortfolio_3QRank","-1.893","3.142","2.999","2018-08-13_to_2020-08-14_CorePortfolio_3QRank","11.227","6.719","6.743","2018-09-13_to_2020-09-14_CorePortfolio_3QRank","0.851","2.775","2.806","2018-10-15_to_2020-10-14_CorePortfolio_3QRank","5.437","8.542","8.542","2018-11-13_to_2020-11-14_CorePortfolio_3QRank","12.024","13.218","12.912","2018-12-13_to_2020-12-14_CorePortfolio_3QRank","13.464","17.682","16.805","2019-01-14_to_2021-01-14_CorePortfolio_3QRank","15.151","20.313","20.72","2019-02-13_to_2021-02-14_CorePortfolio_3QRank","15.073","18.142","18.142","2019-03-13_to_2021-03-14_CorePortfolio_3QRank","62.388","17.471","17.471","2019-04-15_to_2021-04-14_CorePortfolio_3QRank","49.129","17.29","17.29","2019-05-13_to_2021-05-14_CorePortfolio_3QRank","58.155","21.324","21.952","2019-06-13_to_2021-06-14_CorePortfolio_3QRank","45.508","19.948","19.816","2019-07-15_to_2021-07-14_CorePortfolio_3QRank","43.594","18.562","18.562","2019-08-13_to_2021-08-14_CorePortfolio_3QRank","36.569","23.457","21.693","2019-09-13_to_2021-09-14_CorePortfolio_3QRank","38.865","19.709","19.709"
"3",NA,"2018-02-13_to_2020-02-14_S&P500_Index","23.106","11.917","12.646","2018-03-13_to_2020-03-14_S&P500_Index","-3.47","-0.702","-0.985","2018-04-13_to_2020-04-14_S&P500_Index","-2.048","3.097","3.501","2018-05-14_to_2020-05-14_S&P500_Index","0.054","2.568","2.213","2018-06-13_to_2020-06-14_S&P500_Index","5.176","4.677","4.677","2018-07-13_to_2020-07-14_S&P500_Index","6.078","6.903","6.819","2018-08-13_to_2020-08-14_S&P500_Index","18.445","9.396","9.3","2018-09-13_to_2020-09-14_S&P500_Index","12.899","7.912","7.915","2018-10-15_to_2020-10-14_S&P500_Index","16.457","12.616","12.616","2018-11-13_to_2020-11-14_S&P500_Index","15.776","15.198","14.74","2018-12-13_to_2020-12-14_S&P500_Index","14.331","18.417","17.257","2019-01-14_to_2021-01-14_S&P500_Index","15.391","20.585","21.197","2019-02-13_to_2021-02-14_S&P500_Index","14.201","18.304","18.304","2019-03-13_to_2021-03-14_S&P500_Index","55.326","17.079","17.079","2019-04-15_to_2021-04-14_S&P500_Index","44.925","19.146","19.146","2019-05-13_to_2021-05-14_S&P500_Index","46.323","20.997","21.769","2019-06-13_to_2021-06-14_S&P500_Index","38.883","21.373","21.243","2019-07-15_to_2021-07-14_S&P500_Index","36.803","20.465","20.465","2019-08-13_to_2021-08-14_S&P500_Index","32.447","25.416","23.529","2019-09-13_to_2021-09-14_S&P500_Index","32.074","22.839","22.839"
"4",NA,"Volatility",NA,NA,NA,"Volatility",NA,NA,NA,"Volatility",NA,NA,NA,"Volatility",NA,NA,NA,"Volatility",NA,NA,NA,"Volatility",NA,NA,NA,"Volatility",NA,NA,NA,"Volatility",NA,NA,NA,"Volatility",NA,NA,NA,"Volatility",NA,NA,NA,"Volatility",NA,NA,NA,"Volatility",NA,NA,NA,"Volatility",NA,NA,NA,"Volatility",NA,NA,NA,"Volatility",NA,NA,NA,"Volatility",NA,NA,NA,"Volatility",NA,NA,NA,"Volatility",NA,NA,NA,"Volatility",NA,NA,NA,"Volatility",NA,NA,NA
"5",NA,"2018-02-13_to_2020-02-14_CorePortfolio_3QRank","12.46","15.08","15.08","2018-03-13_to_2020-03-14_CorePortfolio_3QRank","15.81","16.43","16.43","2018-04-13_to_2020-04-14_CorePortfolio_3QRank","22.04","19.72","19.72","2018-05-14_to_2020-05-14_CorePortfolio_3QRank","25.53","21.89","21.89","2018-06-13_to_2020-06-14_CorePortfolio_3QRank","26.08","22.64","22.64","2018-07-13_to_2020-07-14_CorePortfolio_3QRank","24.94","21.65","21.65","2018-08-13_to_2020-08-14_CorePortfolio_3QRank","25.15","21.79","21.79","2018-09-13_to_2020-09-14_CorePortfolio_3QRank","25.43","21.97","21.97","2018-10-15_to_2020-10-14_CorePortfolio_3QRank","25.81","21.31","21.31","2018-11-13_to_2020-11-14_CorePortfolio_3QRank","26.53","22.15","22.15","2018-12-13_to_2020-12-14_CorePortfolio_3QRank","30.27","22.62","22.62","2019-01-14_to_2021-01-14_CorePortfolio_3QRank","29.43","21.28","21.28","2019-02-13_to_2021-02-14_CorePortfolio_3QRank","26.85","21.09","21.09","2019-03-13_to_2021-03-14_CorePortfolio_3QRank","17.7","22.08","22.08","2019-04-15_to_2021-04-14_CorePortfolio_3QRank","14.13","21.53","21.53","2019-05-13_to_2021-05-14_CorePortfolio_3QRank","13.9","21.26","21.26","2019-06-13_to_2021-06-14_CorePortfolio_3QRank","14.16","21.12","21.12","2019-07-15_to_2021-07-14_CorePortfolio_3QRank","14.1","21.09","21.09","2019-08-13_to_2021-08-14_CorePortfolio_3QRank","13.81","20.59","20.59","2019-09-13_to_2021-09-14_CorePortfolio_3QRank","13.09","20.71","20.71"
"6",NA,"2018-02-13_to_2020-02-14_S&P500_Index","11.99","14.13","14.13","2018-03-13_to_2020-03-14_S&P500_Index","15.74","15.45","15.45","2018-04-13_to_2020-04-14_S&P500_Index","20.15","18.12","18.12","2018-05-14_to_2020-05-14_S&P500_Index","23.54","20.27","20.27","2018-06-13_to_2020-06-14_S&P500_Index","22.92","20.48","20.48","2018-07-13_to_2020-07-14_S&P500_Index","22.95","20.38","20.38","2018-08-13_to_2020-08-14_S&P500_Index","23.31","20.62","20.62","2018-09-13_to_2020-09-14_S&P500_Index","24.08","21.11","21.11","2018-10-15_to_2020-10-14_S&P500_Index","24.78","20.6","20.6","2018-11-13_to_2020-11-14_S&P500_Index","24.95","20.78","20.78","2018-12-13_to_2020-12-14_S&P500_Index","27.08","20.49","20.49","2019-01-14_to_2021-01-14_S&P500_Index","27.13","20.03","20.03","2019-02-13_to_2021-02-14_S&P500_Index","24.53","20.01","20.01","2019-03-13_to_2021-03-14_S&P500_Index","17.78","20.05","20.05","2019-04-15_to_2021-04-14_S&P500_Index","14.57","20","20","2019-05-13_to_2021-05-14_S&P500_Index","14.69","19.21","19.21","2019-06-13_to_2021-06-14_S&P500_Index","14.87","18.87","18.87","2019-07-15_to_2021-07-14_S&P500_Index","14.57","18.87","18.87","2019-08-13_to_2021-08-14_S&P500_Index","13.66","18.68","18.68","2019-09-13_to_2021-09-14_S&P500_Index","11.73","18.7","18.7"
"7",NA,"Tracking Error",NA,NA,NA,"Tracking Error",NA,NA,NA,"Tracking Error",NA,NA,NA,"Tracking Error",NA,NA,NA,"Tracking Error",NA,NA,NA,"Tracking Error",NA,NA,NA,"Tracking Error",NA,NA,NA,"Tracking Error",NA,NA,NA,"Tracking Error",NA,NA,NA,"Tracking Error",NA,NA,NA,"Tracking Error",NA,NA,NA,"Tracking Error",NA,NA,NA,"Tracking Error",NA,NA,NA,"Tracking Error",NA,NA,NA,"Tracking Error",NA,NA,NA,"Tracking Error",NA,NA,NA,"Tracking Error",NA,NA,NA,"Tracking Error",NA,NA,NA,"Tracking Error",NA,NA,NA,"Tracking Error",NA,NA,NA
"8",NA,"2018-02-13_to_2020-02-14_CorePortfolio_3QRank","1.34","2.48","2.48","2018-03-13_to_2020-03-14_CorePortfolio_3QRank","1.41","2.23","2.23","2018-04-13_to_2020-04-14_CorePortfolio_3QRank","3.4","3.12","3.12","2018-05-14_to_2020-05-14_CorePortfolio_3QRank","2.95","2.98","2.98","2018-06-13_to_2020-06-14_CorePortfolio_3QRank","4.13","3.61","3.61","2018-07-13_to_2020-07-14_CorePortfolio_3QRank","3.52","3.31","3.31","2018-08-13_to_2020-08-14_CorePortfolio_3QRank","3.24","3","3","2018-09-13_to_2020-09-14_CorePortfolio_3QRank","4.33","4.38","4.38","2018-10-15_to_2020-10-14_CorePortfolio_3QRank","5.67","4.67","4.67","2018-11-13_to_2020-11-14_CorePortfolio_3QRank","5.47","4.19","4.19","2018-12-13_to_2020-12-14_CorePortfolio_3QRank","6.06","4.46","4.46","2019-01-14_to_2021-01-14_CorePortfolio_3QRank","5.85","4.28","4.28","2019-02-13_to_2021-02-14_CorePortfolio_3QRank","6.55","4.68","4.68","2019-03-13_to_2021-03-14_CorePortfolio_3QRank","8.42","6.62","6.62","2019-04-15_to_2021-04-14_CorePortfolio_3QRank","8.69","6.68","6.68","2019-05-13_to_2021-05-14_CorePortfolio_3QRank","8.43","6.69","6.69","2019-06-13_to_2021-06-14_CorePortfolio_3QRank","8.25","6.88","6.88","2019-07-15_to_2021-07-14_CorePortfolio_3QRank","7.32","6.21","6.21","2019-08-13_to_2021-08-14_CorePortfolio_3QRank","8.31","7.05","7.05","2019-09-13_to_2021-09-14_CorePortfolio_3QRank","8.6","7.23","7.23"
"9",NA,"2018-02-13_to_2020-02-14_S&P500_Index","-","-","-","2018-03-13_to_2020-03-14_S&P500_Index","-","-","-","2018-04-13_to_2020-04-14_S&P500_Index","-","-","-","2018-05-14_to_2020-05-14_S&P500_Index","-","-","-","2018-06-13_to_2020-06-14_S&P500_Index","-","-","-","2018-07-13_to_2020-07-14_S&P500_Index","-","-","-","2018-08-13_to_2020-08-14_S&P500_Index","-","-","-","2018-09-13_to_2020-09-14_S&P500_Index","-","-","-","2018-10-15_to_2020-10-14_S&P500_Index","-","-","-","2018-11-13_to_2020-11-14_S&P500_Index","-","-","-","2018-12-13_to_2020-12-14_S&P500_Index","-","-","-","2019-01-14_to_2021-01-14_S&P500_Index","-","-","-","2019-02-13_to_2021-02-14_S&P500_Index","-","-","-","2019-03-13_to_2021-03-14_S&P500_Index","-","-","-","2019-04-15_to_2021-04-14_S&P500_Index","-","-","-","2019-05-13_to_2021-05-14_S&P500_Index","-","-","-","2019-06-13_to_2021-06-14_S&P500_Index","-","-","-","2019-07-15_to_2021-07-14_S&P500_Index","-","-","-","2019-08-13_to_2021-08-14_S&P500_Index","-","-","-","2019-09-13_to_2021-09-14_S&P500_Index","-","-","-"
"10",NA,"Information Ratio",NA,NA,NA,"Information Ratio",NA,NA,NA,"Information Ratio",NA,NA,NA,"Information Ratio",NA,NA,NA,"Information Ratio",NA,NA,NA,"Information Ratio",NA,NA,NA,"Information Ratio",NA,NA,NA,"Information Ratio",NA,NA,NA,"Information Ratio",NA,NA,NA,"Information Ratio",NA,NA,NA,"Information Ratio",NA,NA,NA,"Information Ratio",NA,NA,NA,"Information Ratio",NA,NA,NA,"Information Ratio",NA,NA,NA,"Information Ratio",NA,NA,NA,"Information Ratio",NA,NA,NA,"Information Ratio",NA,NA,NA,"Information Ratio",NA,NA,NA,"Information Ratio",NA,NA,NA,"Information Ratio",NA,NA,NA
"11",NA,"2018-02-13_to_2020-02-14_CorePortfolio_3QRank","-2.1","-0.19","-0.15","2018-03-13_to_2020-03-14_CorePortfolio_3QRank","-3.86","-1.11","-1.13","2018-04-13_to_2020-04-14_CorePortfolio_3QRank","-1.56","-0.84","-0.83","2018-05-14_to_2020-05-14_CorePortfolio_3QRank","-1.52","-0.54","-0.53","2018-06-13_to_2020-06-14_CorePortfolio_3QRank","-1.47","-0.94","-0.94","2018-07-13_to_2020-07-14_CorePortfolio_3QRank","-2.26","-1.14","-1.15","2018-08-13_to_2020-08-14_CorePortfolio_3QRank","-2.23","-0.89","-0.85","2018-09-13_to_2020-09-14_CorePortfolio_3QRank","-2.78","-1.17","-1.17","2018-10-15_to_2020-10-14_CorePortfolio_3QRank","-1.94","-0.87","-0.87","2018-11-13_to_2020-11-14_CorePortfolio_3QRank","-0.69","-0.47","-0.44","2018-12-13_to_2020-12-14_CorePortfolio_3QRank","-0.14","-0.16","-0.1","2019-01-14_to_2021-01-14_CorePortfolio_3QRank","-0.04","-0.06","-0.11","2019-02-13_to_2021-02-14_CorePortfolio_3QRank","0.13","-0.03","-0.03","2019-03-13_to_2021-03-14_CorePortfolio_3QRank","0.84","0.06","0.06","2019-04-15_to_2021-04-14_CorePortfolio_3QRank","0.48","-0.28","-0.28","2019-05-13_to_2021-05-14_CorePortfolio_3QRank","1.4","0.05","0.03","2019-06-13_to_2021-06-14_CorePortfolio_3QRank","0.8","-0.21","-0.21","2019-07-15_to_2021-07-14_CorePortfolio_3QRank","0.93","-0.31","-0.31","2019-08-13_to_2021-08-14_CorePortfolio_3QRank","0.5","-0.28","-0.26","2019-09-13_to_2021-09-14_CorePortfolio_3QRank","0.79","-0.43","-0.43"
"12",NA,"2018-02-13_to_2020-02-14_S&P500_Index","-","-","-","2018-03-13_to_2020-03-14_S&P500_Index","-","-","-","2018-04-13_to_2020-04-14_S&P500_Index","-","-","-","2018-05-14_to_2020-05-14_S&P500_Index","-","-","-","2018-06-13_to_2020-06-14_S&P500_Index","-","-","-","2018-07-13_to_2020-07-14_S&P500_Index","-","-","-","2018-08-13_to_2020-08-14_S&P500_Index","-","-","-","2018-09-13_to_2020-09-14_S&P500_Index","-","-","-","2018-10-15_to_2020-10-14_S&P500_Index","-","-","-","2018-11-13_to_2020-11-14_S&P500_Index","-","-","-","2018-12-13_to_2020-12-14_S&P500_Index","-","-","-","2019-01-14_to_2021-01-14_S&P500_Index","-","-","-","2019-02-13_to_2021-02-14_S&P500_Index","-","-","-","2019-03-13_to_2021-03-14_S&P500_Index","-","-","-","2019-04-15_to_2021-04-14_S&P500_Index","-","-","-","2019-05-13_to_2021-05-14_S&P500_Index","-","-","-","2019-06-13_to_2021-06-14_S&P500_Index","-","-","-","2019-07-15_to_2021-07-14_S&P500_Index","-","-","-","2019-08-13_to_2021-08-14_S&P500_Index","-","-","-","2019-09-13_to_2021-09-14_S&P500_Index","-","-","-"
"13",NA,"Alpha Stat",NA,NA,NA,"Alpha Stat",NA,NA,NA,"Alpha Stat",NA,NA,NA,"Alpha Stat",NA,NA,NA,"Alpha Stat",NA,NA,NA,"Alpha Stat",NA,NA,NA,"Alpha Stat",NA,NA,NA,"Alpha Stat",NA,NA,NA,"Alpha Stat",NA,NA,NA,"Alpha Stat",NA,NA,NA,"Alpha Stat",NA,NA,NA,"Alpha Stat",NA,NA,NA,"Alpha Stat",NA,NA,NA,"Alpha Stat",NA,NA,NA,"Alpha Stat",NA,NA,NA,"Alpha Stat",NA,NA,NA,"Alpha Stat",NA,NA,NA,"Alpha Stat",NA,NA,NA,"Alpha Stat",NA,NA,NA,"Alpha Stat",NA,NA,NA
"14",NA,"2018-02-13_to_2020-02-14_CorePortfolio_3QRank","-0.26","-0.05","-0.05","2018-03-13_to_2020-03-14_CorePortfolio_3QRank","-0.22","-0.14","-0.14","2018-04-13_to_2020-04-14_CorePortfolio_3QRank","-0.3","-0.18","-0.18","2018-05-14_to_2020-05-14_CorePortfolio_3QRank","-0.38","-0.11","-0.11","2018-06-13_to_2020-06-14_CorePortfolio_3QRank","-0.49","-0.28","-0.28","2018-07-13_to_2020-07-14_CorePortfolio_3QRank","-0.7","-0.3","-0.3","2018-08-13_to_2020-08-14_CorePortfolio_3QRank","-0.59","-0.19","-0.19","2018-09-13_to_2020-09-14_CorePortfolio_3QRank","-1.34","-0.53","-0.53","2018-10-15_to_2020-10-14_CorePortfolio_3QRank","-0.88","-0.34","-0.34","2018-11-13_to_2020-11-14_CorePortfolio_3QRank","-0.32","-0.19","-0.19","2018-12-13_to_2020-12-14_CorePortfolio_3QRank","-0.11","-0.13","-0.13","2019-01-14_to_2021-01-14_CorePortfolio_3QRank","-0.24","-0.16","-0.16","2019-02-13_to_2021-02-14_CorePortfolio_3QRank","-0.6","-0.32","-0.32","2019-03-13_to_2021-03-14_CorePortfolio_3QRank","0.74","-0.17","-0.17","2019-04-15_to_2021-04-14_CorePortfolio_3QRank","0.96","-0.1","-0.1","2019-05-13_to_2021-05-14_CorePortfolio_3QRank","1.04","-0.11","-0.11","2019-06-13_to_2021-06-14_CorePortfolio_3QRank","1.2","-0.13","-0.13","2019-07-15_to_2021-07-14_CorePortfolio_3QRank","0.88","-0.17","-0.17","2019-08-13_to_2021-08-14_CorePortfolio_3QRank","0.9","-0.19","-0.19","2019-09-13_to_2021-09-14_CorePortfolio_3QRank","0.78","-0.3","-0.3"
"15",NA,"2018-02-13_to_2020-02-14_S&P500_Index","-","-","-","2018-03-13_to_2020-03-14_S&P500_Index","-","-","-","2018-04-13_to_2020-04-14_S&P500_Index","-","-","-","2018-05-14_to_2020-05-14_S&P500_Index","-","-","-","2018-06-13_to_2020-06-14_S&P500_Index","-","-","-","2018-07-13_to_2020-07-14_S&P500_Index","-","-","-","2018-08-13_to_2020-08-14_S&P500_Index","-","-","-","2018-09-13_to_2020-09-14_S&P500_Index","-","-","-","2018-10-15_to_2020-10-14_S&P500_Index","-","-","-","2018-11-13_to_2020-11-14_S&P500_Index","-","-","-","2018-12-13_to_2020-12-14_S&P500_Index","-","-","-","2019-01-14_to_2021-01-14_S&P500_Index","-","-","-","2019-02-13_to_2021-02-14_S&P500_Index","-","-","-","2019-03-13_to_2021-03-14_S&P500_Index","-","-","-","2019-04-15_to_2021-04-14_S&P500_Index","-","-","-","2019-05-13_to_2021-05-14_S&P500_Index","-","-","-","2019-06-13_to_2021-06-14_S&P500_Index","-","-","-","2019-07-15_to_2021-07-14_S&P500_Index","-","-","-","2019-08-13_to_2021-08-14_S&P500_Index","-","-","-","2019-09-13_to_2021-09-14_S&P500_Index","-","-","-"
"16",NA,"Beta Stat",NA,NA,NA,"Beta Stat",NA,NA,NA,"Beta Stat",NA,NA,NA,"Beta Stat",NA,NA,NA,"Beta Stat",NA,NA,NA,"Beta Stat",NA,NA,NA,"Beta Stat",NA,NA,NA,"Beta Stat",NA,NA,NA,"Beta Stat",NA,NA,NA,"Beta Stat",NA,NA,NA,"Beta Stat",NA,NA,NA,"Beta Stat",NA,NA,NA,"Beta Stat",NA,NA,NA,"Beta Stat",NA,NA,NA,"Beta Stat",NA,NA,NA,"Beta Stat",NA,NA,NA,"Beta Stat",NA,NA,NA,"Beta Stat",NA,NA,NA,"Beta Stat",NA,NA,NA,"Beta Stat",NA,NA,NA
"17",NA,"2018-02-13_to_2020-02-14_CorePortfolio_3QRank","1.03","1.05","1.05","2018-03-13_to_2020-03-14_CorePortfolio_3QRank","1","1.05","1.05","2018-04-13_to_2020-04-14_CorePortfolio_3QRank","1.08","1.08","1.08","2018-05-14_to_2020-05-14_CorePortfolio_3QRank","1.08","1.07","1.07","2018-06-13_to_2020-06-14_CorePortfolio_3QRank","1.13","1.1","1.1","2018-07-13_to_2020-07-14_CorePortfolio_3QRank","1.08","1.05","1.05","2018-08-13_to_2020-08-14_CorePortfolio_3QRank","1.07","1.05","1.05","2018-09-13_to_2020-09-14_CorePortfolio_3QRank","1.04","1.02","1.02","2018-10-15_to_2020-10-14_CorePortfolio_3QRank","1.02","1.01","1.01","2018-11-13_to_2020-11-14_CorePortfolio_3QRank","1.04","1.05","1.05","2018-12-13_to_2020-12-14_CorePortfolio_3QRank","1.1","1.09","1.09","2019-01-14_to_2021-01-14_CorePortfolio_3QRank","1.07","1.04","1.04","2019-02-13_to_2021-02-14_CorePortfolio_3QRank","1.06","1.03","1.03","2019-03-13_to_2021-03-14_CorePortfolio_3QRank","0.88","1.05","1.05","2019-04-15_to_2021-04-14_CorePortfolio_3QRank","0.79","1.02","1.02","2019-05-13_to_2021-05-14_CorePortfolio_3QRank","0.78","1.05","1.05","2019-06-13_to_2021-06-14_CorePortfolio_3QRank","0.8","1.06","1.06","2019-07-15_to_2021-07-14_CorePortfolio_3QRank","0.84","1.07","1.07","2019-08-13_to_2021-08-14_CorePortfolio_3QRank","0.83","1.04","1.04","2019-09-13_to_2021-09-14_CorePortfolio_3QRank","0.85","1.04","1.04"
"18",NA,"2018-02-13_to_2020-02-14_S&P500_Index","-","-","-","2018-03-13_to_2020-03-14_S&P500_Index","-","-","-","2018-04-13_to_2020-04-14_S&P500_Index","-","-","-","2018-05-14_to_2020-05-14_S&P500_Index","-","-","-","2018-06-13_to_2020-06-14_S&P500_Index","-","-","-","2018-07-13_to_2020-07-14_S&P500_Index","-","-","-","2018-08-13_to_2020-08-14_S&P500_Index","-","-","-","2018-09-13_to_2020-09-14_S&P500_Index","-","-","-","2018-10-15_to_2020-10-14_S&P500_Index","-","-","-","2018-11-13_to_2020-11-14_S&P500_Index","-","-","-","2018-12-13_to_2020-12-14_S&P500_Index","-","-","-","2019-01-14_to_2021-01-14_S&P500_Index","-","-","-","2019-02-13_to_2021-02-14_S&P500_Index","-","-","-","2019-03-13_to_2021-03-14_S&P500_Index","-","-","-","2019-04-15_to_2021-04-14_S&P500_Index","-","-","-","2019-05-13_to_2021-05-14_S&P500_Index","-","-","-","2019-06-13_to_2021-06-14_S&P500_Index","-","-","-","2019-07-15_to_2021-07-14_S&P500_Index","-","-","-","2019-08-13_to_2021-08-14_S&P500_Index","-","-","-","2019-09-13_to_2021-09-14_S&P500_Index","-","-","-"
"19",NA,"R-Squared",NA,NA,NA,"R-Squared",NA,NA,NA,"R-Squared",NA,NA,NA,"R-Squared",NA,NA,NA,"R-Squared",NA,NA,NA,"R-Squared",NA,NA,NA,"R-Squared",NA,NA,NA,"R-Squared",NA,NA,NA,"R-Squared",NA,NA,NA,"R-Squared",NA,NA,NA,"R-Squared",NA,NA,NA,"R-Squared",NA,NA,NA,"R-Squared",NA,NA,NA,"R-Squared",NA,NA,NA,"R-Squared",NA,NA,NA,"R-Squared",NA,NA,NA,"R-Squared",NA,NA,NA,"R-Squared",NA,NA,NA,"R-Squared",NA,NA,NA,"R-Squared",NA,NA,NA
"20",NA,"2018-02-13_to_2020-02-14_CorePortfolio_3QRank","98.83","97.44","97.44","2018-03-13_to_2020-03-14_CorePortfolio_3QRank","99.12","98.34","98.34","2018-04-13_to_2020-04-14_CorePortfolio_3QRank","98","97.9","97.9","2018-05-14_to_2020-05-14_CorePortfolio_3QRank","99.12","98.53","98.53","2018-06-13_to_2020-06-14_CorePortfolio_3QRank","98.69","98.12","98.12","2018-07-13_to_2020-07-14_CorePortfolio_3QRank","98.37","97.8","97.8","2018-08-13_to_2020-08-14_CorePortfolio_3QRank","98.65","98.23","98.23","2018-09-13_to_2020-09-14_CorePortfolio_3QRank","96.95","95.88","95.88","2018-10-15_to_2020-10-14_CorePortfolio_3QRank","94.66","94.97","94.97","2018-11-13_to_2020-11-14_CorePortfolio_3QRank","95.45","96.46","96.46","2018-12-13_to_2020-12-14_CorePortfolio_3QRank","96.43","96.56","96.56","2019-01-14_to_2021-01-14_CorePortfolio_3QRank","96.01","95.92","95.92","2019-02-13_to_2021-02-14_CorePortfolio_3QRank","93.76","94.9","94.9","2019-03-13_to_2021-03-14_CorePortfolio_3QRank","76.39","90.82","90.82","2019-04-15_to_2021-04-14_CorePortfolio_3QRank","63.04","89.96","89.96","2019-05-13_to_2021-05-14_CorePortfolio_3QRank","64.99","89.87","89.87","2019-06-13_to_2021-06-14_CorePortfolio_3QRank","67.22","89.16","89.16","2019-07-15_to_2021-07-14_CorePortfolio_3QRank","72.99","91.33","91.33","2019-08-13_to_2021-08-14_CorePortfolio_3QRank","63.03","87.82","87.82","2019-09-13_to_2021-09-14_CorePortfolio_3QRank","53.98","87.36","87.36"
"21",NA,"2018-02-13_to_2020-02-14_S&P500_Index","-","-","-","2018-03-13_to_2020-03-14_S&P500_Index","-","-","-","2018-04-13_to_2020-04-14_S&P500_Index","-","-","-","2018-05-14_to_2020-05-14_S&P500_Index","-","-","-","2018-06-13_to_2020-06-14_S&P500_Index","-","-","-","2018-07-13_to_2020-07-14_S&P500_Index","-","-","-","2018-08-13_to_2020-08-14_S&P500_Index","-","-","-","2018-09-13_to_2020-09-14_S&P500_Index","-","-","-","2018-10-15_to_2020-10-14_S&P500_Index","-","-","-","2018-11-13_to_2020-11-14_S&P500_Index","-","-","-","2018-12-13_to_2020-12-14_S&P500_Index","-","-","-","2019-01-14_to_2021-01-14_S&P500_Index","-","-","-","2019-02-13_to_2021-02-14_S&P500_Index","-","-","-","2019-03-13_to_2021-03-14_S&P500_Index","-","-","-","2019-04-15_to_2021-04-14_S&P500_Index","-","-","-","2019-05-13_to_2021-05-14_S&P500_Index","-","-","-","2019-06-13_to_2021-06-14_S&P500_Index","-","-","-","2019-07-15_to_2021-07-14_S&P500_Index","-","-","-","2019-08-13_to_2021-08-14_S&P500_Index","-","-","-","2019-09-13_to_2021-09-14_S&P500_Index","-","-","-"
"22",NA,"Max Drawdown",NA,NA,NA,"Max Drawdown",NA,NA,NA,"Max Drawdown",NA,NA,NA,"Max Drawdown",NA,NA,NA,"Max Drawdown",NA,NA,NA,"Max Drawdown",NA,NA,NA,"Max Drawdown",NA,NA,NA,"Max Drawdown",NA,NA,NA,"Max Drawdown",NA,NA,NA,"Max Drawdown",NA,NA,NA,"Max Drawdown",NA,NA,NA,"Max Drawdown",NA,NA,NA,"Max Drawdown",NA,NA,NA,"Max Drawdown",NA,NA,NA,"Max Drawdown",NA,NA,NA,"Max Drawdown",NA,NA,NA,"Max Drawdown",NA,NA,NA,"Max Drawdown",NA,NA,NA,"Max Drawdown",NA,NA,NA,"Max Drawdown",NA,NA,NA
"23",NA,"2018-02-13_to_2020-02-14_CorePortfolio_3QRank","-6.6684","-19.7877","-19.7877","2018-03-13_to_2020-03-14_CorePortfolio_3QRank","-28.3705","-28.3705","-28.3705","2018-04-13_to_2020-04-14_CorePortfolio_3QRank","-37.4741","-37.4741","-37.4741","2018-05-14_to_2020-05-14_CorePortfolio_3QRank","-37.1563","-37.1563","-37.1563","2018-06-13_to_2020-06-14_CorePortfolio_3QRank","-38.332","-38.332","-38.332","2018-07-13_to_2020-07-14_CorePortfolio_3QRank","-37.56","-37.56","-37.56","2018-08-13_to_2020-08-14_CorePortfolio_3QRank","-36.8865","-36.8865","-36.8865","2018-09-13_to_2020-09-14_CorePortfolio_3QRank","-37.6319","-37.6319","-37.6319","2018-10-15_to_2020-10-14_CorePortfolio_3QRank","-37.4079","-37.4079","-37.4079","2018-11-13_to_2020-11-14_CorePortfolio_3QRank","-37.7014","-37.7014","-37.7014","2018-12-13_to_2020-12-14_CorePortfolio_3QRank","-37.8452","-37.8452","-37.8452","2019-01-14_to_2021-01-14_CorePortfolio_3QRank","-37.7837","-37.7837","-37.7837","2019-02-13_to_2021-02-14_CorePortfolio_3QRank","-37.9664","-37.9664","-37.9664","2019-03-13_to_2021-03-14_CorePortfolio_3QRank","-20.0915","-38.2886","-38.2886","2019-04-15_to_2021-04-14_CorePortfolio_3QRank","-9.3789","-38.1827","-38.1827","2019-05-13_to_2021-05-14_CorePortfolio_3QRank","-9.5021","-38.391","-38.391","2019-06-13_to_2021-06-14_CorePortfolio_3QRank","-7.8201","-38.2562","-38.2562","2019-07-15_to_2021-07-14_CorePortfolio_3QRank","-7.374","-38.5868","-38.5868","2019-08-13_to_2021-08-14_CorePortfolio_3QRank","-6.9832","-37.9247","-37.9247","2019-09-13_to_2021-09-14_CorePortfolio_3QRank","-6.3678","-38.0994","-38.0994"
"24",NA,"2018-02-13_to_2020-02-14_S&P500_Index","-6.8361","-19.7782","-19.7782","2018-03-13_to_2020-03-14_S&P500_Index","-26.7416","-26.7416","-26.7416","2018-04-13_to_2020-04-14_S&P500_Index","-33.925","-33.925","-33.925","2018-05-14_to_2020-05-14_S&P500_Index","-33.925","-33.925","-33.925","2018-06-13_to_2020-06-14_S&P500_Index","-33.925","-33.925","-33.925","2018-07-13_to_2020-07-14_S&P500_Index","-33.925","-33.925","-33.925","2018-08-13_to_2020-08-14_S&P500_Index","-33.925","-33.925","-33.925","2018-09-13_to_2020-09-14_S&P500_Index","-33.925","-33.925","-33.925","2018-10-15_to_2020-10-14_S&P500_Index","-33.925","-33.925","-33.925","2018-11-13_to_2020-11-14_S&P500_Index","-33.925","-33.925","-33.925","2018-12-13_to_2020-12-14_S&P500_Index","-33.925","-33.925","-33.925","2019-01-14_to_2021-01-14_S&P500_Index","-33.925","-33.925","-33.925","2019-02-13_to_2021-02-14_S&P500_Index","-33.925","-33.925","-33.925","2019-03-13_to_2021-03-14_S&P500_Index","-17.4702","-33.925","-33.925","2019-04-15_to_2021-04-14_S&P500_Index","-9.6044","-33.925","-33.925","2019-05-13_to_2021-05-14_S&P500_Index","-9.6045","-33.925","-33.925","2019-06-13_to_2021-06-14_S&P500_Index","-9.6045","-33.925","-33.925","2019-07-15_to_2021-07-14_S&P500_Index","-9.6045","-33.925","-33.925","2019-08-13_to_2021-08-14_S&P500_Index","-9.6045","-33.925","-33.925","2019-09-13_to_2021-09-14_S&P500_Index","-7.4772","-33.925","-33.925"
