"","NA","Var.2","2018-2019","Var.4","2018-2019","Var.6","2018-2019","Var.8","2018-2019","Var.10","2018-2019","Var.12","2019-2020","Var.14","2019-2020","Var.16","2019-2020","Var.18","2019-2020","Var.20","2019-2020","Var.22","2019-2020","Var.24","2019-2020","Var.26","2019-2020","Var.28","2019-2020","Var.30","2019-2020","Var.32","2019-2020","Var.34","2019-2020","Var.36","2020-2021","Var.38","2020-2021","Var.40","2020-2021","Var.42","2020-2021","Var.44","2020-2021","Var.46","2020-2021","Var.48","2020-2021","Var.50","2020-2021","Var.52","2020-2021"
"1",NA,"Annualized Returns",NA,"Annualized Returns",NA,"Annualized Returns",NA,"Annualized Returns",NA,"Annualized Returns",NA,"Annualized Returns",NA,"Annualized Returns",NA,"Annualized Returns",NA,"Annualized Returns",NA,"Annualized Returns",NA,"Annualized Returns",NA,"Annualized Returns",NA,"Annualized Returns",NA,"Annualized Returns",NA,"Annualized Returns",NA,"Annualized Returns",NA,"Annualized Returns",NA,"Annualized Returns",NA,"Annualized Returns",NA,"Annualized Returns",NA,"Annualized Returns",NA,"Annualized Returns",NA,"Annualized Returns",NA,"Annualized Returns",NA,"Annualized Returns",NA,"Annualized Returns",NA
"2",NA,"2018-08-14_to_2019-08-15_CorePortfolio_5QRank","1.462","2018-09-14_to_2019-09-15_CorePortfolio_5QRank","5.039","2018-10-15_to_2019-10-15_CorePortfolio_5QRank","12.716","2018-11-14_to_2019-11-15_CorePortfolio_5QRank","13.999","2018-12-14_to_2019-12-15_CorePortfolio_5QRank","22.141","2019-01-14_to_2020-01-15_CorePortfolio_5QRank","25.862","2019-02-14_to_2020-02-15_CorePortfolio_5QRank","20.111","2019-03-14_to_2020-03-15_CorePortfolio_5QRank","-8.39","2019-04-15_to_2020-04-15_CorePortfolio_5QRank","-11.576","2019-05-14_to_2020-05-15_CorePortfolio_5QRank","-9.583","2019-06-14_to_2020-06-15_CorePortfolio_5QRank","-1.375","2019-07-15_to_2020-07-15_CorePortfolio_5QRank","-0.595","2019-08-14_to_2020-08-15_CorePortfolio_5QRank","10.329","2019-09-16_to_2020-09-15_CorePortfolio_5QRank","4.029","2019-10-14_to_2020-10-15_CorePortfolio_5QRank","7.434","2019-11-14_to_2020-11-15_CorePortfolio_5QRank","11.413","2019-12-16_to_2020-12-15_CorePortfolio_5QRank","9.062","2020-01-14_to_2021-01-15_CorePortfolio_5QRank","9.375","2020-02-14_to_2021-02-15_CorePortfolio_5QRank","11.459","2020-03-16_to_2021-03-15_CorePortfolio_5QRank","74.481","2020-04-14_to_2021-04-15_CorePortfolio_5QRank","58.863","2020-05-14_to_2021-05-15_CorePortfolio_5QRank","62.31","2020-06-15_to_2021-06-15_CorePortfolio_5QRank","45.38","2020-07-14_to_2021-07-15_CorePortfolio_5QRank","38.556","2020-08-14_to_2021-08-15_CorePortfolio_5QRank","36.747","2020-09-14_to_2021-09-15_CorePortfolio_5QRank","38.712"
"3",NA,"2018-08-14_to_2019-08-15_S&P500_Index","1.037","2018-09-14_to_2019-09-15_S&P500_Index","3.535","2018-10-15_to_2019-10-15_S&P500_Index","8.903","2018-11-14_to_2019-11-15_S&P500_Index","14.294","2018-12-14_to_2019-12-15_S&P500_Index","21.946","2019-01-14_to_2020-01-15_S&P500_Index","26.012","2019-02-14_to_2020-02-15_S&P500_Index","23.106","2019-03-14_to_2020-03-15_S&P500_Index","-3.47","2019-04-15_to_2020-04-15_S&P500_Index","-4.255","2019-05-14_to_2020-05-15_S&P500_Index","-0.439","2019-06-14_to_2020-06-15_S&P500_Index","6.14","2019-07-15_to_2020-07-15_S&P500_Index","7.407","2019-08-14_to_2020-08-15_S&P500_Index","18.445","2019-09-16_to_2020-09-15_S&P500_Index","13.45","2019-10-14_to_2020-10-15_S&P500_Index","16.512","2019-11-14_to_2020-11-15_S&P500_Index","15.776","2019-12-16_to_2020-12-15_S&P500_Index","15.766","2020-01-14_to_2021-01-15_S&P500_Index","13.611","2020-02-14_to_2021-02-15_S&P500_Index","14.032","2020-03-16_to_2021-03-15_S&P500_Index","61.691","2020-04-14_to_2021-04-15_S&P500_Index","49.834","2020-05-14_to_2021-05-15_S&P500_Index","46.322","2020-06-15_to_2021-06-15_S&P500_Index","38.479","2020-07-14_to_2021-07-15_S&P500_Index","35.129","2020-08-14_to_2021-08-15_S&P500_Index","32.572","2020-09-14_to_2021-09-15_S&P500_Index","34.539"
"4",NA,"Volatility",NA,"Volatility",NA,"Volatility",NA,"Volatility",NA,"Volatility",NA,"Volatility",NA,"Volatility",NA,"Volatility",NA,"Volatility",NA,"Volatility",NA,"Volatility",NA,"Volatility",NA,"Volatility",NA,"Volatility",NA,"Volatility",NA,"Volatility",NA,"Volatility",NA,"Volatility",NA,"Volatility",NA,"Volatility",NA,"Volatility",NA,"Volatility",NA,"Volatility",NA,"Volatility",NA,"Volatility",NA,"Volatility",NA
"5",NA,"2018-08-14_to_2019-08-15_CorePortfolio_5QRank","20.64","2018-09-14_to_2019-09-15_CorePortfolio_5QRank","21.16","2018-10-15_to_2019-10-15_CorePortfolio_5QRank","18.62","2018-11-14_to_2019-11-15_CorePortfolio_5QRank","18.77","2018-12-14_to_2019-12-15_CorePortfolio_5QRank","13.71","2019-01-14_to_2020-01-15_CorePortfolio_5QRank","11.41","2019-02-14_to_2020-02-15_CorePortfolio_5QRank","11.53","2019-03-14_to_2020-03-15_CorePortfolio_5QRank","15.44","2019-04-15_to_2020-04-15_CorePortfolio_5QRank","22.91","2019-05-14_to_2020-05-15_CorePortfolio_5QRank","26.39","2019-06-14_to_2020-06-15_CorePortfolio_5QRank","26.28","2019-07-15_to_2020-07-15_CorePortfolio_5QRank","25.3","2019-08-14_to_2020-08-15_CorePortfolio_5QRank","26.47","2019-09-16_to_2020-09-15_CorePortfolio_5QRank","27.11","2019-10-14_to_2020-10-15_CorePortfolio_5QRank","27.43","2019-11-14_to_2020-11-15_CorePortfolio_5QRank","26.51","2019-12-16_to_2020-12-15_CorePortfolio_5QRank","28.95","2020-01-14_to_2021-01-15_CorePortfolio_5QRank","28.43","2020-02-14_to_2021-02-15_CorePortfolio_5QRank","26.49","2020-03-16_to_2021-03-15_CorePortfolio_5QRank","16.67","2020-04-14_to_2021-04-15_CorePortfolio_5QRank","14.59","2020-05-14_to_2021-05-15_CorePortfolio_5QRank","14.52","2020-06-15_to_2021-06-15_CorePortfolio_5QRank","13.74","2020-07-14_to_2021-07-15_CorePortfolio_5QRank","14.95","2020-08-14_to_2021-08-15_CorePortfolio_5QRank","14.42","2020-09-14_to_2021-09-15_CorePortfolio_5QRank","13.34"
"6",NA,"2018-08-14_to_2019-08-15_S&P500_Index","19.47","2018-09-14_to_2019-09-15_S&P500_Index","19.61","2018-10-15_to_2019-10-15_S&P500_Index","17.84","2018-11-14_to_2019-11-15_S&P500_Index","17.85","2018-12-14_to_2019-12-15_S&P500_Index","13.57","2019-01-14_to_2020-01-15_S&P500_Index","11.95","2019-02-14_to_2020-02-15_S&P500_Index","11.99","2019-03-14_to_2020-03-15_S&P500_Index","15.74","2019-04-15_to_2020-04-15_S&P500_Index","20.15","2019-05-14_to_2020-05-15_S&P500_Index","23.54","2019-06-14_to_2020-06-15_S&P500_Index","22.92","2019-07-15_to_2020-07-15_S&P500_Index","22.95","2019-08-14_to_2020-08-15_S&P500_Index","23.31","2019-09-16_to_2020-09-15_S&P500_Index","24.08","2019-10-14_to_2020-10-15_S&P500_Index","24.78","2019-11-14_to_2020-11-15_S&P500_Index","24.95","2019-12-16_to_2020-12-15_S&P500_Index","27.08","2020-01-14_to_2021-01-15_S&P500_Index","27.13","2020-02-14_to_2021-02-15_S&P500_Index","24.53","2020-03-16_to_2021-03-15_S&P500_Index","17.78","2020-04-14_to_2021-04-15_S&P500_Index","14.57","2020-05-14_to_2021-05-15_S&P500_Index","14.69","2020-06-15_to_2021-06-15_S&P500_Index","14.87","2020-07-14_to_2021-07-15_S&P500_Index","14.57","2020-08-14_to_2021-08-15_S&P500_Index","13.66","2020-09-14_to_2021-09-15_S&P500_Index","11.73"
"7",NA,"Tracking Error",NA,"Tracking Error",NA,"Tracking Error",NA,"Tracking Error",NA,"Tracking Error",NA,"Tracking Error",NA,"Tracking Error",NA,"Tracking Error",NA,"Tracking Error",NA,"Tracking Error",NA,"Tracking Error",NA,"Tracking Error",NA,"Tracking Error",NA,"Tracking Error",NA,"Tracking Error",NA,"Tracking Error",NA,"Tracking Error",NA,"Tracking Error",NA,"Tracking Error",NA,"Tracking Error",NA,"Tracking Error",NA,"Tracking Error",NA,"Tracking Error",NA,"Tracking Error",NA,"Tracking Error",NA,"Tracking Error",NA
"8",NA,"2018-08-14_to_2019-08-15_CorePortfolio_5QRank","2.76","2018-09-14_to_2019-09-15_CorePortfolio_5QRank","2.76","2018-10-15_to_2019-10-15_CorePortfolio_5QRank","2.54","2018-11-14_to_2019-11-15_CorePortfolio_5QRank","2.09","2018-12-14_to_2019-12-15_CorePortfolio_5QRank","2.25","2019-01-14_to_2020-01-15_CorePortfolio_5QRank","2.05","2019-02-14_to_2020-02-15_CorePortfolio_5QRank","2.3","2019-03-14_to_2020-03-15_CorePortfolio_5QRank","2.34","2019-04-15_to_2020-04-15_CorePortfolio_5QRank","4.21","2019-05-14_to_2020-05-15_CorePortfolio_5QRank","4.24","2019-06-14_to_2020-06-15_CorePortfolio_5QRank","4.66","2019-07-15_to_2020-07-15_CorePortfolio_5QRank","4.28","2019-08-14_to_2020-08-15_CorePortfolio_5QRank","4.73","2019-09-16_to_2020-09-15_CorePortfolio_5QRank","5.05","2019-10-14_to_2020-10-15_CorePortfolio_5QRank","5.75","2019-11-14_to_2020-11-15_CorePortfolio_5QRank","5.23","2019-12-16_to_2020-12-15_CorePortfolio_5QRank","6.13","2020-01-14_to_2021-01-15_CorePortfolio_5QRank","6.03","2020-02-14_to_2021-02-15_CorePortfolio_5QRank","7.62","2020-03-16_to_2021-03-15_CorePortfolio_5QRank","9.36","2020-04-14_to_2021-04-15_CorePortfolio_5QRank","9.28","2020-05-14_to_2021-05-15_CorePortfolio_5QRank","9.91","2020-06-15_to_2021-06-15_CorePortfolio_5QRank","9.59","2020-07-14_to_2021-07-15_CorePortfolio_5QRank","10.62","2020-08-14_to_2021-08-15_CorePortfolio_5QRank","9.38","2020-09-14_to_2021-09-15_CorePortfolio_5QRank","9.19"
"9",NA,"2018-08-14_to_2019-08-15_S&P500_Index","-","2018-09-14_to_2019-09-15_S&P500_Index","-","2018-10-15_to_2019-10-15_S&P500_Index","-","2018-11-14_to_2019-11-15_S&P500_Index","-","2018-12-14_to_2019-12-15_S&P500_Index","-","2019-01-14_to_2020-01-15_S&P500_Index","-","2019-02-14_to_2020-02-15_S&P500_Index","-","2019-03-14_to_2020-03-15_S&P500_Index","-","2019-04-15_to_2020-04-15_S&P500_Index","-","2019-05-14_to_2020-05-15_S&P500_Index","-","2019-06-14_to_2020-06-15_S&P500_Index","-","2019-07-15_to_2020-07-15_S&P500_Index","-","2019-08-14_to_2020-08-15_S&P500_Index","-","2019-09-16_to_2020-09-15_S&P500_Index","-","2019-10-14_to_2020-10-15_S&P500_Index","-","2019-11-14_to_2020-11-15_S&P500_Index","-","2019-12-16_to_2020-12-15_S&P500_Index","-","2020-01-14_to_2021-01-15_S&P500_Index","-","2020-02-14_to_2021-02-15_S&P500_Index","-","2020-03-16_to_2021-03-15_S&P500_Index","-","2020-04-14_to_2021-04-15_S&P500_Index","-","2020-05-14_to_2021-05-15_S&P500_Index","-","2020-06-15_to_2021-06-15_S&P500_Index","-","2020-07-14_to_2021-07-15_S&P500_Index","-","2020-08-14_to_2021-08-15_S&P500_Index","-","2020-09-14_to_2021-09-15_S&P500_Index","-"
"10",NA,"Information Ratio",NA,"Information Ratio",NA,"Information Ratio",NA,"Information Ratio",NA,"Information Ratio",NA,"Information Ratio",NA,"Information Ratio",NA,"Information Ratio",NA,"Information Ratio",NA,"Information Ratio",NA,"Information Ratio",NA,"Information Ratio",NA,"Information Ratio",NA,"Information Ratio",NA,"Information Ratio",NA,"Information Ratio",NA,"Information Ratio",NA,"Information Ratio",NA,"Information Ratio",NA,"Information Ratio",NA,"Information Ratio",NA,"Information Ratio",NA,"Information Ratio",NA,"Information Ratio",NA,"Information Ratio",NA,"Information Ratio",NA
"11",NA,"2018-08-14_to_2019-08-15_CorePortfolio_5QRank","0.15","2018-09-14_to_2019-09-15_CorePortfolio_5QRank","0.54","2018-10-15_to_2019-10-15_CorePortfolio_5QRank","1.5","2018-11-14_to_2019-11-15_CorePortfolio_5QRank","-0.14","2018-12-14_to_2019-12-15_CorePortfolio_5QRank","0.09","2019-01-14_to_2020-01-15_CorePortfolio_5QRank","-0.07","2019-02-14_to_2020-02-15_CorePortfolio_5QRank","-1.3","2019-03-14_to_2020-03-15_CorePortfolio_5QRank","-2.1","2019-04-15_to_2020-04-15_CorePortfolio_5QRank","-1.74","2019-05-14_to_2020-05-15_CorePortfolio_5QRank","-2.16","2019-06-14_to_2020-06-15_CorePortfolio_5QRank","-1.61","2019-07-15_to_2020-07-15_CorePortfolio_5QRank","-1.87","2019-08-14_to_2020-08-15_CorePortfolio_5QRank","-1.72","2019-09-16_to_2020-09-15_CorePortfolio_5QRank","-1.87","2019-10-14_to_2020-10-15_CorePortfolio_5QRank","-1.58","2019-11-14_to_2020-11-15_CorePortfolio_5QRank","-0.83","2019-12-16_to_2020-12-15_CorePortfolio_5QRank","-1.09","2020-01-14_to_2021-01-15_CorePortfolio_5QRank","-0.7","2020-02-14_to_2021-02-15_CorePortfolio_5QRank","-0.34","2020-03-16_to_2021-03-15_CorePortfolio_5QRank","1.37","2020-04-14_to_2021-04-15_CorePortfolio_5QRank","0.97","2020-05-14_to_2021-05-15_CorePortfolio_5QRank","1.61","2020-06-15_to_2021-06-15_CorePortfolio_5QRank","0.72","2020-07-14_to_2021-07-15_CorePortfolio_5QRank","0.32","2020-08-14_to_2021-08-15_CorePortfolio_5QRank","0.45","2020-09-14_to_2021-09-15_CorePortfolio_5QRank","0.45"
"12",NA,"2018-08-14_to_2019-08-15_S&P500_Index","-","2018-09-14_to_2019-09-15_S&P500_Index","-","2018-10-15_to_2019-10-15_S&P500_Index","-","2018-11-14_to_2019-11-15_S&P500_Index","-","2018-12-14_to_2019-12-15_S&P500_Index","-","2019-01-14_to_2020-01-15_S&P500_Index","-","2019-02-14_to_2020-02-15_S&P500_Index","-","2019-03-14_to_2020-03-15_S&P500_Index","-","2019-04-15_to_2020-04-15_S&P500_Index","-","2019-05-14_to_2020-05-15_S&P500_Index","-","2019-06-14_to_2020-06-15_S&P500_Index","-","2019-07-15_to_2020-07-15_S&P500_Index","-","2019-08-14_to_2020-08-15_S&P500_Index","-","2019-09-16_to_2020-09-15_S&P500_Index","-","2019-10-14_to_2020-10-15_S&P500_Index","-","2019-11-14_to_2020-11-15_S&P500_Index","-","2019-12-16_to_2020-12-15_S&P500_Index","-","2020-01-14_to_2021-01-15_S&P500_Index","-","2020-02-14_to_2021-02-15_S&P500_Index","-","2020-03-16_to_2021-03-15_S&P500_Index","-","2020-04-14_to_2021-04-15_S&P500_Index","-","2020-05-14_to_2021-05-15_S&P500_Index","-","2020-06-15_to_2021-06-15_S&P500_Index","-","2020-07-14_to_2021-07-15_S&P500_Index","-","2020-08-14_to_2021-08-15_S&P500_Index","-","2020-09-14_to_2021-09-15_S&P500_Index","-"
"13",NA,"Alpha Stat",NA,"Alpha Stat",NA,"Alpha Stat",NA,"Alpha Stat",NA,"Alpha Stat",NA,"Alpha Stat",NA,"Alpha Stat",NA,"Alpha Stat",NA,"Alpha Stat",NA,"Alpha Stat",NA,"Alpha Stat",NA,"Alpha Stat",NA,"Alpha Stat",NA,"Alpha Stat",NA,"Alpha Stat",NA,"Alpha Stat",NA,"Alpha Stat",NA,"Alpha Stat",NA,"Alpha Stat",NA,"Alpha Stat",NA,"Alpha Stat",NA,"Alpha Stat",NA,"Alpha Stat",NA,"Alpha Stat",NA,"Alpha Stat",NA,"Alpha Stat",NA
"14",NA,"2018-08-14_to_2019-08-15_CorePortfolio_5QRank","0.09","2018-09-14_to_2019-09-15_CorePortfolio_5QRank","0.17","2018-10-15_to_2019-10-15_CorePortfolio_5QRank","0.35","2018-11-14_to_2019-11-15_CorePortfolio_5QRank","-0.03","2018-12-14_to_2019-12-15_CorePortfolio_5QRank","0.1","2019-01-14_to_2020-01-15_CorePortfolio_5QRank","0.06","2019-02-14_to_2020-02-15_CorePortfolio_5QRank","-0.16","2019-03-14_to_2020-03-15_CorePortfolio_5QRank","-0.2","2019-04-15_to_2020-04-15_CorePortfolio_5QRank","-0.43","2019-05-14_to_2020-05-15_CorePortfolio_5QRank","-0.76","2019-06-14_to_2020-06-15_CorePortfolio_5QRank","-0.69","2019-07-15_to_2020-07-15_CorePortfolio_5QRank","-0.68","2019-08-14_to_2020-08-15_CorePortfolio_5QRank","-0.73","2019-09-16_to_2020-09-15_CorePortfolio_5QRank","-1.1","2019-10-14_to_2020-10-15_CorePortfolio_5QRank","-0.86","2019-11-14_to_2020-11-15_CorePortfolio_5QRank","-0.35","2019-12-16_to_2020-12-15_CorePortfolio_5QRank","-0.53","2020-01-14_to_2021-01-15_CorePortfolio_5QRank","-0.49","2020-02-14_to_2021-02-15_CorePortfolio_5QRank","-0.83","2020-03-16_to_2021-03-15_CorePortfolio_5QRank","1.03","2020-04-14_to_2021-04-15_CorePortfolio_5QRank","1.15","2020-05-14_to_2021-05-15_CorePortfolio_5QRank","1.15","2020-06-15_to_2021-06-15_CorePortfolio_5QRank","1.52","2020-07-14_to_2021-07-15_CorePortfolio_5QRank","0.96","2020-08-14_to_2021-08-15_CorePortfolio_5QRank","0.98","2020-09-14_to_2021-09-15_CorePortfolio_5QRank","0.81"
"15",NA,"2018-08-14_to_2019-08-15_S&P500_Index","-","2018-09-14_to_2019-09-15_S&P500_Index","-","2018-10-15_to_2019-10-15_S&P500_Index","-","2018-11-14_to_2019-11-15_S&P500_Index","-","2018-12-14_to_2019-12-15_S&P500_Index","-","2019-01-14_to_2020-01-15_S&P500_Index","-","2019-02-14_to_2020-02-15_S&P500_Index","-","2019-03-14_to_2020-03-15_S&P500_Index","-","2019-04-15_to_2020-04-15_S&P500_Index","-","2019-05-14_to_2020-05-15_S&P500_Index","-","2019-06-14_to_2020-06-15_S&P500_Index","-","2019-07-15_to_2020-07-15_S&P500_Index","-","2019-08-14_to_2020-08-15_S&P500_Index","-","2019-09-16_to_2020-09-15_S&P500_Index","-","2019-10-14_to_2020-10-15_S&P500_Index","-","2019-11-14_to_2020-11-15_S&P500_Index","-","2019-12-16_to_2020-12-15_S&P500_Index","-","2020-01-14_to_2021-01-15_S&P500_Index","-","2020-02-14_to_2021-02-15_S&P500_Index","-","2020-03-16_to_2021-03-15_S&P500_Index","-","2020-04-14_to_2021-04-15_S&P500_Index","-","2020-05-14_to_2021-05-15_S&P500_Index","-","2020-06-15_to_2021-06-15_S&P500_Index","-","2020-07-14_to_2021-07-15_S&P500_Index","-","2020-08-14_to_2021-08-15_S&P500_Index","-","2020-09-14_to_2021-09-15_S&P500_Index","-"
"16",NA,"Beta Stat",NA,"Beta Stat",NA,"Beta Stat",NA,"Beta Stat",NA,"Beta Stat",NA,"Beta Stat",NA,"Beta Stat",NA,"Beta Stat",NA,"Beta Stat",NA,"Beta Stat",NA,"Beta Stat",NA,"Beta Stat",NA,"Beta Stat",NA,"Beta Stat",NA,"Beta Stat",NA,"Beta Stat",NA,"Beta Stat",NA,"Beta Stat",NA,"Beta Stat",NA,"Beta Stat",NA,"Beta Stat",NA,"Beta Stat",NA,"Beta Stat",NA,"Beta Stat",NA,"Beta Stat",NA,"Beta Stat",NA
"17",NA,"2018-08-14_to_2019-08-15_CorePortfolio_5QRank","1.05","2018-09-14_to_2019-09-15_CorePortfolio_5QRank","1.07","2018-10-15_to_2019-10-15_CorePortfolio_5QRank","1.03","2018-11-14_to_2019-11-15_CorePortfolio_5QRank","1.05","2018-12-14_to_2019-12-15_CorePortfolio_5QRank","1","2019-01-14_to_2020-01-15_CorePortfolio_5QRank","0.94","2019-02-14_to_2020-02-15_CorePortfolio_5QRank","0.94","2019-03-14_to_2020-03-15_CorePortfolio_5QRank","0.97","2019-04-15_to_2020-04-15_CorePortfolio_5QRank","1.12","2019-05-14_to_2020-05-15_CorePortfolio_5QRank","1.11","2019-06-14_to_2020-06-15_CorePortfolio_5QRank","1.14","2019-07-15_to_2020-07-15_CorePortfolio_5QRank","1.09","2019-08-14_to_2020-08-15_CorePortfolio_5QRank","1.12","2019-09-16_to_2020-09-15_CorePortfolio_5QRank","1.11","2019-10-14_to_2020-10-15_CorePortfolio_5QRank","1.09","2019-11-14_to_2020-11-15_CorePortfolio_5QRank","1.04","2019-12-16_to_2020-12-15_CorePortfolio_5QRank","1.05","2020-01-14_to_2021-01-15_CorePortfolio_5QRank","1.02","2020-02-14_to_2021-02-15_CorePortfolio_5QRank","1.04","2020-03-16_to_2021-03-15_CorePortfolio_5QRank","0.8","2020-04-14_to_2021-04-15_CorePortfolio_5QRank","0.8","2020-05-14_to_2021-05-15_CorePortfolio_5QRank","0.76","2020-06-15_to_2021-06-15_CorePortfolio_5QRank","0.72","2020-07-14_to_2021-07-15_CorePortfolio_5QRank","0.76","2020-08-14_to_2021-08-15_CorePortfolio_5QRank","0.82","2020-09-14_to_2021-09-15_CorePortfolio_5QRank","0.84"
"18",NA,"2018-08-14_to_2019-08-15_S&P500_Index","-","2018-09-14_to_2019-09-15_S&P500_Index","-","2018-10-15_to_2019-10-15_S&P500_Index","-","2018-11-14_to_2019-11-15_S&P500_Index","-","2018-12-14_to_2019-12-15_S&P500_Index","-","2019-01-14_to_2020-01-15_S&P500_Index","-","2019-02-14_to_2020-02-15_S&P500_Index","-","2019-03-14_to_2020-03-15_S&P500_Index","-","2019-04-15_to_2020-04-15_S&P500_Index","-","2019-05-14_to_2020-05-15_S&P500_Index","-","2019-06-14_to_2020-06-15_S&P500_Index","-","2019-07-15_to_2020-07-15_S&P500_Index","-","2019-08-14_to_2020-08-15_S&P500_Index","-","2019-09-16_to_2020-09-15_S&P500_Index","-","2019-10-14_to_2020-10-15_S&P500_Index","-","2019-11-14_to_2020-11-15_S&P500_Index","-","2019-12-16_to_2020-12-15_S&P500_Index","-","2020-01-14_to_2021-01-15_S&P500_Index","-","2020-02-14_to_2021-02-15_S&P500_Index","-","2020-03-16_to_2021-03-15_S&P500_Index","-","2020-04-14_to_2021-04-15_S&P500_Index","-","2020-05-14_to_2021-05-15_S&P500_Index","-","2020-06-15_to_2021-06-15_S&P500_Index","-","2020-07-14_to_2021-07-15_S&P500_Index","-","2020-08-14_to_2021-08-15_S&P500_Index","-","2020-09-14_to_2021-09-15_S&P500_Index","-"
"19",NA,"R-Squared",NA,"R-Squared",NA,"R-Squared",NA,"R-Squared",NA,"R-Squared",NA,"R-Squared",NA,"R-Squared",NA,"R-Squared",NA,"R-Squared",NA,"R-Squared",NA,"R-Squared",NA,"R-Squared",NA,"R-Squared",NA,"R-Squared",NA,"R-Squared",NA,"R-Squared",NA,"R-Squared",NA,"R-Squared",NA,"R-Squared",NA,"R-Squared",NA,"R-Squared",NA,"R-Squared",NA,"R-Squared",NA,"R-Squared",NA,"R-Squared",NA,"R-Squared",NA
"20",NA,"2018-08-14_to_2019-08-15_CorePortfolio_5QRank","98.29","2018-09-14_to_2019-09-15_CorePortfolio_5QRank","98.61","2018-10-15_to_2019-10-15_CorePortfolio_5QRank","98.05","2018-11-14_to_2019-11-15_CorePortfolio_5QRank","98.84","2018-12-14_to_2019-12-15_CorePortfolio_5QRank","97","2019-01-14_to_2020-01-15_CorePortfolio_5QRank","96.82","2019-02-14_to_2020-02-15_CorePortfolio_5QRank","95.97","2019-03-14_to_2020-03-15_CorePortfolio_5QRank","97.54","2019-04-15_to_2020-04-15_CorePortfolio_5QRank","97.58","2019-05-14_to_2020-05-15_CorePortfolio_5QRank","98.24","2019-06-14_to_2020-06-15_CorePortfolio_5QRank","98.1","2019-07-15_to_2020-07-15_CorePortfolio_5QRank","97.57","2019-08-14_to_2020-08-15_CorePortfolio_5QRank","97.78","2019-09-16_to_2020-09-15_CorePortfolio_5QRank","97.24","2019-10-14_to_2020-10-15_CorePortfolio_5QRank","95.78","2019-11-14_to_2020-11-15_CorePortfolio_5QRank","95.85","2019-12-16_to_2020-12-15_CorePortfolio_5QRank","95.23","2020-01-14_to_2021-01-15_CorePortfolio_5QRank","95.05","2020-02-14_to_2021-02-15_CorePortfolio_5QRank","90.93","2020-03-16_to_2021-03-15_CorePortfolio_5QRank","70.01","2020-04-14_to_2021-04-15_CorePortfolio_5QRank","59.56","2020-05-14_to_2021-05-15_CorePortfolio_5QRank","54.69","2020-06-15_to_2021-06-15_CorePortfolio_5QRank","56.14","2020-07-14_to_2021-07-15_CorePortfolio_5QRank","49.98","2020-08-14_to_2021-08-15_CorePortfolio_5QRank","56.16","2020-09-14_to_2021-09-15_CorePortfolio_5QRank","49.42"
"21",NA,"2018-08-14_to_2019-08-15_S&P500_Index","-","2018-09-14_to_2019-09-15_S&P500_Index","-","2018-10-15_to_2019-10-15_S&P500_Index","-","2018-11-14_to_2019-11-15_S&P500_Index","-","2018-12-14_to_2019-12-15_S&P500_Index","-","2019-01-14_to_2020-01-15_S&P500_Index","-","2019-02-14_to_2020-02-15_S&P500_Index","-","2019-03-14_to_2020-03-15_S&P500_Index","-","2019-04-15_to_2020-04-15_S&P500_Index","-","2019-05-14_to_2020-05-15_S&P500_Index","-","2019-06-14_to_2020-06-15_S&P500_Index","-","2019-07-15_to_2020-07-15_S&P500_Index","-","2019-08-14_to_2020-08-15_S&P500_Index","-","2019-09-16_to_2020-09-15_S&P500_Index","-","2019-10-14_to_2020-10-15_S&P500_Index","-","2019-11-14_to_2020-11-15_S&P500_Index","-","2019-12-16_to_2020-12-15_S&P500_Index","-","2020-01-14_to_2021-01-15_S&P500_Index","-","2020-02-14_to_2021-02-15_S&P500_Index","-","2020-03-16_to_2021-03-15_S&P500_Index","-","2020-04-14_to_2021-04-15_S&P500_Index","-","2020-05-14_to_2021-05-15_S&P500_Index","-","2020-06-15_to_2021-06-15_S&P500_Index","-","2020-07-14_to_2021-07-15_S&P500_Index","-","2020-08-14_to_2021-08-15_S&P500_Index","-","2020-09-14_to_2021-09-15_S&P500_Index","-"
"22",NA,"Max Drawdown",NA,"Max Drawdown",NA,"Max Drawdown",NA,"Max Drawdown",NA,"Max Drawdown",NA,"Max Drawdown",NA,"Max Drawdown",NA,"Max Drawdown",NA,"Max Drawdown",NA,"Max Drawdown",NA,"Max Drawdown",NA,"Max Drawdown",NA,"Max Drawdown",NA,"Max Drawdown",NA,"Max Drawdown",NA,"Max Drawdown",NA,"Max Drawdown",NA,"Max Drawdown",NA,"Max Drawdown",NA,"Max Drawdown",NA,"Max Drawdown",NA,"Max Drawdown",NA,"Max Drawdown",NA,"Max Drawdown",NA,"Max Drawdown",NA,"Max Drawdown",NA
"23",NA,"2018-08-14_to_2019-08-15_CorePortfolio_5QRank","-19.248","2018-09-14_to_2019-09-15_CorePortfolio_5QRank","-19.4874","2018-10-15_to_2019-10-15_CorePortfolio_5QRank","-15.2489","2018-11-14_to_2019-11-15_CorePortfolio_5QRank","-15.4261","2018-12-14_to_2019-12-15_CorePortfolio_5QRank","-9.1581","2019-01-14_to_2020-01-15_CorePortfolio_5QRank","-6.0559","2019-02-14_to_2020-02-15_CorePortfolio_5QRank","-6.0294","2019-03-14_to_2020-03-15_CorePortfolio_5QRank","-27.5768","2019-04-15_to_2020-04-15_CorePortfolio_5QRank","-37.6144","2019-05-14_to_2020-05-15_CorePortfolio_5QRank","-38.0665","2019-06-14_to_2020-06-15_CorePortfolio_5QRank","-37.7743","2019-07-15_to_2020-07-15_CorePortfolio_5QRank","-37.4431","2019-08-14_to_2020-08-15_CorePortfolio_5QRank","-37.8366","2019-09-16_to_2020-09-15_CorePortfolio_5QRank","-38.0328","2019-10-14_to_2020-10-15_CorePortfolio_5QRank","-38.5121","2019-11-14_to_2020-11-15_CorePortfolio_5QRank","-37.7149","2019-12-16_to_2020-12-15_CorePortfolio_5QRank","-37.7761","2020-01-14_to_2021-01-15_CorePortfolio_5QRank","-37.4888","2020-02-14_to_2021-02-15_CorePortfolio_5QRank","-37.6815","2020-03-16_to_2021-03-15_CorePortfolio_5QRank","-13.7837","2020-04-14_to_2021-04-15_CorePortfolio_5QRank","-10.5446","2020-05-14_to_2021-05-15_CorePortfolio_5QRank","-11.5061","2020-06-15_to_2021-06-15_CorePortfolio_5QRank","-6.8769","2020-07-14_to_2021-07-15_CorePortfolio_5QRank","-6.993","2020-08-14_to_2021-08-15_CorePortfolio_5QRank","-6.9104","2020-09-14_to_2021-09-15_CorePortfolio_5QRank","-6.2134"
"24",NA,"2018-08-14_to_2019-08-15_S&P500_Index","-19.7782","2018-09-14_to_2019-09-15_S&P500_Index","-19.7782","2018-10-15_to_2019-10-15_S&P500_Index","-16.4466","2018-11-14_to_2019-11-15_S&P500_Index","-15.7424","2018-12-14_to_2019-12-15_S&P500_Index","-9.5713","2019-01-14_to_2020-01-15_S&P500_Index","-6.8362","2019-02-14_to_2020-02-15_S&P500_Index","-6.8361","2019-03-14_to_2020-03-15_S&P500_Index","-26.7416","2019-04-15_to_2020-04-15_S&P500_Index","-33.925","2019-05-14_to_2020-05-15_S&P500_Index","-33.925","2019-06-14_to_2020-06-15_S&P500_Index","-33.925","2019-07-15_to_2020-07-15_S&P500_Index","-33.925","2019-08-14_to_2020-08-15_S&P500_Index","-33.925","2019-09-16_to_2020-09-15_S&P500_Index","-33.925","2019-10-14_to_2020-10-15_S&P500_Index","-33.925","2019-11-14_to_2020-11-15_S&P500_Index","-33.925","2019-12-16_to_2020-12-15_S&P500_Index","-33.925","2020-01-14_to_2021-01-15_S&P500_Index","-33.925","2020-02-14_to_2021-02-15_S&P500_Index","-33.925","2020-03-16_to_2021-03-15_S&P500_Index","-11.5369","2020-04-14_to_2021-04-15_S&P500_Index","-9.6045","2020-05-14_to_2021-05-15_S&P500_Index","-9.6045","2020-06-15_to_2021-06-15_S&P500_Index","-9.6044","2020-07-14_to_2021-07-15_S&P500_Index","-9.6044","2020-08-14_to_2021-08-15_S&P500_Index","-9.6045","2020-09-14_to_2021-09-15_S&P500_Index","-7.4772"
