"","NA","Var.2","1 Years","2 Years","2017-2019","Var.6","1 Years","2 Years","2017-2019","Var.10","1 Years","2 Years","2018-2020","Var.14","1 Years","2 Years","2018-2020","Var.18","1 Years","2 Years","2018-2020","Var.22","1 Years","2 Years","2018-2020","Var.26","1 Years","2 Years","2018-2020","Var.30","1 Years","2 Years","2018-2020","Var.34","1 Years","2 Years","2018-2020","Var.38","1 Years","2 Years","2018-2020","Var.42","1 Years","2 Years","2018-2020","Var.46","1 Years","2 Years","2018-2020","Var.50","1 Years","2 Years","2018-2020","Var.54","1 Years","2 Years","2018-2020","Var.58","1 Years","2 Years","2019-2021","Var.62","1 Years","2 Years","2019-2021","Var.66","1 Years","2 Years","2019-2021","Var.70","1 Years","2 Years","2019-2021","Var.74","1 Years","2 Years","2019-2021","Var.78","1 Years","2 Years","2019-2021","Var.82","1 Years","2 Years","2019-2021","Var.86","1 Years","2 Years","2019-2021","Var.90","1 Years","2 Years","2019-2021"
"1",NA,"Annualized Returns",NA,NA,NA,"Annualized Returns",NA,NA,NA,"Annualized Returns",NA,NA,NA,"Annualized Returns",NA,NA,NA,"Annualized Returns",NA,NA,NA,"Annualized Returns",NA,NA,NA,"Annualized Returns",NA,NA,NA,"Annualized Returns",NA,NA,NA,"Annualized Returns",NA,NA,NA,"Annualized Returns",NA,NA,NA,"Annualized Returns",NA,NA,NA,"Annualized Returns",NA,NA,NA,"Annualized Returns",NA,NA,NA,"Annualized Returns",NA,NA,NA,"Annualized Returns",NA,NA,NA,"Annualized Returns",NA,NA,NA,"Annualized Returns",NA,NA,NA,"Annualized Returns",NA,NA,NA,"Annualized Returns",NA,NA,NA,"Annualized Returns",NA,NA,NA,"Annualized Returns",NA,NA,NA,"Annualized Returns",NA,NA,NA,"Annualized Returns",NA,NA,NA
"2",NA,"2017-11-14_to_2019-11-15_CorePortfolio_2QRank","14.039","9.106","8.773","2017-12-14_to_2019-12-15_CorePortfolio_2QRank","19.459","8.65","8.65","2018-01-15_to_2020-01-15_CorePortfolio_2QRank","26.549","8.816","8.816","2018-02-14_to_2020-02-15_CorePortfolio_2QRank","19.781","10.579","10.579","2018-03-14_to_2020-03-15_CorePortfolio_2QRank","-8.783","-3.583","-3.583","2018-04-16_to_2020-04-15_CorePortfolio_2QRank","-10.721","-2.148","-2.148","2018-05-14_to_2020-05-15_CorePortfolio_2QRank","-6.258","-0.444","-0.493","2018-06-14_to_2020-06-15_CorePortfolio_2QRank","-1.11","1.05","1.013","2018-07-16_to_2020-07-15_CorePortfolio_2QRank","-1.223","3.534","3.534","2018-08-14_to_2020-08-15_CorePortfolio_2QRank","9.432","6.438","6.151","2018-09-14_to_2020-09-15_CorePortfolio_2QRank","6.089","7.095","6.942","2018-10-15_to_2020-10-15_CorePortfolio_2QRank","7.558","8.67","9.735","2018-11-14_to_2020-11-15_CorePortfolio_2QRank","15.681","15.631","15.631","2018-12-14_to_2020-12-15_CorePortfolio_2QRank","21.766","25.22","23.746","2019-01-14_to_2021-01-15_CorePortfolio_2QRank","16.297","22.116","22.673","2019-02-14_to_2021-02-15_CorePortfolio_2QRank","14.934","17.064","17.678","2019-03-14_to_2021-03-15_CorePortfolio_2QRank","79.779","20.088","20.257","2019-04-15_to_2021-04-15_CorePortfolio_2QRank","59.532","18.479","18.409","2019-05-14_to_2021-05-15_CorePortfolio_2QRank","58.615","19.343","19.523","2019-06-14_to_2021-06-15_CorePortfolio_2QRank","46.241","20.39","20.195","2019-07-15_to_2021-07-15_CorePortfolio_2QRank","40.311","16.997","16.932","2019-08-14_to_2021-08-15_CorePortfolio_2QRank","38.223","23.35","23.35","2019-09-16_to_2021-09-15_CorePortfolio_2QRank","38.51","20.063","20.063"
"3",NA,"2017-11-14_to_2019-11-15_S&P500_Index","14.294","10.306","9.986","2017-12-14_to_2019-12-15_S&P500_Index","19.553","9.323","9.323","2018-01-15_to_2020-01-15_S&P500_Index","26.012","8.653","8.653","2018-02-14_to_2020-02-15_S&P500_Index","23.106","11.917","11.917","2018-03-14_to_2020-03-15_S&P500_Index","-3.47","-0.702","-0.702","2018-04-16_to_2020-04-15_S&P500_Index","-4.255","1.951","1.951","2018-05-14_to_2020-05-15_S&P500_Index","-0.439","2.561","2.41","2018-06-14_to_2020-06-15_S&P500_Index","6.14","5.027","4.967","2018-07-16_to_2020-07-15_S&P500_Index","7.407","7.377","7.377","2018-08-14_to_2020-08-15_S&P500_Index","18.445","9.396","8.966","2018-09-14_to_2020-09-15_S&P500_Index","13.45","8.519","8.181","2018-10-15_to_2020-10-15_S&P500_Index","16.512","11.34","12.512","2018-11-14_to_2020-11-15_S&P500_Index","15.776","15.198","15.198","2018-12-14_to_2020-12-15_S&P500_Index","15.766","20.496","19.15","2019-01-14_to_2021-01-15_S&P500_Index","13.611","20.017","20.73","2019-02-14_to_2021-02-15_S&P500_Index","14.032","17.795","18.406","2019-03-14_to_2021-03-15_S&P500_Index","61.691","16.814","17.079","2019-04-15_to_2021-04-15_S&P500_Index","49.834","19.774","19.775","2019-05-14_to_2021-05-15_S&P500_Index","46.323","20.997","21.317","2019-06-14_to_2021-06-15_S&P500_Index","38.479","21.258","21.219","2019-07-15_to_2021-07-15_S&P500_Index","35.129","20.474","20.238","2019-08-14_to_2021-08-15_S&P500_Index","32.447","25.416","25.416","2019-09-16_to_2021-09-15_S&P500_Index","32.074","23.14","23.14"
"4",NA,"Volatility",NA,NA,NA,"Volatility",NA,NA,NA,"Volatility",NA,NA,NA,"Volatility",NA,NA,NA,"Volatility",NA,NA,NA,"Volatility",NA,NA,NA,"Volatility",NA,NA,NA,"Volatility",NA,NA,NA,"Volatility",NA,NA,NA,"Volatility",NA,NA,NA,"Volatility",NA,NA,NA,"Volatility",NA,NA,NA,"Volatility",NA,NA,NA,"Volatility",NA,NA,NA,"Volatility",NA,NA,NA,"Volatility",NA,NA,NA,"Volatility",NA,NA,NA,"Volatility",NA,NA,NA,"Volatility",NA,NA,NA,"Volatility",NA,NA,NA,"Volatility",NA,NA,NA,"Volatility",NA,NA,NA,"Volatility",NA,NA,NA
"5",NA,"2017-11-14_to_2019-11-15_CorePortfolio_2QRank","19.1","15.2","15.2","2017-12-14_to_2019-12-15_CorePortfolio_2QRank","14.16","15.14","15.14","2018-01-15_to_2020-01-15_CorePortfolio_2QRank","11.98","15.08","15.08","2018-02-14_to_2020-02-15_CorePortfolio_2QRank","12.5","15.54","15.54","2018-03-14_to_2020-03-15_CorePortfolio_2QRank","15.96","16.27","16.27","2018-04-16_to_2020-04-15_CorePortfolio_2QRank","22.49","19.96","19.96","2018-05-14_to_2020-05-15_CorePortfolio_2QRank","26.16","22.19","22.19","2018-06-14_to_2020-06-15_CorePortfolio_2QRank","26.33","22.71","22.71","2018-07-16_to_2020-07-15_CorePortfolio_2QRank","25.74","21.85","21.85","2018-08-14_to_2020-08-15_CorePortfolio_2QRank","25.31","21.62","21.62","2018-09-14_to_2020-09-15_CorePortfolio_2QRank","25.88","22.02","22.02","2018-10-15_to_2020-10-15_CorePortfolio_2QRank","25.74","21.29","21.29","2018-11-14_to_2020-11-15_CorePortfolio_2QRank","26.58","22.19","22.19","2018-12-14_to_2020-12-15_CorePortfolio_2QRank","31.33","23.33","23.33","2019-01-14_to_2021-01-15_CorePortfolio_2QRank","30.73","22.12","22.12","2019-02-14_to_2021-02-15_CorePortfolio_2QRank","27.08","21.3","21.3","2019-03-14_to_2021-03-15_CorePortfolio_2QRank","17.75","22.24","22.24","2019-04-15_to_2021-04-15_CorePortfolio_2QRank","14.78","21.98","21.98","2019-05-14_to_2021-05-15_CorePortfolio_2QRank","13.86","21.28","21.28","2019-06-14_to_2021-06-15_CorePortfolio_2QRank","13.48","20.98","20.98","2019-07-15_to_2021-07-15_CorePortfolio_2QRank","13.91","21.09","21.09","2019-08-14_to_2021-08-15_CorePortfolio_2QRank","14.66","21.09","21.09","2019-09-16_to_2021-09-15_CorePortfolio_2QRank","12.99","20.6","20.6"
"6",NA,"2017-11-14_to_2019-11-15_S&P500_Index","17.85","14.76","14.76","2017-12-14_to_2019-12-15_S&P500_Index","13.57","14.89","14.89","2018-01-15_to_2020-01-15_S&P500_Index","11.95","14.53","14.53","2018-02-14_to_2020-02-15_S&P500_Index","11.99","14.13","14.13","2018-03-14_to_2020-03-15_S&P500_Index","15.74","15.45","15.45","2018-04-16_to_2020-04-15_S&P500_Index","20.15","18.12","18.12","2018-05-14_to_2020-05-15_S&P500_Index","23.54","20.27","20.27","2018-06-14_to_2020-06-15_S&P500_Index","22.92","20.48","20.48","2018-07-16_to_2020-07-15_S&P500_Index","22.95","20.38","20.38","2018-08-14_to_2020-08-15_S&P500_Index","23.31","20.62","20.62","2018-09-14_to_2020-09-15_S&P500_Index","24.08","21.11","21.11","2018-10-15_to_2020-10-15_S&P500_Index","24.78","20.6","20.6","2018-11-14_to_2020-11-15_S&P500_Index","24.95","20.78","20.78","2018-12-14_to_2020-12-15_S&P500_Index","27.08","20.49","20.49","2019-01-14_to_2021-01-15_S&P500_Index","27.13","20.03","20.03","2019-02-14_to_2021-02-15_S&P500_Index","24.53","20.01","20.01","2019-03-14_to_2021-03-15_S&P500_Index","17.78","20.05","20.05","2019-04-15_to_2021-04-15_S&P500_Index","14.57","20","20","2019-05-14_to_2021-05-15_S&P500_Index","14.69","19.21","19.21","2019-06-14_to_2021-06-15_S&P500_Index","14.87","18.87","18.87","2019-07-15_to_2021-07-15_S&P500_Index","14.57","18.87","18.87","2019-08-14_to_2021-08-15_S&P500_Index","13.66","18.68","18.68","2019-09-16_to_2021-09-15_S&P500_Index","11.73","18.7","18.7"
"7",NA,"Tracking Error",NA,NA,NA,"Tracking Error",NA,NA,NA,"Tracking Error",NA,NA,NA,"Tracking Error",NA,NA,NA,"Tracking Error",NA,NA,NA,"Tracking Error",NA,NA,NA,"Tracking Error",NA,NA,NA,"Tracking Error",NA,NA,NA,"Tracking Error",NA,NA,NA,"Tracking Error",NA,NA,NA,"Tracking Error",NA,NA,NA,"Tracking Error",NA,NA,NA,"Tracking Error",NA,NA,NA,"Tracking Error",NA,NA,NA,"Tracking Error",NA,NA,NA,"Tracking Error",NA,NA,NA,"Tracking Error",NA,NA,NA,"Tracking Error",NA,NA,NA,"Tracking Error",NA,NA,NA,"Tracking Error",NA,NA,NA,"Tracking Error",NA,NA,NA,"Tracking Error",NA,NA,NA,"Tracking Error",NA,NA,NA
"8",NA,"2017-11-14_to_2019-11-15_CorePortfolio_2QRank","2.63","2.63","2.63","2017-12-14_to_2019-12-15_CorePortfolio_2QRank","2.51","2.76","2.76","2018-01-15_to_2020-01-15_CorePortfolio_2QRank","1.99","2.41","2.41","2018-02-14_to_2020-02-15_CorePortfolio_2QRank","1.78","2.92","2.92","2018-03-14_to_2020-03-15_CorePortfolio_2QRank","1.59","2.08","2.08","2018-04-16_to_2020-04-15_CorePortfolio_2QRank","3.4","3.08","3.08","2018-05-14_to_2020-05-15_CorePortfolio_2QRank","3.47","3.35","3.35","2018-06-14_to_2020-06-15_CorePortfolio_2QRank","4.6","3.91","3.91","2018-07-16_to_2020-07-15_CorePortfolio_2QRank","4.58","3.95","3.95","2018-08-14_to_2020-08-15_CorePortfolio_2QRank","3.72","3.48","3.48","2018-09-14_to_2020-09-15_CorePortfolio_2QRank","5.87","5.19","5.19","2018-10-15_to_2020-10-15_CorePortfolio_2QRank","5.79","4.81","4.81","2018-11-14_to_2020-11-15_CorePortfolio_2QRank","6.25","4.78","4.78","2018-12-14_to_2020-12-15_CorePortfolio_2QRank","7.06","5.16","5.16","2019-01-14_to_2021-01-15_CorePortfolio_2QRank","7.5","5.33","5.33","2019-02-14_to_2021-02-15_CorePortfolio_2QRank","6.79","4.88","4.88","2019-03-14_to_2021-03-15_CorePortfolio_2QRank","7.67","6.3","6.3","2019-04-15_to_2021-04-15_CorePortfolio_2QRank","7.14","6.08","6.08","2019-05-14_to_2021-05-15_CorePortfolio_2QRank","9.68","7.53","7.53","2019-06-14_to_2021-06-15_CorePortfolio_2QRank","8.95","7.25","7.25","2019-07-15_to_2021-07-15_CorePortfolio_2QRank","9.47","7.6","7.6","2019-08-14_to_2021-08-15_CorePortfolio_2QRank","8.63","7.39","7.39","2019-09-16_to_2021-09-15_CorePortfolio_2QRank","8.44","7.15","7.15"
"9",NA,"2017-11-14_to_2019-11-15_S&P500_Index","-","-","-","2017-12-14_to_2019-12-15_S&P500_Index","-","-","-","2018-01-15_to_2020-01-15_S&P500_Index","-","-","-","2018-02-14_to_2020-02-15_S&P500_Index","-","-","-","2018-03-14_to_2020-03-15_S&P500_Index","-","-","-","2018-04-16_to_2020-04-15_S&P500_Index","-","-","-","2018-05-14_to_2020-05-15_S&P500_Index","-","-","-","2018-06-14_to_2020-06-15_S&P500_Index","-","-","-","2018-07-16_to_2020-07-15_S&P500_Index","-","-","-","2018-08-14_to_2020-08-15_S&P500_Index","-","-","-","2018-09-14_to_2020-09-15_S&P500_Index","-","-","-","2018-10-15_to_2020-10-15_S&P500_Index","-","-","-","2018-11-14_to_2020-11-15_S&P500_Index","-","-","-","2018-12-14_to_2020-12-15_S&P500_Index","-","-","-","2019-01-14_to_2021-01-15_S&P500_Index","-","-","-","2019-02-14_to_2021-02-15_S&P500_Index","-","-","-","2019-03-14_to_2021-03-15_S&P500_Index","-","-","-","2019-04-15_to_2021-04-15_S&P500_Index","-","-","-","2019-05-14_to_2021-05-15_S&P500_Index","-","-","-","2019-06-14_to_2021-06-15_S&P500_Index","-","-","-","2019-07-15_to_2021-07-15_S&P500_Index","-","-","-","2019-08-14_to_2021-08-15_S&P500_Index","-","-","-","2019-09-16_to_2021-09-15_S&P500_Index","-","-","-"
"10",NA,"Information Ratio",NA,NA,NA,"Information Ratio",NA,NA,NA,"Information Ratio",NA,NA,NA,"Information Ratio",NA,NA,NA,"Information Ratio",NA,NA,NA,"Information Ratio",NA,NA,NA,"Information Ratio",NA,NA,NA,"Information Ratio",NA,NA,NA,"Information Ratio",NA,NA,NA,"Information Ratio",NA,NA,NA,"Information Ratio",NA,NA,NA,"Information Ratio",NA,NA,NA,"Information Ratio",NA,NA,NA,"Information Ratio",NA,NA,NA,"Information Ratio",NA,NA,NA,"Information Ratio",NA,NA,NA,"Information Ratio",NA,NA,NA,"Information Ratio",NA,NA,NA,"Information Ratio",NA,NA,NA,"Information Ratio",NA,NA,NA,"Information Ratio",NA,NA,NA,"Information Ratio",NA,NA,NA,"Information Ratio",NA,NA,NA
"11",NA,"2017-11-14_to_2019-11-15_CorePortfolio_2QRank","-0.1","-0.46","-0.46","2017-12-14_to_2019-12-15_CorePortfolio_2QRank","-0.04","-0.24","-0.24","2018-01-15_to_2020-01-15_CorePortfolio_2QRank","0.27","0.07","0.07","2018-02-14_to_2020-02-15_CorePortfolio_2QRank","-1.87","-0.46","-0.46","2018-03-14_to_2020-03-15_CorePortfolio_2QRank","-3.34","-1.39","-1.39","2018-04-16_to_2020-04-15_CorePortfolio_2QRank","-1.9","-1.33","-1.33","2018-05-14_to_2020-05-15_CorePortfolio_2QRank","-1.68","-0.9","-0.87","2018-06-14_to_2020-06-15_CorePortfolio_2QRank","-1.58","-1.02","-1.01","2018-07-16_to_2020-07-15_CorePortfolio_2QRank","-1.88","-0.97","-0.97","2018-08-14_to_2020-08-15_CorePortfolio_2QRank","-2.42","-0.85","-0.81","2018-09-14_to_2020-09-15_CorePortfolio_2QRank","-1.25","-0.27","-0.24","2018-10-15_to_2020-10-15_CorePortfolio_2QRank","-1.55","-0.56","-0.58","2018-11-14_to_2020-11-15_CorePortfolio_2QRank","-0.02","0.09","0.09","2018-12-14_to_2020-12-15_CorePortfolio_2QRank","0.85","0.92","0.89","2019-01-14_to_2021-01-15_CorePortfolio_2QRank","0.36","0.39","0.36","2019-02-14_to_2021-02-15_CorePortfolio_2QRank","0.13","-0.15","-0.15","2019-03-14_to_2021-03-15_CorePortfolio_2QRank","2.36","0.52","0.5","2019-04-15_to_2021-04-15_CorePortfolio_2QRank","1.36","-0.21","-0.22","2019-05-14_to_2021-05-15_CorePortfolio_2QRank","1.27","-0.22","-0.24","2019-06-14_to_2021-06-15_CorePortfolio_2QRank","0.87","-0.12","-0.14","2019-07-15_to_2021-07-15_CorePortfolio_2QRank","0.55","-0.46","-0.44","2019-08-14_to_2021-08-15_CorePortfolio_2QRank","0.67","-0.28","-0.28","2019-09-16_to_2021-09-15_CorePortfolio_2QRank","0.76","-0.43","-0.43"
"12",NA,"2017-11-14_to_2019-11-15_S&P500_Index","-","-","-","2017-12-14_to_2019-12-15_S&P500_Index","-","-","-","2018-01-15_to_2020-01-15_S&P500_Index","-","-","-","2018-02-14_to_2020-02-15_S&P500_Index","-","-","-","2018-03-14_to_2020-03-15_S&P500_Index","-","-","-","2018-04-16_to_2020-04-15_S&P500_Index","-","-","-","2018-05-14_to_2020-05-15_S&P500_Index","-","-","-","2018-06-14_to_2020-06-15_S&P500_Index","-","-","-","2018-07-16_to_2020-07-15_S&P500_Index","-","-","-","2018-08-14_to_2020-08-15_S&P500_Index","-","-","-","2018-09-14_to_2020-09-15_S&P500_Index","-","-","-","2018-10-15_to_2020-10-15_S&P500_Index","-","-","-","2018-11-14_to_2020-11-15_S&P500_Index","-","-","-","2018-12-14_to_2020-12-15_S&P500_Index","-","-","-","2019-01-14_to_2021-01-15_S&P500_Index","-","-","-","2019-02-14_to_2021-02-15_S&P500_Index","-","-","-","2019-03-14_to_2021-03-15_S&P500_Index","-","-","-","2019-04-15_to_2021-04-15_S&P500_Index","-","-","-","2019-05-14_to_2021-05-15_S&P500_Index","-","-","-","2019-06-14_to_2021-06-15_S&P500_Index","-","-","-","2019-07-15_to_2021-07-15_S&P500_Index","-","-","-","2019-08-14_to_2021-08-15_S&P500_Index","-","-","-","2019-09-16_to_2021-09-15_S&P500_Index","-","-","-"
"13",NA,"Alpha Stat",NA,NA,NA,"Alpha Stat",NA,NA,NA,"Alpha Stat",NA,NA,NA,"Alpha Stat",NA,NA,NA,"Alpha Stat",NA,NA,NA,"Alpha Stat",NA,NA,NA,"Alpha Stat",NA,NA,NA,"Alpha Stat",NA,NA,NA,"Alpha Stat",NA,NA,NA,"Alpha Stat",NA,NA,NA,"Alpha Stat",NA,NA,NA,"Alpha Stat",NA,NA,NA,"Alpha Stat",NA,NA,NA,"Alpha Stat",NA,NA,NA,"Alpha Stat",NA,NA,NA,"Alpha Stat",NA,NA,NA,"Alpha Stat",NA,NA,NA,"Alpha Stat",NA,NA,NA,"Alpha Stat",NA,NA,NA,"Alpha Stat",NA,NA,NA,"Alpha Stat",NA,NA,NA,"Alpha Stat",NA,NA,NA,"Alpha Stat",NA,NA,NA
"14",NA,"2017-11-14_to_2019-11-15_CorePortfolio_2QRank","-0.04","-0.1","-0.1","2017-12-14_to_2019-12-15_CorePortfolio_2QRank","-0.02","-0.05","-0.05","2018-01-15_to_2020-01-15_CorePortfolio_2QRank","0.01","0.03","0.03","2018-02-14_to_2020-02-15_CorePortfolio_2QRank","-0.31","-0.14","-0.14","2018-03-14_to_2020-03-15_CorePortfolio_2QRank","-0.22","-0.16","-0.16","2018-04-16_to_2020-04-15_CorePortfolio_2QRank","-0.37","-0.29","-0.29","2018-05-14_to_2020-05-15_CorePortfolio_2QRank","-0.49","-0.2","-0.2","2018-06-14_to_2020-06-15_CorePortfolio_2QRank","-0.66","-0.36","-0.36","2018-07-16_to_2020-07-15_CorePortfolio_2QRank","-0.79","-0.35","-0.35","2018-08-14_to_2020-08-15_CorePortfolio_2QRank","-0.72","-0.19","-0.19","2018-09-14_to_2020-09-15_CorePortfolio_2QRank","-0.89","-0.16","-0.16","2018-10-15_to_2020-10-15_CorePortfolio_2QRank","-0.74","-0.26","-0.26","2018-11-14_to_2020-11-15_CorePortfolio_2QRank","-0.06","-0.02","-0.02","2018-12-14_to_2020-12-15_CorePortfolio_2QRank","0.32","0.16","0.16","2019-01-14_to_2021-01-15_CorePortfolio_2QRank","-0.01","-0.04","-0.04","2019-02-14_to_2021-02-15_CorePortfolio_2QRank","-0.63","-0.37","-0.37","2019-03-14_to_2021-03-15_CorePortfolio_2QRank","0.94","-0.02","-0.02","2019-04-15_to_2021-04-15_CorePortfolio_2QRank","0.93","-0.08","-0.08","2019-05-14_to_2021-05-15_CorePortfolio_2QRank","1.2","-0.22","-0.22","2019-06-14_to_2021-06-15_CorePortfolio_2QRank","1.46","-0.09","-0.09","2019-07-15_to_2021-07-15_CorePortfolio_2QRank","1.06","-0.25","-0.25","2019-08-14_to_2021-08-15_CorePortfolio_2QRank","0.92","-0.22","-0.22","2019-09-16_to_2021-09-15_CorePortfolio_2QRank","0.71","-0.28","-0.28"
"15",NA,"2017-11-14_to_2019-11-15_S&P500_Index","-","-","-","2017-12-14_to_2019-12-15_S&P500_Index","-","-","-","2018-01-15_to_2020-01-15_S&P500_Index","-","-","-","2018-02-14_to_2020-02-15_S&P500_Index","-","-","-","2018-03-14_to_2020-03-15_S&P500_Index","-","-","-","2018-04-16_to_2020-04-15_S&P500_Index","-","-","-","2018-05-14_to_2020-05-15_S&P500_Index","-","-","-","2018-06-14_to_2020-06-15_S&P500_Index","-","-","-","2018-07-16_to_2020-07-15_S&P500_Index","-","-","-","2018-08-14_to_2020-08-15_S&P500_Index","-","-","-","2018-09-14_to_2020-09-15_S&P500_Index","-","-","-","2018-10-15_to_2020-10-15_S&P500_Index","-","-","-","2018-11-14_to_2020-11-15_S&P500_Index","-","-","-","2018-12-14_to_2020-12-15_S&P500_Index","-","-","-","2019-01-14_to_2021-01-15_S&P500_Index","-","-","-","2019-02-14_to_2021-02-15_S&P500_Index","-","-","-","2019-03-14_to_2021-03-15_S&P500_Index","-","-","-","2019-04-15_to_2021-04-15_S&P500_Index","-","-","-","2019-05-14_to_2021-05-15_S&P500_Index","-","-","-","2019-06-14_to_2021-06-15_S&P500_Index","-","-","-","2019-07-15_to_2021-07-15_S&P500_Index","-","-","-","2019-08-14_to_2021-08-15_S&P500_Index","-","-","-","2019-09-16_to_2021-09-15_S&P500_Index","-","-","-"
"16",NA,"Beta Stat",NA,NA,NA,"Beta Stat",NA,NA,NA,"Beta Stat",NA,NA,NA,"Beta Stat",NA,NA,NA,"Beta Stat",NA,NA,NA,"Beta Stat",NA,NA,NA,"Beta Stat",NA,NA,NA,"Beta Stat",NA,NA,NA,"Beta Stat",NA,NA,NA,"Beta Stat",NA,NA,NA,"Beta Stat",NA,NA,NA,"Beta Stat",NA,NA,NA,"Beta Stat",NA,NA,NA,"Beta Stat",NA,NA,NA,"Beta Stat",NA,NA,NA,"Beta Stat",NA,NA,NA,"Beta Stat",NA,NA,NA,"Beta Stat",NA,NA,NA,"Beta Stat",NA,NA,NA,"Beta Stat",NA,NA,NA,"Beta Stat",NA,NA,NA,"Beta Stat",NA,NA,NA,"Beta Stat",NA,NA,NA
"17",NA,"2017-11-14_to_2019-11-15_CorePortfolio_2QRank","1.06","1.01","1.01","2017-12-14_to_2019-12-15_CorePortfolio_2QRank","1.03","1","1","2018-01-15_to_2020-01-15_CorePortfolio_2QRank","0.99","1.02","1.02","2018-02-14_to_2020-02-15_CorePortfolio_2QRank","1.03","1.08","1.08","2018-03-14_to_2020-03-15_CorePortfolio_2QRank","1.01","1.05","1.05","2018-04-16_to_2020-04-15_CorePortfolio_2QRank","1.11","1.09","1.09","2018-05-14_to_2020-05-15_CorePortfolio_2QRank","1.11","1.09","1.09","2018-06-14_to_2020-06-15_CorePortfolio_2QRank","1.14","1.1","1.1","2018-07-16_to_2020-07-15_CorePortfolio_2QRank","1.11","1.06","1.06","2018-08-14_to_2020-08-15_CorePortfolio_2QRank","1.08","1.04","1.04","2018-09-14_to_2020-09-15_CorePortfolio_2QRank","1.05","1.01","1.01","2018-10-15_to_2020-10-15_CorePortfolio_2QRank","1.01","1.01","1.01","2018-11-14_to_2020-11-15_CorePortfolio_2QRank","1.04","1.04","1.04","2018-12-14_to_2020-12-15_CorePortfolio_2QRank","1.14","1.12","1.12","2019-01-14_to_2021-01-15_CorePortfolio_2QRank","1.1","1.07","1.07","2019-02-14_to_2021-02-15_CorePortfolio_2QRank","1.07","1.04","1.04","2019-03-14_to_2021-03-15_CorePortfolio_2QRank","0.91","1.07","1.07","2019-04-15_to_2021-04-15_CorePortfolio_2QRank","0.89","1.06","1.06","2019-05-14_to_2021-05-15_CorePortfolio_2QRank","0.73","1.04","1.04","2019-06-14_to_2021-06-15_CorePortfolio_2QRank","0.73","1.04","1.04","2019-07-15_to_2021-07-15_CorePortfolio_2QRank","0.74","1.04","1.04","2019-08-14_to_2021-08-15_CorePortfolio_2QRank","0.88","1.06","1.06","2019-09-16_to_2021-09-15_CorePortfolio_2QRank","0.85","1.03","1.03"
"18",NA,"2017-11-14_to_2019-11-15_S&P500_Index","-","-","-","2017-12-14_to_2019-12-15_S&P500_Index","-","-","-","2018-01-15_to_2020-01-15_S&P500_Index","-","-","-","2018-02-14_to_2020-02-15_S&P500_Index","-","-","-","2018-03-14_to_2020-03-15_S&P500_Index","-","-","-","2018-04-16_to_2020-04-15_S&P500_Index","-","-","-","2018-05-14_to_2020-05-15_S&P500_Index","-","-","-","2018-06-14_to_2020-06-15_S&P500_Index","-","-","-","2018-07-16_to_2020-07-15_S&P500_Index","-","-","-","2018-08-14_to_2020-08-15_S&P500_Index","-","-","-","2018-09-14_to_2020-09-15_S&P500_Index","-","-","-","2018-10-15_to_2020-10-15_S&P500_Index","-","-","-","2018-11-14_to_2020-11-15_S&P500_Index","-","-","-","2018-12-14_to_2020-12-15_S&P500_Index","-","-","-","2019-01-14_to_2021-01-15_S&P500_Index","-","-","-","2019-02-14_to_2021-02-15_S&P500_Index","-","-","-","2019-03-14_to_2021-03-15_S&P500_Index","-","-","-","2019-04-15_to_2021-04-15_S&P500_Index","-","-","-","2019-05-14_to_2021-05-15_S&P500_Index","-","-","-","2019-06-14_to_2021-06-15_S&P500_Index","-","-","-","2019-07-15_to_2021-07-15_S&P500_Index","-","-","-","2019-08-14_to_2021-08-15_S&P500_Index","-","-","-","2019-09-16_to_2021-09-15_S&P500_Index","-","-","-"
"19",NA,"R-Squared",NA,NA,NA,"R-Squared",NA,NA,NA,"R-Squared",NA,NA,NA,"R-Squared",NA,NA,NA,"R-Squared",NA,NA,NA,"R-Squared",NA,NA,NA,"R-Squared",NA,NA,NA,"R-Squared",NA,NA,NA,"R-Squared",NA,NA,NA,"R-Squared",NA,NA,NA,"R-Squared",NA,NA,NA,"R-Squared",NA,NA,NA,"R-Squared",NA,NA,NA,"R-Squared",NA,NA,NA,"R-Squared",NA,NA,NA,"R-Squared",NA,NA,NA,"R-Squared",NA,NA,NA,"R-Squared",NA,NA,NA,"R-Squared",NA,NA,NA,"R-Squared",NA,NA,NA,"R-Squared",NA,NA,NA,"R-Squared",NA,NA,NA,"R-Squared",NA,NA,NA
"20",NA,"2017-11-14_to_2019-11-15_CorePortfolio_2QRank","98.27","96.88","96.88","2017-12-14_to_2019-12-15_CorePortfolio_2QRank","96.59","96.53","96.53","2018-01-15_to_2020-01-15_CorePortfolio_2QRank","96.96","97.39","97.39","2018-02-14_to_2020-02-15_CorePortfolio_2QRank","97.85","96.89","96.89","2018-03-14_to_2020-03-15_CorePortfolio_2QRank","98.91","98.48","98.48","2018-04-16_to_2020-04-15_CorePortfolio_2QRank","98.51","98.24","98.24","2018-05-14_to_2020-05-15_CorePortfolio_2QRank","99.07","98.26","98.26","2018-06-14_to_2020-06-15_CorePortfolio_2QRank","98.25","97.69","97.69","2018-07-16_to_2020-07-15_CorePortfolio_2QRank","97.53","96.86","96.86","2018-08-14_to_2020-08-15_CorePortfolio_2QRank","98.16","97.41","97.41","2018-09-14_to_2020-09-15_CorePortfolio_2QRank","94.49","94.19","94.19","2018-10-15_to_2020-10-15_CorePortfolio_2QRank","94.4","94.65","94.65","2018-11-14_to_2020-11-15_CorePortfolio_2QRank","93.98","95.3","95.3","2018-12-14_to_2020-12-15_CorePortfolio_2QRank","95.88","95.98","95.98","2019-01-14_to_2021-01-15_CorePortfolio_2QRank","94.3","94.4","94.4","2019-02-14_to_2021-02-15_CorePortfolio_2QRank","93.49","94.61","94.61","2019-03-14_to_2021-03-15_CorePortfolio_2QRank","80.26","91.97","91.97","2019-04-15_to_2021-04-15_CorePortfolio_2QRank","75.27","92.28","92.28","2019-05-14_to_2021-05-15_CorePortfolio_2QRank","55.04","87","87","2019-06-14_to_2021-06-15_CorePortfolio_2QRank","60.88","87.64","87.64","2019-07-15_to_2021-07-15_CorePortfolio_2QRank","56.42","86.53","86.53","2019-08-14_to_2021-08-15_CorePortfolio_2QRank","62.92","87.43","87.43","2019-09-16_to_2021-09-15_CorePortfolio_2QRank","54.97","87.48","87.48"
"21",NA,"2017-11-14_to_2019-11-15_S&P500_Index","-","-","-","2017-12-14_to_2019-12-15_S&P500_Index","-","-","-","2018-01-15_to_2020-01-15_S&P500_Index","-","-","-","2018-02-14_to_2020-02-15_S&P500_Index","-","-","-","2018-03-14_to_2020-03-15_S&P500_Index","-","-","-","2018-04-16_to_2020-04-15_S&P500_Index","-","-","-","2018-05-14_to_2020-05-15_S&P500_Index","-","-","-","2018-06-14_to_2020-06-15_S&P500_Index","-","-","-","2018-07-16_to_2020-07-15_S&P500_Index","-","-","-","2018-08-14_to_2020-08-15_S&P500_Index","-","-","-","2018-09-14_to_2020-09-15_S&P500_Index","-","-","-","2018-10-15_to_2020-10-15_S&P500_Index","-","-","-","2018-11-14_to_2020-11-15_S&P500_Index","-","-","-","2018-12-14_to_2020-12-15_S&P500_Index","-","-","-","2019-01-14_to_2021-01-15_S&P500_Index","-","-","-","2019-02-14_to_2021-02-15_S&P500_Index","-","-","-","2019-03-14_to_2021-03-15_S&P500_Index","-","-","-","2019-04-15_to_2021-04-15_S&P500_Index","-","-","-","2019-05-14_to_2021-05-15_S&P500_Index","-","-","-","2019-06-14_to_2021-06-15_S&P500_Index","-","-","-","2019-07-15_to_2021-07-15_S&P500_Index","-","-","-","2019-08-14_to_2021-08-15_S&P500_Index","-","-","-","2019-09-16_to_2021-09-15_S&P500_Index","-","-","-"
"22",NA,"Max Drawdown",NA,NA,NA,"Max Drawdown",NA,NA,NA,"Max Drawdown",NA,NA,NA,"Max Drawdown",NA,NA,NA,"Max Drawdown",NA,NA,NA,"Max Drawdown",NA,NA,NA,"Max Drawdown",NA,NA,NA,"Max Drawdown",NA,NA,NA,"Max Drawdown",NA,NA,NA,"Max Drawdown",NA,NA,NA,"Max Drawdown",NA,NA,NA,"Max Drawdown",NA,NA,NA,"Max Drawdown",NA,NA,NA,"Max Drawdown",NA,NA,NA,"Max Drawdown",NA,NA,NA,"Max Drawdown",NA,NA,NA,"Max Drawdown",NA,NA,NA,"Max Drawdown",NA,NA,NA,"Max Drawdown",NA,NA,NA,"Max Drawdown",NA,NA,NA,"Max Drawdown",NA,NA,NA,"Max Drawdown",NA,NA,NA,"Max Drawdown",NA,NA,NA
"23",NA,"2017-11-14_to_2019-11-15_CorePortfolio_2QRank","-15.6829","-20.1263","-20.1263","2017-12-14_to_2019-12-15_CorePortfolio_2QRank","-10.721","-19.1439","-19.1439","2018-01-15_to_2020-01-15_CorePortfolio_2QRank","-6.2159","-19.3379","-19.3379","2018-02-14_to_2020-02-15_CorePortfolio_2QRank","-6.5932","-20.6194","-20.6194","2018-03-14_to_2020-03-15_CorePortfolio_2QRank","-28.1867","-28.1867","-28.1867","2018-04-16_to_2020-04-15_CorePortfolio_2QRank","-37.5136","-37.5136","-37.5136","2018-05-14_to_2020-05-15_CorePortfolio_2QRank","-37.5592","-37.5592","-37.5592","2018-06-14_to_2020-06-15_CorePortfolio_2QRank","-38.7745","-38.7745","-38.7745","2018-07-16_to_2020-07-15_CorePortfolio_2QRank","-38.1184","-38.1184","-38.1184","2018-08-14_to_2020-08-15_CorePortfolio_2QRank","-37.3555","-37.3555","-37.3555","2018-09-14_to_2020-09-15_CorePortfolio_2QRank","-37.8132","-37.8132","-37.8132","2018-10-15_to_2020-10-15_CorePortfolio_2QRank","-37.8826","-37.8826","-37.8826","2018-11-14_to_2020-11-15_CorePortfolio_2QRank","-37.5727","-37.5727","-37.5727","2018-12-14_to_2020-12-15_CorePortfolio_2QRank","-38.2826","-38.2826","-38.2826","2019-01-14_to_2021-01-15_CorePortfolio_2QRank","-38.844","-38.844","-38.844","2019-02-14_to_2021-02-15_CorePortfolio_2QRank","-38.1077","-38.1077","-38.1077","2019-03-14_to_2021-03-15_CorePortfolio_2QRank","-13.1183","-38.0936","-38.0936","2019-04-15_to_2021-04-15_CorePortfolio_2QRank","-9.8981","-38.608","-38.608","2019-05-14_to_2021-05-15_CorePortfolio_2QRank","-10.375","-38.6222","-38.6222","2019-06-14_to_2021-06-15_CorePortfolio_2QRank","-7.598","-38.2194","-38.2194","2019-07-15_to_2021-07-15_CorePortfolio_2QRank","-7.3343","-38.8838","-38.8838","2019-08-14_to_2021-08-15_CorePortfolio_2QRank","-7.6888","-38.2102","-38.2102","2019-09-16_to_2021-09-15_CorePortfolio_2QRank","-6.7825","-38.1033","-38.1033"
"24",NA,"2017-11-14_to_2019-11-15_S&P500_Index","-15.7424","-19.7782","-19.7782","2017-12-14_to_2019-12-15_S&P500_Index","-11.2973","-19.7782","-19.7782","2018-01-15_to_2020-01-15_S&P500_Index","-6.8361","-19.7782","-19.7782","2018-02-14_to_2020-02-15_S&P500_Index","-6.8361","-19.7782","-19.7782","2018-03-14_to_2020-03-15_S&P500_Index","-26.7416","-26.7416","-26.7416","2018-04-16_to_2020-04-15_S&P500_Index","-33.925","-33.925","-33.925","2018-05-14_to_2020-05-15_S&P500_Index","-33.925","-33.925","-33.925","2018-06-14_to_2020-06-15_S&P500_Index","-33.925","-33.925","-33.925","2018-07-16_to_2020-07-15_S&P500_Index","-33.925","-33.925","-33.925","2018-08-14_to_2020-08-15_S&P500_Index","-33.925","-33.925","-33.925","2018-09-14_to_2020-09-15_S&P500_Index","-33.925","-33.925","-33.925","2018-10-15_to_2020-10-15_S&P500_Index","-33.925","-33.925","-33.925","2018-11-14_to_2020-11-15_S&P500_Index","-33.925","-33.925","-33.925","2018-12-14_to_2020-12-15_S&P500_Index","-33.925","-33.925","-33.925","2019-01-14_to_2021-01-15_S&P500_Index","-33.925","-33.925","-33.925","2019-02-14_to_2021-02-15_S&P500_Index","-33.925","-33.925","-33.925","2019-03-14_to_2021-03-15_S&P500_Index","-11.5369","-33.925","-33.925","2019-04-15_to_2021-04-15_S&P500_Index","-9.6044","-33.925","-33.925","2019-05-14_to_2021-05-15_S&P500_Index","-9.6044","-33.925","-33.925","2019-06-14_to_2021-06-15_S&P500_Index","-9.6044","-33.925","-33.925","2019-07-15_to_2021-07-15_S&P500_Index","-9.6045","-33.925","-33.925","2019-08-14_to_2021-08-15_S&P500_Index","-9.6044","-33.925","-33.925","2019-09-16_to_2021-09-15_S&P500_Index","-7.4772","-33.925","-33.925"
