"","2021-2022"
"Annualized Returns",
"2021-06-28_to_2022-06-29_ALLPortfolio_3QRank","-43.85"
"2021-06-28_to_2022-06-29_Crypto10_Index","-74.591"
"Volatility",
"2021-06-28_to_2022-06-29_ALLPortfolio_3QRank","104.52"
"2021-06-28_to_2022-06-29_Crypto10_Index","63.79"
"Tracking Error",
"2021-06-28_to_2022-06-29_ALLPortfolio_3QRank","63.72"
"2021-06-28_to_2022-06-29_Crypto10_Index","-"
"Information Ratio",
"2021-06-28_to_2022-06-29_ALLPortfolio_3QRank","0.48"
"2021-06-28_to_2022-06-29_Crypto10_Index","-"
"Alpha Stat",
"2021-06-28_to_2022-06-29_ALLPortfolio_3QRank","10.79"
"2021-06-28_to_2022-06-29_Crypto10_Index","-"
"Beta Stat",
"2021-06-28_to_2022-06-29_ALLPortfolio_3QRank","1.34"
"2021-06-28_to_2022-06-29_Crypto10_Index","-"
"R-Squared",
"2021-06-28_to_2022-06-29_ALLPortfolio_3QRank","63.59"
"2021-06-28_to_2022-06-29_Crypto10_Index","-"
"Max Drawdown",
"2021-06-28_to_2022-06-29_ALLPortfolio_3QRank","-83.5052"
"2021-06-28_to_2022-06-29_Crypto10_Index","-83.4426"
