"","2021-2022"
"Annualized Returns",
"2021-08-01_to_2022-08-02_ALLPortfolio_3QRank","-33.343"
"2021-08-01_to_2022-08-02_Crypto10_Index","-69.428"
"Volatility",
"2021-08-01_to_2022-08-02_ALLPortfolio_3QRank","94.14"
"2021-08-01_to_2022-08-02_Crypto10_Index","87.43"
"Tracking Error",
"2021-08-01_to_2022-08-02_ALLPortfolio_3QRank","52.79"
"2021-08-01_to_2022-08-02_Crypto10_Index","-"
"Information Ratio",
"2021-08-01_to_2022-08-02_ALLPortfolio_3QRank","0.68"
"2021-08-01_to_2022-08-02_Crypto10_Index","-"
"Alpha Stat",
"2021-08-01_to_2022-08-02_ALLPortfolio_3QRank","3.91"
"2021-08-01_to_2022-08-02_Crypto10_Index","-"
"Beta Stat",
"2021-08-01_to_2022-08-02_ALLPortfolio_3QRank","0.9"
"2021-08-01_to_2022-08-02_Crypto10_Index","-"
"R-Squared",
"2021-08-01_to_2022-08-02_ALLPortfolio_3QRank","66.07"
"2021-08-01_to_2022-08-02_Crypto10_Index","-"
"Max Drawdown",
"2021-08-01_to_2022-08-02_ALLPortfolio_3QRank","-83.4994"
"2021-08-01_to_2022-08-02_Crypto10_Index","-85.4918"
