"","2021-2022"
"Annualized Returns",
"2021-07-08_to_2022-07-09_ALLPortfolio_3QRank","-37.875"
"2021-07-08_to_2022-07-09_Crypto10_Index","-75.525"
"Volatility",
"2021-07-08_to_2022-07-09_ALLPortfolio_3QRank","108.7"
"2021-07-08_to_2022-07-09_Crypto10_Index","73.65"
"Tracking Error",
"2021-07-08_to_2022-07-09_ALLPortfolio_3QRank","60.58"
"2021-07-08_to_2022-07-09_Crypto10_Index","-"
"Information Ratio",
"2021-07-08_to_2022-07-09_ALLPortfolio_3QRank","0.62"
"2021-07-08_to_2022-07-09_Crypto10_Index","-"
"Alpha Stat",
"2021-07-08_to_2022-07-09_ALLPortfolio_3QRank","11.94"
"2021-07-08_to_2022-07-09_Crypto10_Index","-"
"Beta Stat",
"2021-07-08_to_2022-07-09_ALLPortfolio_3QRank","1.25"
"2021-07-08_to_2022-07-09_Crypto10_Index","-"
"R-Squared",
"2021-07-08_to_2022-07-09_ALLPortfolio_3QRank","68.69"
"2021-07-08_to_2022-07-09_Crypto10_Index","-"
"Max Drawdown",
"2021-07-08_to_2022-07-09_ALLPortfolio_3QRank","-83.2839"
"2021-07-08_to_2022-07-09_Crypto10_Index","-85.4918"
