"","2021-2022"
"Annualized Returns",
"2021-08-04_to_2022-08-05_ALLPortfolio_3QRank","-32.408"
"2021-08-04_to_2022-08-05_Crypto10_Index","-68.892"
"Volatility",
"2021-08-04_to_2022-08-05_ALLPortfolio_3QRank","93.75"
"2021-08-04_to_2022-08-05_Crypto10_Index","87.43"
"Tracking Error",
"2021-08-04_to_2022-08-05_ALLPortfolio_3QRank","52.35"
"2021-08-04_to_2022-08-05_Crypto10_Index","-"
"Information Ratio",
"2021-08-04_to_2022-08-05_ALLPortfolio_3QRank","0.7"
"2021-08-04_to_2022-08-05_Crypto10_Index","-"
"Alpha Stat",
"2021-08-04_to_2022-08-05_ALLPortfolio_3QRank","3.86"
"2021-08-04_to_2022-08-05_Crypto10_Index","-"
"Beta Stat",
"2021-08-04_to_2022-08-05_ALLPortfolio_3QRank","0.9"
"2021-08-04_to_2022-08-05_Crypto10_Index","-"
"R-Squared",
"2021-08-04_to_2022-08-05_ALLPortfolio_3QRank","66.4"
"2021-08-04_to_2022-08-05_Crypto10_Index","-"
"Max Drawdown",
"2021-08-04_to_2022-08-05_ALLPortfolio_3QRank","-83.4153"
"2021-08-04_to_2022-08-05_Crypto10_Index","-85.4918"
