"","2021-2022"
"Annualized Returns",
"2021-09-03_to_2022-09-04_ALLPortfolio_3QRank","-68.598"
"2021-09-03_to_2022-09-04_Crypto10_Index","-81.295"
"Volatility",
"2021-09-03_to_2022-09-04_ALLPortfolio_3QRank","84.91"
"2021-09-03_to_2022-09-04_Crypto10_Index","87.11"
"Tracking Error",
"2021-09-03_to_2022-09-04_ALLPortfolio_3QRank","34.98"
"2021-09-03_to_2022-09-04_Crypto10_Index","-"
"Information Ratio",
"2021-09-03_to_2022-09-04_ALLPortfolio_3QRank","0.36"
"2021-09-03_to_2022-09-04_Crypto10_Index","-"
"Alpha Stat",
"2021-09-03_to_2022-09-04_ALLPortfolio_3QRank","0.41"
"2021-09-03_to_2022-09-04_Crypto10_Index","-"
"Beta Stat",
"2021-09-03_to_2022-09-04_ALLPortfolio_3QRank","0.89"
"2021-09-03_to_2022-09-04_Crypto10_Index","-"
"R-Squared",
"2021-09-03_to_2022-09-04_ALLPortfolio_3QRank","82.45"
"2021-09-03_to_2022-09-04_Crypto10_Index","-"
"Max Drawdown",
"2021-09-03_to_2022-09-04_ALLPortfolio_3QRank","-81.6274"
"2021-09-03_to_2022-09-04_Crypto10_Index","-85.4918"
