"","2021-2022"
"Annualized Returns",
"2021-07-22_to_2022-07-23_ALLPortfolio_3QRank","-21.952"
"2021-07-22_to_2022-07-23_Crypto10_Index","-68.694"
"Volatility",
"2021-07-22_to_2022-07-23_ALLPortfolio_3QRank","109.93"
"2021-07-22_to_2022-07-23_Crypto10_Index","73.65"
"Tracking Error",
"2021-07-22_to_2022-07-23_ALLPortfolio_3QRank","61.87"
"2021-07-22_to_2022-07-23_Crypto10_Index","-"
"Information Ratio",
"2021-07-22_to_2022-07-23_ALLPortfolio_3QRank","0.76"
"2021-07-22_to_2022-07-23_Crypto10_Index","-"
"Alpha Stat",
"2021-07-22_to_2022-07-23_ALLPortfolio_3QRank","12.19"
"2021-07-22_to_2022-07-23_Crypto10_Index","-"
"Beta Stat",
"2021-07-22_to_2022-07-23_ALLPortfolio_3QRank","1.26"
"2021-07-22_to_2022-07-23_Crypto10_Index","-"
"R-Squared",
"2021-07-22_to_2022-07-23_ALLPortfolio_3QRank","68.2"
"2021-07-22_to_2022-07-23_Crypto10_Index","-"
"Max Drawdown",
"2021-07-22_to_2022-07-23_ALLPortfolio_3QRank","-83.4381"
"2021-07-22_to_2022-07-23_Crypto10_Index","-85.4918"
