"","2021-2022"
"Annualized Returns",
"2021-07-30_to_2022-07-31_ALLPortfolio_3QRank","-31.625"
"2021-07-30_to_2022-07-31_Crypto10_Index","-69.851"
"Volatility",
"2021-07-30_to_2022-07-31_ALLPortfolio_3QRank","111.27"
"2021-07-30_to_2022-07-31_Crypto10_Index","73.65"
"Tracking Error",
"2021-07-30_to_2022-07-31_ALLPortfolio_3QRank","63.54"
"2021-07-30_to_2022-07-31_Crypto10_Index","-"
"Information Ratio",
"2021-07-30_to_2022-07-31_ALLPortfolio_3QRank","0.6"
"2021-07-30_to_2022-07-31_Crypto10_Index","-"
"Alpha Stat",
"2021-07-30_to_2022-07-31_ALLPortfolio_3QRank","12.43"
"2021-07-30_to_2022-07-31_Crypto10_Index","-"
"Beta Stat",
"2021-07-30_to_2022-07-31_ALLPortfolio_3QRank","1.27"
"2021-07-30_to_2022-07-31_Crypto10_Index","-"
"R-Squared",
"2021-07-30_to_2022-07-31_ALLPortfolio_3QRank","67.29"
"2021-07-30_to_2022-07-31_Crypto10_Index","-"
"Max Drawdown",
"2021-07-30_to_2022-07-31_ALLPortfolio_3QRank","-83.556"
"2021-07-30_to_2022-07-31_Crypto10_Index","-85.4918"
