"","NA","Var.2","1 Years","2 Years","2018-2020","Var.6","1 Years","2 Years","2018-2020","Var.10","1 Years","2 Years","2018-2020","Var.14","1 Years","2 Years","2018-2020","Var.18","1 Years","2 Years","2018-2020","Var.22","1 Years","2 Years","2018-2020","Var.26","1 Years","2 Years","2018-2020","Var.30","1 Years","2 Years","2018-2020","Var.34","1 Years","2 Years","2019-2021","Var.38","1 Years","2 Years","2019-2021","Var.42","1 Years","2 Years","2019-2021","Var.46","1 Years","2 Years","2019-2021","Var.50","1 Years","2 Years","2019-2021","Var.54","1 Years","2 Years","2019-2021","Var.58","1 Years","2 Years","2019-2021","Var.62","1 Years","2 Years","2019-2021","Var.66","1 Years","2 Years","2019-2021"
"1",NA,"Annualized Returns",NA,NA,NA,"Annualized Returns",NA,NA,NA,"Annualized Returns",NA,NA,NA,"Annualized Returns",NA,NA,NA,"Annualized Returns",NA,NA,NA,"Annualized Returns",NA,NA,NA,"Annualized Returns",NA,NA,NA,"Annualized Returns",NA,NA,NA,"Annualized Returns",NA,NA,NA,"Annualized Returns",NA,NA,NA,"Annualized Returns",NA,NA,NA,"Annualized Returns",NA,NA,NA,"Annualized Returns",NA,NA,NA,"Annualized Returns",NA,NA,NA,"Annualized Returns",NA,NA,NA,"Annualized Returns",NA,NA,NA,"Annualized Returns",NA,NA,NA
"2",NA,"2018-05-10_to_2020-05-11_ALLPortfolio_20QRank","1.565","3.309","3.309","2018-06-11_to_2020-06-11_ALLPortfolio_20QRank","4.13","2.781","2.781","2018-07-10_to_2020-07-11_ALLPortfolio_20QRank","4.586","4.657","4.657","2018-08-10_to_2020-08-11_ALLPortfolio_20QRank","12.555","6.786","6.786","2018-09-10_to_2020-09-11_ALLPortfolio_20QRank","11.009","6.32","6.501","2018-10-10_to_2020-10-11_ALLPortfolio_20QRank","23.885","14.841","14.841","2018-11-12_to_2020-11-11_ALLPortfolio_20QRank","23.322","17.493","17.493","2018-12-10_to_2020-12-11_ALLPortfolio_20QRank","19.871","18.415","18.722","2019-01-10_to_2021-01-11_ALLPortfolio_20QRank","32.205","28.014","28.014","2019-02-11_to_2021-02-11_ALLPortfolio_20QRank","19.229","18.423","18.423","2019-03-11_to_2021-03-11_ALLPortfolio_20QRank","55.552","20.109","20.109","2019-04-10_to_2021-04-11_ALLPortfolio_20QRank","60.023","19.598","19.598","2019-05-10_to_2021-05-11_ALLPortfolio_20QRank","58.443","21.658","21.658","2019-06-10_to_2021-06-11_ALLPortfolio_20QRank","55.134","22.861","22.584","2019-07-10_to_2021-07-11_ALLPortfolio_20QRank","53.615","21.712","21.712","2019-08-12_to_2021-08-11_ALLPortfolio_20QRank","47.842","27.98","27.98","2019-09-10_to_2021-09-11_ALLPortfolio_20QRank","45.689","27.016","27.016"
"3",NA,"2018-05-10_to_2020-05-11_S&P500_Index","0.061","2.87","2.87","2018-06-11_to_2020-06-11_S&P500_Index","10.549","7.084","7.084","2018-07-10_to_2020-07-11_S&P500_Index","5.312","6.217","6.217","2018-08-10_to_2020-08-11_S&P500_Index","16.607","9.152","9.152","2018-09-10_to_2020-09-11_S&P500_Index","11.272","7.53","7.72","2018-10-10_to_2020-10-11_S&P500_Index","18.066","11.252","11.252","2018-11-12_to_2020-11-11_S&P500_Index","14.853","14.061","14.061","2018-12-10_to_2020-12-11_S&P500_Index","16.758","17.946","17.899","2019-01-10_to_2021-01-11_S&P500_Index","16.93","21.096","21.096","2019-02-11_to_2021-02-11_S&P500_Index","14.752","19.244","19.244","2019-03-11_to_2021-03-11_S&P500_Index","33.684","17.659","17.659","2019-04-10_to_2021-04-11_S&P500_Index","48.989","19.133","19.133","2019-05-10_to_2021-05-11_S&P500_Index","43.081","22.114","22.114","2019-06-10_to_2021-06-11_S&P500_Index","32.884","21.203","21.15","2019-07-10_to_2021-07-11_S&P500_Index","36.306","20.181","20.181","2019-08-12_to_2021-08-11_S&P500_Index","32.028","24.089","24.089","2019-09-10_to_2021-09-11_S&P500_Index","26.302","23.456","23.456"
"4",NA,"Volatility",NA,NA,NA,"Volatility",NA,NA,NA,"Volatility",NA,NA,NA,"Volatility",NA,NA,NA,"Volatility",NA,NA,NA,"Volatility",NA,NA,NA,"Volatility",NA,NA,NA,"Volatility",NA,NA,NA,"Volatility",NA,NA,NA,"Volatility",NA,NA,NA,"Volatility",NA,NA,NA,"Volatility",NA,NA,NA,"Volatility",NA,NA,NA,"Volatility",NA,NA,NA,"Volatility",NA,NA,NA,"Volatility",NA,NA,NA,"Volatility",NA,NA,NA
"5",NA,"2018-05-10_to_2020-05-11_ALLPortfolio_20QRank","31.28","24.93","24.93","2018-06-11_to_2020-06-11_ALLPortfolio_20QRank","32.41","26.1","26.1","2018-07-10_to_2020-07-11_ALLPortfolio_20QRank","32.79","26.45","26.45","2018-08-10_to_2020-08-11_ALLPortfolio_20QRank","34.06","27.45","27.45","2018-09-10_to_2020-09-11_ALLPortfolio_20QRank","34.46","27.85","27.85","2018-10-10_to_2020-10-11_ALLPortfolio_20QRank","34.89","27.43","27.43","2018-11-12_to_2020-11-11_ALLPortfolio_20QRank","35.31","27.84","27.84","2018-12-10_to_2020-12-11_ALLPortfolio_20QRank","36.67","27.14","27.14","2019-01-10_to_2021-01-11_ALLPortfolio_20QRank","37.61","26.99","26.99","2019-02-11_to_2021-02-11_ALLPortfolio_20QRank","35.15","26.5","26.5","2019-03-11_to_2021-03-11_ALLPortfolio_20QRank","21.47","26.36","26.36","2019-04-10_to_2021-04-11_ALLPortfolio_20QRank","17.05","26.36","26.36","2019-05-10_to_2021-05-11_ALLPortfolio_20QRank","16.22","26.18","26.18","2019-06-10_to_2021-06-11_ALLPortfolio_20QRank","16.2","26.06","26.06","2019-07-10_to_2021-07-11_ALLPortfolio_20QRank","16.03","25.84","25.84","2019-08-12_to_2021-08-11_ALLPortfolio_20QRank","16.91","26.79","26.79","2019-09-10_to_2021-09-11_ALLPortfolio_20QRank","15.13","26.29","26.29"
"6",NA,"2018-05-10_to_2020-05-11_S&P500_Index","23.99","20.14","20.14","2018-06-11_to_2020-06-11_S&P500_Index","23.82","20.3","20.3","2018-07-10_to_2020-07-11_S&P500_Index","23.86","20.21","20.21","2018-08-10_to_2020-08-11_S&P500_Index","24.03","20.36","20.36","2018-09-10_to_2020-09-11_S&P500_Index","25.03","21","21","2018-10-10_to_2020-10-11_S&P500_Index","25.7","20.49","20.49","2018-11-12_to_2020-11-11_S&P500_Index","25.66","20.58","20.58","2018-12-10_to_2020-12-11_S&P500_Index","27.21","20.15","20.15","2019-01-10_to_2021-01-11_S&P500_Index","27.32","19.68","19.68","2019-02-11_to_2021-02-11_S&P500_Index","24.34","19.67","19.67","2019-03-11_to_2021-03-11_S&P500_Index","16.76","19.7","19.7","2019-04-10_to_2021-04-11_S&P500_Index","13.29","19.6","19.6","2019-05-10_to_2021-05-11_S&P500_Index","13.65","19.16","19.16","2019-06-10_to_2021-06-11_S&P500_Index","14.06","19.09","19.09","2019-07-10_to_2021-07-11_S&P500_Index","13.91","19.09","19.09","2019-08-12_to_2021-08-11_S&P500_Index","12.6","18.91","18.91","2019-09-10_to_2021-09-11_S&P500_Index","10.47","18.91","18.91"
"7",NA,"Tracking Error",NA,NA,NA,"Tracking Error",NA,NA,NA,"Tracking Error",NA,NA,NA,"Tracking Error",NA,NA,NA,"Tracking Error",NA,NA,NA,"Tracking Error",NA,NA,NA,"Tracking Error",NA,NA,NA,"Tracking Error",NA,NA,NA,"Tracking Error",NA,NA,NA,"Tracking Error",NA,NA,NA,"Tracking Error",NA,NA,NA,"Tracking Error",NA,NA,NA,"Tracking Error",NA,NA,NA,"Tracking Error",NA,NA,NA,"Tracking Error",NA,NA,NA,"Tracking Error",NA,NA,NA,"Tracking Error",NA,NA,NA
"8",NA,"2018-05-10_to_2020-05-11_ALLPortfolio_20QRank","10.36","7.75","7.75","2018-06-11_to_2020-06-11_ALLPortfolio_20QRank","12.37","9.19","9.19","2018-07-10_to_2020-07-11_ALLPortfolio_20QRank","12.31","9.16","9.16","2018-08-10_to_2020-08-11_ALLPortfolio_20QRank","13.47","9.96","9.96","2018-09-10_to_2020-09-11_ALLPortfolio_20QRank","13.43","10.14","10.14","2018-10-10_to_2020-10-11_ALLPortfolio_20QRank","13.46","10.23","10.23","2018-11-12_to_2020-11-11_ALLPortfolio_20QRank","13.2","10.33","10.33","2018-12-10_to_2020-12-11_ALLPortfolio_20QRank","12.63","9.89","9.89","2019-01-10_to_2021-01-11_ALLPortfolio_20QRank","13.38","10.43","10.43","2019-02-11_to_2021-02-11_ALLPortfolio_20QRank","13.47","10.12","10.12","2019-03-11_to_2021-03-11_ALLPortfolio_20QRank","10.38","10.72","10.72","2019-04-10_to_2021-04-11_ALLPortfolio_20QRank","9.84","10.46","10.46","2019-05-10_to_2021-05-11_ALLPortfolio_20QRank","8.85","10.78","10.78","2019-06-10_to_2021-06-11_ALLPortfolio_20QRank","9.12","10.98","10.98","2019-07-10_to_2021-07-11_ALLPortfolio_20QRank","9.01","10.66","10.66","2019-08-12_to_2021-08-11_ALLPortfolio_20QRank","9.23","11.36","11.36","2019-09-10_to_2021-09-11_ALLPortfolio_20QRank","9.19","10.91","10.91"
"9",NA,"2018-05-10_to_2020-05-11_S&P500_Index","-","-","-","2018-06-11_to_2020-06-11_S&P500_Index","-","-","-","2018-07-10_to_2020-07-11_S&P500_Index","-","-","-","2018-08-10_to_2020-08-11_S&P500_Index","-","-","-","2018-09-10_to_2020-09-11_S&P500_Index","-","-","-","2018-10-10_to_2020-10-11_S&P500_Index","-","-","-","2018-11-12_to_2020-11-11_S&P500_Index","-","-","-","2018-12-10_to_2020-12-11_S&P500_Index","-","-","-","2019-01-10_to_2021-01-11_S&P500_Index","-","-","-","2019-02-11_to_2021-02-11_S&P500_Index","-","-","-","2019-03-11_to_2021-03-11_S&P500_Index","-","-","-","2019-04-10_to_2021-04-11_S&P500_Index","-","-","-","2019-05-10_to_2021-05-11_S&P500_Index","-","-","-","2019-06-10_to_2021-06-11_S&P500_Index","-","-","-","2019-07-10_to_2021-07-11_S&P500_Index","-","-","-","2019-08-12_to_2021-08-11_S&P500_Index","-","-","-","2019-09-10_to_2021-09-11_S&P500_Index","-","-","-"
"10",NA,"Information Ratio",NA,NA,NA,"Information Ratio",NA,NA,NA,"Information Ratio",NA,NA,NA,"Information Ratio",NA,NA,NA,"Information Ratio",NA,NA,NA,"Information Ratio",NA,NA,NA,"Information Ratio",NA,NA,NA,"Information Ratio",NA,NA,NA,"Information Ratio",NA,NA,NA,"Information Ratio",NA,NA,NA,"Information Ratio",NA,NA,NA,"Information Ratio",NA,NA,NA,"Information Ratio",NA,NA,NA,"Information Ratio",NA,NA,NA,"Information Ratio",NA,NA,NA,"Information Ratio",NA,NA,NA,"Information Ratio",NA,NA,NA
"11",NA,"2018-05-10_to_2020-05-11_ALLPortfolio_20QRank","0.15","0.06","0.06","2018-06-11_to_2020-06-11_ALLPortfolio_20QRank","-0.52","-0.47","-0.47","2018-07-10_to_2020-07-11_ALLPortfolio_20QRank","-0.06","-0.17","-0.17","2018-08-10_to_2020-08-11_ALLPortfolio_20QRank","-0.3","-0.24","-0.24","2018-09-10_to_2020-09-11_ALLPortfolio_20QRank","-0.02","-0.12","-0.12","2018-10-10_to_2020-10-11_ALLPortfolio_20QRank","0.43","0.35","0.35","2018-11-12_to_2020-11-11_ALLPortfolio_20QRank","0.64","0.33","0.33","2018-12-10_to_2020-12-11_ALLPortfolio_20QRank","0.25","0.05","0.08","2019-01-10_to_2021-01-11_ALLPortfolio_20QRank","1.14","0.66","0.66","2019-02-11_to_2021-02-11_ALLPortfolio_20QRank","0.33","-0.08","-0.08","2019-03-11_to_2021-03-11_ALLPortfolio_20QRank","2.11","0.23","0.23","2019-04-10_to_2021-04-11_ALLPortfolio_20QRank","1.12","0.04","0.04","2019-05-10_to_2021-05-11_ALLPortfolio_20QRank","1.74","-0.04","-0.04","2019-06-10_to_2021-06-11_ALLPortfolio_20QRank","2.44","0.15","0.13","2019-07-10_to_2021-07-11_ALLPortfolio_20QRank","1.92","0.14","0.14","2019-08-12_to_2021-08-11_ALLPortfolio_20QRank","1.71","0.34","0.34","2019-09-10_to_2021-09-11_ALLPortfolio_20QRank","2.11","0.33","0.33"
"12",NA,"2018-05-10_to_2020-05-11_S&P500_Index","-","-","-","2018-06-11_to_2020-06-11_S&P500_Index","-","-","-","2018-07-10_to_2020-07-11_S&P500_Index","-","-","-","2018-08-10_to_2020-08-11_S&P500_Index","-","-","-","2018-09-10_to_2020-09-11_S&P500_Index","-","-","-","2018-10-10_to_2020-10-11_S&P500_Index","-","-","-","2018-11-12_to_2020-11-11_S&P500_Index","-","-","-","2018-12-10_to_2020-12-11_S&P500_Index","-","-","-","2019-01-10_to_2021-01-11_S&P500_Index","-","-","-","2019-02-11_to_2021-02-11_S&P500_Index","-","-","-","2019-03-11_to_2021-03-11_S&P500_Index","-","-","-","2019-04-10_to_2021-04-11_S&P500_Index","-","-","-","2019-05-10_to_2021-05-11_S&P500_Index","-","-","-","2019-06-10_to_2021-06-11_S&P500_Index","-","-","-","2019-07-10_to_2021-07-11_S&P500_Index","-","-","-","2019-08-12_to_2021-08-11_S&P500_Index","-","-","-","2019-09-10_to_2021-09-11_S&P500_Index","-","-","-"
"13",NA,"Alpha Stat",NA,NA,NA,"Alpha Stat",NA,NA,NA,"Alpha Stat",NA,NA,NA,"Alpha Stat",NA,NA,NA,"Alpha Stat",NA,NA,NA,"Alpha Stat",NA,NA,NA,"Alpha Stat",NA,NA,NA,"Alpha Stat",NA,NA,NA,"Alpha Stat",NA,NA,NA,"Alpha Stat",NA,NA,NA,"Alpha Stat",NA,NA,NA,"Alpha Stat",NA,NA,NA,"Alpha Stat",NA,NA,NA,"Alpha Stat",NA,NA,NA,"Alpha Stat",NA,NA,NA,"Alpha Stat",NA,NA,NA,"Alpha Stat",NA,NA,NA
"14",NA,"2018-05-10_to_2020-05-11_ALLPortfolio_20QRank","-0.33","-0.32","-0.32","2018-06-11_to_2020-06-11_ALLPortfolio_20QRank","0.08","-0.08","-0.08","2018-07-10_to_2020-07-11_ALLPortfolio_20QRank","-0.01","-0.14","-0.14","2018-08-10_to_2020-08-11_ALLPortfolio_20QRank","-0.22","-0.16","-0.16","2018-09-10_to_2020-09-11_ALLPortfolio_20QRank","-0.08","-0.16","-0.16","2018-10-10_to_2020-10-11_ALLPortfolio_20QRank","0.09","-0.12","-0.12","2018-11-12_to_2020-11-11_ALLPortfolio_20QRank","0.46","-0.03","-0.03","2018-12-10_to_2020-12-11_ALLPortfolio_20QRank","0.19","-0.23","-0.23","2019-01-10_to_2021-01-11_ALLPortfolio_20QRank","0.86","-0.01","-0.01","2019-02-11_to_2021-02-11_ALLPortfolio_20QRank","-0.84","-0.62","-0.62","2019-03-11_to_2021-03-11_ALLPortfolio_20QRank","0.98","-0.21","-0.21","2019-04-10_to_2021-04-11_ALLPortfolio_20QRank","1.09","-0.08","-0.08","2019-05-10_to_2021-05-11_ALLPortfolio_20QRank","0.56","-0.31","-0.31","2019-06-10_to_2021-06-11_ALLPortfolio_20QRank","1.07","-0.3","-0.3","2019-07-10_to_2021-07-11_ALLPortfolio_20QRank","0.98","-0.14","-0.14","2019-08-12_to_2021-08-11_ALLPortfolio_20QRank","0.68","-0.14","-0.14","2019-09-10_to_2021-09-11_ALLPortfolio_20QRank","0.48","-0.09","-0.09"
"15",NA,"2018-05-10_to_2020-05-11_S&P500_Index","-","-","-","2018-06-11_to_2020-06-11_S&P500_Index","-","-","-","2018-07-10_to_2020-07-11_S&P500_Index","-","-","-","2018-08-10_to_2020-08-11_S&P500_Index","-","-","-","2018-09-10_to_2020-09-11_S&P500_Index","-","-","-","2018-10-10_to_2020-10-11_S&P500_Index","-","-","-","2018-11-12_to_2020-11-11_S&P500_Index","-","-","-","2018-12-10_to_2020-12-11_S&P500_Index","-","-","-","2019-01-10_to_2021-01-11_S&P500_Index","-","-","-","2019-02-11_to_2021-02-11_S&P500_Index","-","-","-","2019-03-11_to_2021-03-11_S&P500_Index","-","-","-","2019-04-10_to_2021-04-11_S&P500_Index","-","-","-","2019-05-10_to_2021-05-11_S&P500_Index","-","-","-","2019-06-10_to_2021-06-11_S&P500_Index","-","-","-","2019-07-10_to_2021-07-11_S&P500_Index","-","-","-","2019-08-12_to_2021-08-11_S&P500_Index","-","-","-","2019-09-10_to_2021-09-11_S&P500_Index","-","-","-"
"16",NA,"Beta Stat",NA,NA,NA,"Beta Stat",NA,NA,NA,"Beta Stat",NA,NA,NA,"Beta Stat",NA,NA,NA,"Beta Stat",NA,NA,NA,"Beta Stat",NA,NA,NA,"Beta Stat",NA,NA,NA,"Beta Stat",NA,NA,NA,"Beta Stat",NA,NA,NA,"Beta Stat",NA,NA,NA,"Beta Stat",NA,NA,NA,"Beta Stat",NA,NA,NA,"Beta Stat",NA,NA,NA,"Beta Stat",NA,NA,NA,"Beta Stat",NA,NA,NA,"Beta Stat",NA,NA,NA,"Beta Stat",NA,NA,NA
"17",NA,"2018-05-10_to_2020-05-11_ALLPortfolio_20QRank","1.26","1.19","1.19","2018-06-11_to_2020-06-11_ALLPortfolio_20QRank","1.29","1.22","1.22","2018-07-10_to_2020-07-11_ALLPortfolio_20QRank","1.31","1.25","1.25","2018-08-10_to_2020-08-11_ALLPortfolio_20QRank","1.35","1.29","1.29","2018-09-10_to_2020-09-11_ALLPortfolio_20QRank","1.3","1.26","1.26","2018-10-10_to_2020-10-11_ALLPortfolio_20QRank","1.28","1.27","1.27","2018-11-12_to_2020-11-11_ALLPortfolio_20QRank","1.31","1.29","1.29","2018-12-10_to_2020-12-11_ALLPortfolio_20QRank","1.3","1.29","1.29","2019-01-10_to_2021-01-11_ALLPortfolio_20QRank","1.33","1.3","1.3","2019-02-11_to_2021-02-11_ALLPortfolio_20QRank","1.39","1.28","1.28","2019-03-11_to_2021-03-11_ALLPortfolio_20QRank","1.13","1.25","1.25","2019-04-10_to_2021-04-11_ALLPortfolio_20QRank","1.05","1.26","1.26","2019-05-10_to_2021-05-11_ALLPortfolio_20QRank","1","1.28","1.28","2019-06-10_to_2021-06-11_ALLPortfolio_20QRank","0.95","1.27","1.27","2019-07-10_to_2021-07-11_ALLPortfolio_20QRank","0.95","1.26","1.26","2019-08-12_to_2021-08-11_ALLPortfolio_20QRank","1.13","1.32","1.32","2019-09-10_to_2021-09-11_ALLPortfolio_20QRank","1.16","1.3","1.3"
"18",NA,"2018-05-10_to_2020-05-11_S&P500_Index","-","-","-","2018-06-11_to_2020-06-11_S&P500_Index","-","-","-","2018-07-10_to_2020-07-11_S&P500_Index","-","-","-","2018-08-10_to_2020-08-11_S&P500_Index","-","-","-","2018-09-10_to_2020-09-11_S&P500_Index","-","-","-","2018-10-10_to_2020-10-11_S&P500_Index","-","-","-","2018-11-12_to_2020-11-11_S&P500_Index","-","-","-","2018-12-10_to_2020-12-11_S&P500_Index","-","-","-","2019-01-10_to_2021-01-11_S&P500_Index","-","-","-","2019-02-11_to_2021-02-11_S&P500_Index","-","-","-","2019-03-11_to_2021-03-11_S&P500_Index","-","-","-","2019-04-10_to_2021-04-11_S&P500_Index","-","-","-","2019-05-10_to_2021-05-11_S&P500_Index","-","-","-","2019-06-10_to_2021-06-11_S&P500_Index","-","-","-","2019-07-10_to_2021-07-11_S&P500_Index","-","-","-","2019-08-12_to_2021-08-11_S&P500_Index","-","-","-","2019-09-10_to_2021-09-11_S&P500_Index","-","-","-"
"19",NA,"R-Squared",NA,NA,NA,"R-Squared",NA,NA,NA,"R-Squared",NA,NA,NA,"R-Squared",NA,NA,NA,"R-Squared",NA,NA,NA,"R-Squared",NA,NA,NA,"R-Squared",NA,NA,NA,"R-Squared",NA,NA,NA,"R-Squared",NA,NA,NA,"R-Squared",NA,NA,NA,"R-Squared",NA,NA,NA,"R-Squared",NA,NA,NA,"R-Squared",NA,NA,NA,"R-Squared",NA,NA,NA,"R-Squared",NA,NA,NA,"R-Squared",NA,NA,NA,"R-Squared",NA,NA,NA
"20",NA,"2018-05-10_to_2020-05-11_ALLPortfolio_20QRank","92.13","92.43","92.43","2018-06-11_to_2020-06-11_ALLPortfolio_20QRank","88.88","90.21","90.21","2018-07-10_to_2020-07-11_ALLPortfolio_20QRank","90.04","91.35","91.35","2018-08-10_to_2020-08-11_ALLPortfolio_20QRank","89.28","91.05","91.05","2018-09-10_to_2020-09-11_ALLPortfolio_20QRank","88.54","90.24","90.24","2018-10-10_to_2020-10-11_ALLPortfolio_20QRank","88.32","89.74","89.74","2018-11-12_to_2020-11-11_ALLPortfolio_20QRank","90.26","90.34","90.34","2018-12-10_to_2020-12-11_ALLPortfolio_20QRank","92.33","90.83","90.83","2019-01-10_to_2021-01-11_ALLPortfolio_20QRank","92.21","89.38","89.38","2019-02-11_to_2021-02-11_ALLPortfolio_20QRank","91.78","89.11","89.11","2019-03-11_to_2021-03-11_ALLPortfolio_20QRank","75.13","86.26","86.26","2019-04-10_to_2021-04-11_ALLPortfolio_20QRank","63.15","87.46","87.46","2019-05-10_to_2021-05-11_ALLPortfolio_20QRank","66.89","86.5","86.5","2019-06-10_to_2021-06-11_ALLPortfolio_20QRank","64.96","85.39","85.39","2019-07-10_to_2021-07-11_ALLPortfolio_20QRank","65.09","86.04","86.04","2019-08-12_to_2021-08-11_ALLPortfolio_20QRank","67.95","86.62","86.62","2019-09-10_to_2021-09-11_ALLPortfolio_20QRank","60.39","86.86","86.86"
"21",NA,"2018-05-10_to_2020-05-11_S&P500_Index","-","-","-","2018-06-11_to_2020-06-11_S&P500_Index","-","-","-","2018-07-10_to_2020-07-11_S&P500_Index","-","-","-","2018-08-10_to_2020-08-11_S&P500_Index","-","-","-","2018-09-10_to_2020-09-11_S&P500_Index","-","-","-","2018-10-10_to_2020-10-11_S&P500_Index","-","-","-","2018-11-12_to_2020-11-11_S&P500_Index","-","-","-","2018-12-10_to_2020-12-11_S&P500_Index","-","-","-","2019-01-10_to_2021-01-11_S&P500_Index","-","-","-","2019-02-11_to_2021-02-11_S&P500_Index","-","-","-","2019-03-11_to_2021-03-11_S&P500_Index","-","-","-","2019-04-10_to_2021-04-11_S&P500_Index","-","-","-","2019-05-10_to_2021-05-11_S&P500_Index","-","-","-","2019-06-10_to_2021-06-11_S&P500_Index","-","-","-","2019-07-10_to_2021-07-11_S&P500_Index","-","-","-","2019-08-12_to_2021-08-11_S&P500_Index","-","-","-","2019-09-10_to_2021-09-11_S&P500_Index","-","-","-"
"22",NA,"Max Drawdown",NA,NA,NA,"Max Drawdown",NA,NA,NA,"Max Drawdown",NA,NA,NA,"Max Drawdown",NA,NA,NA,"Max Drawdown",NA,NA,NA,"Max Drawdown",NA,NA,NA,"Max Drawdown",NA,NA,NA,"Max Drawdown",NA,NA,NA,"Max Drawdown",NA,NA,NA,"Max Drawdown",NA,NA,NA,"Max Drawdown",NA,NA,NA,"Max Drawdown",NA,NA,NA,"Max Drawdown",NA,NA,NA,"Max Drawdown",NA,NA,NA,"Max Drawdown",NA,NA,NA,"Max Drawdown",NA,NA,NA,"Max Drawdown",NA,NA,NA
"23",NA,"2018-05-10_to_2020-05-11_ALLPortfolio_20QRank","-35.7742","-35.7742","-35.7742","2018-06-11_to_2020-06-11_ALLPortfolio_20QRank","-36.1158","-36.1158","-36.1158","2018-07-10_to_2020-07-11_ALLPortfolio_20QRank","-36.1714","-36.1714","-36.1714","2018-08-10_to_2020-08-11_ALLPortfolio_20QRank","-36.9653","-36.9653","-36.9653","2018-09-10_to_2020-09-11_ALLPortfolio_20QRank","-36.4699","-36.4699","-36.4699","2018-10-10_to_2020-10-11_ALLPortfolio_20QRank","-36.7736","-36.7736","-36.7736","2018-11-12_to_2020-11-11_ALLPortfolio_20QRank","-36.8767","-36.8767","-36.8767","2018-12-10_to_2020-12-11_ALLPortfolio_20QRank","-36.3373","-36.3373","-36.3373","2019-01-10_to_2021-01-11_ALLPortfolio_20QRank","-36.744","-36.744","-36.744","2019-02-11_to_2021-02-11_ALLPortfolio_20QRank","-36.5194","-36.5194","-36.5194","2019-03-11_to_2021-03-11_ALLPortfolio_20QRank","-18.813","-36.1563","-36.1563","2019-04-10_to_2021-04-11_ALLPortfolio_20QRank","-8.3712","-35.8993","-35.8993","2019-05-10_to_2021-05-11_ALLPortfolio_20QRank","-8.4926","-36.5057","-36.5057","2019-06-10_to_2021-06-11_ALLPortfolio_20QRank","-8.337","-36.6543","-36.6543","2019-07-10_to_2021-07-11_ALLPortfolio_20QRank","-8.3668","-36.4637","-36.4637","2019-08-12_to_2021-08-11_ALLPortfolio_20QRank","-8.4951","-37.3972","-37.3972","2019-09-10_to_2021-09-11_ALLPortfolio_20QRank","-6.2587","-36.9857","-36.9857"
"24",NA,"2018-05-10_to_2020-05-11_S&P500_Index","-33.925","-33.925","-33.925","2018-06-11_to_2020-06-11_S&P500_Index","-33.925","-33.925","-33.925","2018-07-10_to_2020-07-11_S&P500_Index","-33.925","-33.925","-33.925","2018-08-10_to_2020-08-11_S&P500_Index","-33.925","-33.925","-33.925","2018-09-10_to_2020-09-11_S&P500_Index","-33.925","-33.925","-33.925","2018-10-10_to_2020-10-11_S&P500_Index","-33.925","-33.925","-33.925","2018-11-12_to_2020-11-11_S&P500_Index","-33.925","-33.925","-33.925","2018-12-10_to_2020-12-11_S&P500_Index","-33.925","-33.925","-33.925","2019-01-10_to_2021-01-11_S&P500_Index","-33.925","-33.925","-33.925","2019-02-11_to_2021-02-11_S&P500_Index","-33.925","-33.925","-33.925","2019-03-11_to_2021-03-11_S&P500_Index","-22.3726","-33.925","-33.925","2019-04-10_to_2021-04-11_S&P500_Index","-9.6044","-33.925","-33.925","2019-05-10_to_2021-05-11_S&P500_Index","-9.6045","-33.925","-33.925","2019-06-10_to_2021-06-11_S&P500_Index","-9.6044","-33.925","-33.925","2019-07-10_to_2021-07-11_S&P500_Index","-9.6045","-33.925","-33.925","2019-08-12_to_2021-08-11_S&P500_Index","-9.6044","-33.925","-33.925","2019-09-10_to_2021-09-11_S&P500_Index","-9.6044","-33.925","-33.925"
