"","NA","Var.2","1 Years","2 Years","2018-2020","Var.6","1 Years","2 Years","2018-2020","Var.10","1 Years","2 Years","2018-2020","Var.14","1 Years","2 Years","2018-2020","Var.18","1 Years","2 Years","2018-2020","Var.22","1 Years","2 Years","2018-2020","Var.26","1 Years","2 Years","2018-2020","Var.30","1 Years","2 Years","2018-2020","Var.34","1 Years","2 Years","2018-2020","Var.38","1 Years","2 Years","2018-2020","Var.42","1 Years","2 Years","2018-2020","Var.46","1 Years","2 Years","2018-2020","Var.50","1 Years","2 Years","2019-2021","Var.54","1 Years","2 Years","2019-2021","Var.58","1 Years","2 Years","2019-2021","Var.62","1 Years","2 Years","2019-2021","Var.66","1 Years","2 Years","2019-2021","Var.70","1 Years","2 Years","2019-2021","Var.74","1 Years","2 Years","2019-2021","Var.78","1 Years","2 Years","2019-2021","Var.82","1 Years","2 Years","2019-2021"
"1",NA,"Annualized Returns",NA,NA,NA,"Annualized Returns",NA,NA,NA,"Annualized Returns",NA,NA,NA,"Annualized Returns",NA,NA,NA,"Annualized Returns",NA,NA,NA,"Annualized Returns",NA,NA,NA,"Annualized Returns",NA,NA,NA,"Annualized Returns",NA,NA,NA,"Annualized Returns",NA,NA,NA,"Annualized Returns",NA,NA,NA,"Annualized Returns",NA,NA,NA,"Annualized Returns",NA,NA,NA,"Annualized Returns",NA,NA,NA,"Annualized Returns",NA,NA,NA,"Annualized Returns",NA,NA,NA,"Annualized Returns",NA,NA,NA,"Annualized Returns",NA,NA,NA,"Annualized Returns",NA,NA,NA,"Annualized Returns",NA,NA,NA,"Annualized Returns",NA,NA,NA,"Annualized Returns",NA,NA,NA
"2",NA,"2018-01-09_to_2020-01-10_ALLPortfolio_6QRank","23.433","8.889","8.721","2018-02-09_to_2020-02-10_ALLPortfolio_6QRank","18.724","12.624","12.624","2018-03-09_to_2020-03-10_ALLPortfolio_6QRank","2.782","2.253","2.295","2018-04-09_to_2020-04-10_ALLPortfolio_6QRank","-7.577","0.714","1.334","2018-05-09_to_2020-05-10_ALLPortfolio_6QRank","1.857","4.209","4.209","2018-06-11_to_2020-06-10_ALLPortfolio_6QRank","9.403","6.205","6.205","2018-07-09_to_2020-07-10_ALLPortfolio_6QRank","2.61","4.532","4.21","2018-08-09_to_2020-08-10_ALLPortfolio_6QRank","15.13","8.058","7.684","2018-09-10_to_2020-09-10_ALLPortfolio_6QRank","10.5","6.927","7.025","2018-10-09_to_2020-10-10_ALLPortfolio_6QRank","25.68","15.796","13.963","2018-11-09_to_2020-11-10_ALLPortfolio_6QRank","18.834","15.783","14.63","2018-12-10_to_2020-12-10_ALLPortfolio_6QRank","22.912","20.319","20.274","2019-01-09_to_2021-01-10_ALLPortfolio_6QRank","28.546","26.342","26.342","2019-02-11_to_2021-02-10_ALLPortfolio_6QRank","30.37","24.652","24.652","2019-03-11_to_2021-03-10_ALLPortfolio_6QRank","52.307","22.251","22.251","2019-04-09_to_2021-04-10_ALLPortfolio_6QRank","71.924","22.99","23.366","2019-05-09_to_2021-05-10_ALLPortfolio_6QRank","61.909","24.83","24.93","2019-06-10_to_2021-06-10_ALLPortfolio_6QRank","50.257","26.75","26.686","2019-07-09_to_2021-07-10_ALLPortfolio_6QRank","58.58","26.462","26.54","2019-08-09_to_2021-08-10_ALLPortfolio_6QRank","47.176","28.761","27.703","2019-09-09_to_2021-09-10_ALLPortfolio_6QRank","51.02","28.519","28.519"
"3",NA,"2018-01-09_to_2020-01-10_S&P500_Index","25.753","9.003","8.93","2018-02-09_to_2020-02-10_S&P500_Index","23.775","13.102","13.102","2018-03-09_to_2020-03-10_S&P500_Index","3.554","1.769","1.697","2018-04-09_to_2020-04-10_S&P500_Index","-3.41","2.756","3.316","2018-05-09_to_2020-05-10_S&P500_Index","2.058","4.211","4.211","2018-06-11_to_2020-06-10_S&P500_Index","10.549","7.084","7.084","2018-07-09_to_2020-07-10_S&P500_Index","6.171","7.153","6.937","2018-08-09_to_2020-08-10_S&P500_Index","16.607","8.894","8.495","2018-09-10_to_2020-09-10_S&P500_Index","11.272","7.53","7.72","2018-10-09_to_2020-10-10_S&P500_Index","18.345","11.724","9.858","2018-11-09_to_2020-11-10_S&P500_Index","14.853","14.061","12.874","2018-12-10_to_2020-12-10_S&P500_Index","16.758","17.946","17.899","2019-01-09_to_2021-01-10_S&P500_Index","16.795","21.638","21.638","2019-02-11_to_2021-02-10_S&P500_Index","14.752","19.244","19.244","2019-03-11_to_2021-03-10_S&P500_Index","33.684","17.659","17.659","2019-04-09_to_2021-04-10_S&P500_Index","47.995","19.563","19.741","2019-05-09_to_2021-05-10_S&P500_Index","43.081","20.535","20.727","2019-06-10_to_2021-06-10_S&P500_Index","32.884","21.203","21.15","2019-07-09_to_2021-07-10_S&P500_Index","38.626","20.826","21.066","2019-08-09_to_2021-08-10_S&P500_Index","32.028","24.089","23.223","2019-09-09_to_2021-09-10_S&P500_Index","32.074","23.291","23.291"
"4",NA,"Volatility",NA,NA,NA,"Volatility",NA,NA,NA,"Volatility",NA,NA,NA,"Volatility",NA,NA,NA,"Volatility",NA,NA,NA,"Volatility",NA,NA,NA,"Volatility",NA,NA,NA,"Volatility",NA,NA,NA,"Volatility",NA,NA,NA,"Volatility",NA,NA,NA,"Volatility",NA,NA,NA,"Volatility",NA,NA,NA,"Volatility",NA,NA,NA,"Volatility",NA,NA,NA,"Volatility",NA,NA,NA,"Volatility",NA,NA,NA,"Volatility",NA,NA,NA,"Volatility",NA,NA,NA,"Volatility",NA,NA,NA,"Volatility",NA,NA,NA,"Volatility",NA,NA,NA
"5",NA,"2018-01-09_to_2020-01-10_ALLPortfolio_6QRank","12.63","16.3","16.3","2018-02-09_to_2020-02-10_ALLPortfolio_6QRank","12.2","15.82","15.82","2018-03-09_to_2020-03-10_ALLPortfolio_6QRank","14.32","16.55","16.55","2018-04-09_to_2020-04-10_ALLPortfolio_6QRank","23.5","21.23","21.23","2018-05-09_to_2020-05-10_ALLPortfolio_6QRank","27.32","23.14","23.14","2018-06-11_to_2020-06-10_ALLPortfolio_6QRank","28.04","23.96","23.96","2018-07-09_to_2020-07-10_ALLPortfolio_6QRank","27.42","23.75","23.75","2018-08-09_to_2020-08-10_ALLPortfolio_6QRank","28.21","24.51","24.51","2018-09-10_to_2020-09-10_ALLPortfolio_6QRank","29.51","25.23","25.23","2018-10-09_to_2020-10-10_ALLPortfolio_6QRank","30.15","24.62","24.62","2018-11-09_to_2020-11-10_ALLPortfolio_6QRank","29.19","24.26","24.26","2018-12-10_to_2020-12-10_ALLPortfolio_6QRank","32.4","24.6","24.6","2019-01-09_to_2021-01-10_ALLPortfolio_6QRank","32.25","23.67","23.67","2019-02-11_to_2021-02-10_ALLPortfolio_6QRank","31.21","24.47","24.47","2019-03-11_to_2021-03-10_ALLPortfolio_6QRank","20.2","24.62","24.62","2019-04-09_to_2021-04-10_ALLPortfolio_6QRank","16.92","25.13","25.13","2019-05-09_to_2021-05-10_ALLPortfolio_6QRank","16.24","23.78","23.78","2019-06-10_to_2021-06-10_ALLPortfolio_6QRank","16.71","23.8","23.8","2019-07-09_to_2021-07-10_ALLPortfolio_6QRank","16.06","23.59","23.59","2019-08-09_to_2021-08-10_ALLPortfolio_6QRank","15.76","23.62","23.62","2019-09-09_to_2021-09-10_ALLPortfolio_6QRank","14.08","23.58","23.58"
"6",NA,"2018-01-09_to_2020-01-10_S&P500_Index","11.95","14.53","14.53","2018-02-09_to_2020-02-10_S&P500_Index","11.99","14.13","14.13","2018-03-09_to_2020-03-10_S&P500_Index","15.74","15.45","15.45","2018-04-09_to_2020-04-10_S&P500_Index","20.15","18.12","18.12","2018-05-09_to_2020-05-10_S&P500_Index","23.54","20.27","20.27","2018-06-11_to_2020-06-10_S&P500_Index","22.92","20.48","20.48","2018-07-09_to_2020-07-10_S&P500_Index","22.95","20.38","20.38","2018-08-09_to_2020-08-10_S&P500_Index","23.31","20.62","20.62","2018-09-10_to_2020-09-10_S&P500_Index","24.08","21.11","21.11","2018-10-09_to_2020-10-10_S&P500_Index","24.78","20.6","20.6","2018-11-09_to_2020-11-10_S&P500_Index","24.95","20.78","20.78","2018-12-10_to_2020-12-10_S&P500_Index","27.08","20.49","20.49","2019-01-09_to_2021-01-10_S&P500_Index","27.13","20.03","20.03","2019-02-11_to_2021-02-10_S&P500_Index","24.53","20.01","20.01","2019-03-11_to_2021-03-10_S&P500_Index","17.78","20.05","20.05","2019-04-09_to_2021-04-10_S&P500_Index","14.57","20","20","2019-05-09_to_2021-05-10_S&P500_Index","14.69","19.21","19.21","2019-06-10_to_2021-06-10_S&P500_Index","14.87","18.87","18.87","2019-07-09_to_2021-07-10_S&P500_Index","14.57","18.87","18.87","2019-08-09_to_2021-08-10_S&P500_Index","13.66","18.68","18.68","2019-09-09_to_2021-09-10_S&P500_Index","11.73","18.7","18.7"
"7",NA,"Tracking Error",NA,NA,NA,"Tracking Error",NA,NA,NA,"Tracking Error",NA,NA,NA,"Tracking Error",NA,NA,NA,"Tracking Error",NA,NA,NA,"Tracking Error",NA,NA,NA,"Tracking Error",NA,NA,NA,"Tracking Error",NA,NA,NA,"Tracking Error",NA,NA,NA,"Tracking Error",NA,NA,NA,"Tracking Error",NA,NA,NA,"Tracking Error",NA,NA,NA,"Tracking Error",NA,NA,NA,"Tracking Error",NA,NA,NA,"Tracking Error",NA,NA,NA,"Tracking Error",NA,NA,NA,"Tracking Error",NA,NA,NA,"Tracking Error",NA,NA,NA,"Tracking Error",NA,NA,NA,"Tracking Error",NA,NA,NA,"Tracking Error",NA,NA,NA
"8",NA,"2018-01-09_to_2020-01-10_ALLPortfolio_6QRank","2.34","3.64","3.64","2018-02-09_to_2020-02-10_ALLPortfolio_6QRank","1.78","3.59","3.59","2018-03-09_to_2020-03-10_ALLPortfolio_6QRank","2.85","3.8","3.8","2018-04-09_to_2020-04-10_ALLPortfolio_6QRank","6.29","5.29","5.29","2018-05-09_to_2020-05-10_ALLPortfolio_6QRank","5.54","4.72","4.72","2018-06-11_to_2020-06-10_ALLPortfolio_6QRank","7.08","5.47","5.47","2018-07-09_to_2020-07-10_ALLPortfolio_6QRank","6.05","4.73","4.73","2018-08-09_to_2020-08-10_ALLPortfolio_6QRank","6.57","5.28","5.28","2018-09-10_to_2020-09-10_ALLPortfolio_6QRank","7.68","5.86","5.86","2018-10-09_to_2020-10-10_ALLPortfolio_6QRank","7.66","5.91","5.91","2018-11-09_to_2020-11-10_ALLPortfolio_6QRank","7.48","5.87","5.87","2018-12-10_to_2020-12-10_ALLPortfolio_6QRank","8.17","6.32","6.32","2019-01-09_to_2021-01-10_ALLPortfolio_6QRank","8.18","6.1","6.1","2019-02-11_to_2021-02-10_ALLPortfolio_6QRank","9.09","6.65","6.65","2019-03-11_to_2021-03-10_ALLPortfolio_6QRank","6.6","7.02","7.02","2019-04-09_to_2021-04-10_ALLPortfolio_6QRank","6.62","7.4","7.4","2019-05-09_to_2021-05-10_ALLPortfolio_6QRank","6.55","7.05","7.05","2019-06-10_to_2021-06-10_ALLPortfolio_6QRank","6.83","7.43","7.43","2019-07-09_to_2021-07-10_ALLPortfolio_6QRank","6.88","7.39","7.39","2019-08-09_to_2021-08-10_ALLPortfolio_6QRank","7.28","7.66","7.66","2019-09-09_to_2021-09-10_ALLPortfolio_6QRank","7.38","7.77","7.77"
"9",NA,"2018-01-09_to_2020-01-10_S&P500_Index","-","-","-","2018-02-09_to_2020-02-10_S&P500_Index","-","-","-","2018-03-09_to_2020-03-10_S&P500_Index","-","-","-","2018-04-09_to_2020-04-10_S&P500_Index","-","-","-","2018-05-09_to_2020-05-10_S&P500_Index","-","-","-","2018-06-11_to_2020-06-10_S&P500_Index","-","-","-","2018-07-09_to_2020-07-10_S&P500_Index","-","-","-","2018-08-09_to_2020-08-10_S&P500_Index","-","-","-","2018-09-10_to_2020-09-10_S&P500_Index","-","-","-","2018-10-09_to_2020-10-10_S&P500_Index","-","-","-","2018-11-09_to_2020-11-10_S&P500_Index","-","-","-","2018-12-10_to_2020-12-10_S&P500_Index","-","-","-","2019-01-09_to_2021-01-10_S&P500_Index","-","-","-","2019-02-11_to_2021-02-10_S&P500_Index","-","-","-","2019-03-11_to_2021-03-10_S&P500_Index","-","-","-","2019-04-09_to_2021-04-10_S&P500_Index","-","-","-","2019-05-09_to_2021-05-10_S&P500_Index","-","-","-","2019-06-10_to_2021-06-10_S&P500_Index","-","-","-","2019-07-09_to_2021-07-10_S&P500_Index","-","-","-","2019-08-09_to_2021-08-10_S&P500_Index","-","-","-","2019-09-09_to_2021-09-10_S&P500_Index","-","-","-"
"10",NA,"Information Ratio",NA,NA,NA,"Information Ratio",NA,NA,NA,"Information Ratio",NA,NA,NA,"Information Ratio",NA,NA,NA,"Information Ratio",NA,NA,NA,"Information Ratio",NA,NA,NA,"Information Ratio",NA,NA,NA,"Information Ratio",NA,NA,NA,"Information Ratio",NA,NA,NA,"Information Ratio",NA,NA,NA,"Information Ratio",NA,NA,NA,"Information Ratio",NA,NA,NA,"Information Ratio",NA,NA,NA,"Information Ratio",NA,NA,NA,"Information Ratio",NA,NA,NA,"Information Ratio",NA,NA,NA,"Information Ratio",NA,NA,NA,"Information Ratio",NA,NA,NA,"Information Ratio",NA,NA,NA,"Information Ratio",NA,NA,NA,"Information Ratio",NA,NA,NA
"11",NA,"2018-01-09_to_2020-01-10_ALLPortfolio_6QRank","-0.99","-0.03","-0.06","2018-02-09_to_2020-02-10_ALLPortfolio_6QRank","-2.84","-0.13","-0.13","2018-03-09_to_2020-03-10_ALLPortfolio_6QRank","-0.27","0.13","0.16","2018-04-09_to_2020-04-10_ALLPortfolio_6QRank","-0.66","-0.39","-0.37","2018-05-09_to_2020-05-10_ALLPortfolio_6QRank","-0.04","0","0","2018-06-11_to_2020-06-10_ALLPortfolio_6QRank","-0.16","-0.16","-0.16","2018-07-09_to_2020-07-10_ALLPortfolio_6QRank","-0.59","-0.55","-0.58","2018-08-09_to_2020-08-10_ALLPortfolio_6QRank","-0.22","-0.16","-0.15","2018-09-10_to_2020-09-10_ALLPortfolio_6QRank","-0.1","-0.1","-0.12","2018-10-09_to_2020-10-10_ALLPortfolio_6QRank","0.96","0.69","0.69","2018-11-09_to_2020-11-10_ALLPortfolio_6QRank","0.53","0.29","0.3","2018-12-10_to_2020-12-10_ALLPortfolio_6QRank","0.75","0.38","0.38","2019-01-09_to_2021-01-10_ALLPortfolio_6QRank","1.44","0.77","0.77","2019-02-11_to_2021-02-10_ALLPortfolio_6QRank","1.72","0.81","0.81","2019-03-11_to_2021-03-10_ALLPortfolio_6QRank","2.82","0.65","0.65","2019-04-09_to_2021-04-10_ALLPortfolio_6QRank","3.61","0.46","0.49","2019-05-09_to_2021-05-10_ALLPortfolio_6QRank","2.87","0.61","0.6","2019-06-10_to_2021-06-10_ALLPortfolio_6QRank","2.54","0.75","0.75","2019-07-09_to_2021-07-10_ALLPortfolio_6QRank","2.9","0.76","0.74","2019-08-09_to_2021-08-10_ALLPortfolio_6QRank","2.08","0.61","0.58","2019-09-09_to_2021-09-10_ALLPortfolio_6QRank","2.57","0.67","0.67"
"12",NA,"2018-01-09_to_2020-01-10_S&P500_Index","-","-","-","2018-02-09_to_2020-02-10_S&P500_Index","-","-","-","2018-03-09_to_2020-03-10_S&P500_Index","-","-","-","2018-04-09_to_2020-04-10_S&P500_Index","-","-","-","2018-05-09_to_2020-05-10_S&P500_Index","-","-","-","2018-06-11_to_2020-06-10_S&P500_Index","-","-","-","2018-07-09_to_2020-07-10_S&P500_Index","-","-","-","2018-08-09_to_2020-08-10_S&P500_Index","-","-","-","2018-09-10_to_2020-09-10_S&P500_Index","-","-","-","2018-10-09_to_2020-10-10_S&P500_Index","-","-","-","2018-11-09_to_2020-11-10_S&P500_Index","-","-","-","2018-12-10_to_2020-12-10_S&P500_Index","-","-","-","2019-01-09_to_2021-01-10_S&P500_Index","-","-","-","2019-02-11_to_2021-02-10_S&P500_Index","-","-","-","2019-03-11_to_2021-03-10_S&P500_Index","-","-","-","2019-04-09_to_2021-04-10_S&P500_Index","-","-","-","2019-05-09_to_2021-05-10_S&P500_Index","-","-","-","2019-06-10_to_2021-06-10_S&P500_Index","-","-","-","2019-07-09_to_2021-07-10_S&P500_Index","-","-","-","2019-08-09_to_2021-08-10_S&P500_Index","-","-","-","2019-09-09_to_2021-09-10_S&P500_Index","-","-","-"
"13",NA,"Alpha Stat",NA,NA,NA,"Alpha Stat",NA,NA,NA,"Alpha Stat",NA,NA,NA,"Alpha Stat",NA,NA,NA,"Alpha Stat",NA,NA,NA,"Alpha Stat",NA,NA,NA,"Alpha Stat",NA,NA,NA,"Alpha Stat",NA,NA,NA,"Alpha Stat",NA,NA,NA,"Alpha Stat",NA,NA,NA,"Alpha Stat",NA,NA,NA,"Alpha Stat",NA,NA,NA,"Alpha Stat",NA,NA,NA,"Alpha Stat",NA,NA,NA,"Alpha Stat",NA,NA,NA,"Alpha Stat",NA,NA,NA,"Alpha Stat",NA,NA,NA,"Alpha Stat",NA,NA,NA,"Alpha Stat",NA,NA,NA,"Alpha Stat",NA,NA,NA,"Alpha Stat",NA,NA,NA
"14",NA,"2018-01-09_to_2020-01-10_ALLPortfolio_6QRank","-0.23","-0.01","-0.01","2018-02-09_to_2020-02-10_ALLPortfolio_6QRank","-0.31","-0.05","-0.05","2018-03-09_to_2020-03-10_ALLPortfolio_6QRank","0.16","0.06","0.06","2018-04-09_to_2020-04-10_ALLPortfolio_6QRank","-0.26","-0.22","-0.22","2018-05-09_to_2020-05-10_ALLPortfolio_6QRank","-0.15","-0.1","-0.1","2018-06-11_to_2020-06-10_ALLPortfolio_6QRank","-0.03","-0.1","-0.1","2018-07-09_to_2020-07-10_ALLPortfolio_6QRank","-0.28","-0.13","-0.13","2018-08-09_to_2020-08-10_ALLPortfolio_6QRank","-0.22","-0.15","-0.15","2018-09-10_to_2020-09-10_ALLPortfolio_6QRank","-0.28","-0.13","-0.13","2018-10-09_to_2020-10-10_ALLPortfolio_6QRank","0.26","0.08","0.08","2018-11-09_to_2020-11-10_ALLPortfolio_6QRank","0.26","0.07","0.07","2018-12-10_to_2020-12-10_ALLPortfolio_6QRank","0.33","-0.02","-0.02","2019-01-09_to_2021-01-10_ALLPortfolio_6QRank","0.52","0.02","0.02","2019-02-11_to_2021-02-10_ALLPortfolio_6QRank","0.05","-0.13","-0.13","2019-03-11_to_2021-03-10_ALLPortfolio_6QRank","1.18","0.06","0.06","2019-04-09_to_2021-04-10_ALLPortfolio_6QRank","1.27","0.13","0.13","2019-05-09_to_2021-05-10_ALLPortfolio_6QRank","0.99","0.05","0.05","2019-06-10_to_2021-06-10_ALLPortfolio_6QRank","1.18","0.11","0.11","2019-07-09_to_2021-07-10_ALLPortfolio_6QRank","1.22","0.15","0.15","2019-08-09_to_2021-08-10_ALLPortfolio_6QRank","1.05","0.04","0.04","2019-09-09_to_2021-09-10_ALLPortfolio_6QRank","1.02","0.01","0.01"
"15",NA,"2018-01-09_to_2020-01-10_S&P500_Index","-","-","-","2018-02-09_to_2020-02-10_S&P500_Index","-","-","-","2018-03-09_to_2020-03-10_S&P500_Index","-","-","-","2018-04-09_to_2020-04-10_S&P500_Index","-","-","-","2018-05-09_to_2020-05-10_S&P500_Index","-","-","-","2018-06-11_to_2020-06-10_S&P500_Index","-","-","-","2018-07-09_to_2020-07-10_S&P500_Index","-","-","-","2018-08-09_to_2020-08-10_S&P500_Index","-","-","-","2018-09-10_to_2020-09-10_S&P500_Index","-","-","-","2018-10-09_to_2020-10-10_S&P500_Index","-","-","-","2018-11-09_to_2020-11-10_S&P500_Index","-","-","-","2018-12-10_to_2020-12-10_S&P500_Index","-","-","-","2019-01-09_to_2021-01-10_S&P500_Index","-","-","-","2019-02-11_to_2021-02-10_S&P500_Index","-","-","-","2019-03-11_to_2021-03-10_S&P500_Index","-","-","-","2019-04-09_to_2021-04-10_S&P500_Index","-","-","-","2019-05-09_to_2021-05-10_S&P500_Index","-","-","-","2019-06-10_to_2021-06-10_S&P500_Index","-","-","-","2019-07-09_to_2021-07-10_S&P500_Index","-","-","-","2019-08-09_to_2021-08-10_S&P500_Index","-","-","-","2019-09-09_to_2021-09-10_S&P500_Index","-","-","-"
"16",NA,"Beta Stat",NA,NA,NA,"Beta Stat",NA,NA,NA,"Beta Stat",NA,NA,NA,"Beta Stat",NA,NA,NA,"Beta Stat",NA,NA,NA,"Beta Stat",NA,NA,NA,"Beta Stat",NA,NA,NA,"Beta Stat",NA,NA,NA,"Beta Stat",NA,NA,NA,"Beta Stat",NA,NA,NA,"Beta Stat",NA,NA,NA,"Beta Stat",NA,NA,NA,"Beta Stat",NA,NA,NA,"Beta Stat",NA,NA,NA,"Beta Stat",NA,NA,NA,"Beta Stat",NA,NA,NA,"Beta Stat",NA,NA,NA,"Beta Stat",NA,NA,NA,"Beta Stat",NA,NA,NA,"Beta Stat",NA,NA,NA,"Beta Stat",NA,NA,NA
"17",NA,"2018-01-09_to_2020-01-10_ALLPortfolio_6QRank","1.04","1.1","1.1","2018-02-09_to_2020-02-10_ALLPortfolio_6QRank","1.01","1.09","1.09","2018-03-09_to_2020-03-10_ALLPortfolio_6QRank","0.9","1.04","1.04","2018-04-09_to_2020-04-10_ALLPortfolio_6QRank","1.13","1.14","1.14","2018-05-09_to_2020-05-10_ALLPortfolio_6QRank","1.15","1.12","1.12","2018-06-11_to_2020-06-10_ALLPortfolio_6QRank","1.2","1.15","1.15","2018-07-09_to_2020-07-10_ALLPortfolio_6QRank","1.18","1.15","1.15","2018-08-09_to_2020-08-10_ALLPortfolio_6QRank","1.19","1.17","1.17","2018-09-10_to_2020-09-10_ALLPortfolio_6QRank","1.2","1.18","1.18","2018-10-09_to_2020-10-10_ALLPortfolio_6QRank","1.19","1.17","1.17","2018-11-09_to_2020-11-10_ALLPortfolio_6QRank","1.14","1.14","1.14","2018-12-10_to_2020-12-10_ALLPortfolio_6QRank","1.17","1.17","1.17","2019-01-09_to_2021-01-10_ALLPortfolio_6QRank","1.16","1.15","1.15","2019-02-11_to_2021-02-10_ALLPortfolio_6QRank","1.24","1.19","1.19","2019-03-11_to_2021-03-10_ALLPortfolio_6QRank","1.08","1.19","1.19","2019-04-09_to_2021-04-10_ALLPortfolio_6QRank","1.07","1.22","1.22","2019-05-09_to_2021-05-10_ALLPortfolio_6QRank","1.01","1.2","1.2","2019-06-10_to_2021-06-10_ALLPortfolio_6QRank","1.03","1.22","1.22","2019-07-09_to_2021-07-10_ALLPortfolio_6QRank","1","1.2","1.2","2019-08-09_to_2021-08-10_ALLPortfolio_6QRank","1.02","1.21","1.21","2019-09-09_to_2021-09-10_ALLPortfolio_6QRank","1.02","1.21","1.21"
"18",NA,"2018-01-09_to_2020-01-10_S&P500_Index","-","-","-","2018-02-09_to_2020-02-10_S&P500_Index","-","-","-","2018-03-09_to_2020-03-10_S&P500_Index","-","-","-","2018-04-09_to_2020-04-10_S&P500_Index","-","-","-","2018-05-09_to_2020-05-10_S&P500_Index","-","-","-","2018-06-11_to_2020-06-10_S&P500_Index","-","-","-","2018-07-09_to_2020-07-10_S&P500_Index","-","-","-","2018-08-09_to_2020-08-10_S&P500_Index","-","-","-","2018-09-10_to_2020-09-10_S&P500_Index","-","-","-","2018-10-09_to_2020-10-10_S&P500_Index","-","-","-","2018-11-09_to_2020-11-10_S&P500_Index","-","-","-","2018-12-10_to_2020-12-10_S&P500_Index","-","-","-","2019-01-09_to_2021-01-10_S&P500_Index","-","-","-","2019-02-11_to_2021-02-10_S&P500_Index","-","-","-","2019-03-11_to_2021-03-10_S&P500_Index","-","-","-","2019-04-09_to_2021-04-10_S&P500_Index","-","-","-","2019-05-09_to_2021-05-10_S&P500_Index","-","-","-","2019-06-10_to_2021-06-10_S&P500_Index","-","-","-","2019-07-09_to_2021-07-10_S&P500_Index","-","-","-","2019-08-09_to_2021-08-10_S&P500_Index","-","-","-","2019-09-09_to_2021-09-10_S&P500_Index","-","-","-"
"19",NA,"R-Squared",NA,NA,NA,"R-Squared",NA,NA,NA,"R-Squared",NA,NA,NA,"R-Squared",NA,NA,NA,"R-Squared",NA,NA,NA,"R-Squared",NA,NA,NA,"R-Squared",NA,NA,NA,"R-Squared",NA,NA,NA,"R-Squared",NA,NA,NA,"R-Squared",NA,NA,NA,"R-Squared",NA,NA,NA,"R-Squared",NA,NA,NA,"R-Squared",NA,NA,NA,"R-Squared",NA,NA,NA,"R-Squared",NA,NA,NA,"R-Squared",NA,NA,NA,"R-Squared",NA,NA,NA,"R-Squared",NA,NA,NA,"R-Squared",NA,NA,NA,"R-Squared",NA,NA,NA,"R-Squared",NA,NA,NA
"20",NA,"2018-01-09_to_2020-01-10_ALLPortfolio_6QRank","96.33","95.59","95.59","2018-02-09_to_2020-02-10_ALLPortfolio_6QRank","97.63","95.34","95.34","2018-03-09_to_2020-03-10_ALLPortfolio_6QRank","97.02","94.65","94.65","2018-04-09_to_2020-04-10_ALLPortfolio_6QRank","93.46","95.08","95.08","2018-05-09_to_2020-05-10_ALLPortfolio_6QRank","97.19","96.89","96.89","2018-06-11_to_2020-06-10_ALLPortfolio_6QRank","95.91","96.26","96.26","2018-07-09_to_2020-07-10_ALLPortfolio_6QRank","97.1","97.63","97.63","2018-08-09_to_2020-08-10_ALLPortfolio_6QRank","96.8","97.39","97.39","2018-09-10_to_2020-09-10_ALLPortfolio_6QRank","95.43","96.59","96.59","2018-10-09_to_2020-10-10_ALLPortfolio_6QRank","95.6","96.16","96.16","2018-11-09_to_2020-11-10_ALLPortfolio_6QRank","94.27","95.41","95.41","2018-12-10_to_2020-12-10_ALLPortfolio_6QRank","95.17","95.27","95.27","2019-01-09_to_2021-01-10_ALLPortfolio_6QRank","94.9","94.78","94.78","2019-02-11_to_2021-02-10_ALLPortfolio_6QRank","94.54","94.85","94.85","2019-03-11_to_2021-03-10_ALLPortfolio_6QRank","88.62","94.07","94.07","2019-04-09_to_2021-04-10_ALLPortfolio_6QRank","83.44","94.16","94.16","2019-05-09_to_2021-05-10_ALLPortfolio_6QRank","81.95","93.49","93.49","2019-06-10_to_2021-06-10_ALLPortfolio_6QRank","81.51","92.89","92.89","2019-07-09_to_2021-07-10_ALLPortfolio_6QRank","79.62","92.5","92.5","2019-08-09_to_2021-08-10_ALLPortfolio_6QRank","76.33","92","92","2019-09-09_to_2021-09-10_ALLPortfolio_6QRank","69.55","91.5","91.5"
"21",NA,"2018-01-09_to_2020-01-10_S&P500_Index","-","-","-","2018-02-09_to_2020-02-10_S&P500_Index","-","-","-","2018-03-09_to_2020-03-10_S&P500_Index","-","-","-","2018-04-09_to_2020-04-10_S&P500_Index","-","-","-","2018-05-09_to_2020-05-10_S&P500_Index","-","-","-","2018-06-11_to_2020-06-10_S&P500_Index","-","-","-","2018-07-09_to_2020-07-10_S&P500_Index","-","-","-","2018-08-09_to_2020-08-10_S&P500_Index","-","-","-","2018-09-10_to_2020-09-10_S&P500_Index","-","-","-","2018-10-09_to_2020-10-10_S&P500_Index","-","-","-","2018-11-09_to_2020-11-10_S&P500_Index","-","-","-","2018-12-10_to_2020-12-10_S&P500_Index","-","-","-","2019-01-09_to_2021-01-10_S&P500_Index","-","-","-","2019-02-11_to_2021-02-10_S&P500_Index","-","-","-","2019-03-11_to_2021-03-10_S&P500_Index","-","-","-","2019-04-09_to_2021-04-10_S&P500_Index","-","-","-","2019-05-09_to_2021-05-10_S&P500_Index","-","-","-","2019-06-10_to_2021-06-10_S&P500_Index","-","-","-","2019-07-09_to_2021-07-10_S&P500_Index","-","-","-","2019-08-09_to_2021-08-10_S&P500_Index","-","-","-","2019-09-09_to_2021-09-10_S&P500_Index","-","-","-"
"22",NA,"Max Drawdown",NA,NA,NA,"Max Drawdown",NA,NA,NA,"Max Drawdown",NA,NA,NA,"Max Drawdown",NA,NA,NA,"Max Drawdown",NA,NA,NA,"Max Drawdown",NA,NA,NA,"Max Drawdown",NA,NA,NA,"Max Drawdown",NA,NA,NA,"Max Drawdown",NA,NA,NA,"Max Drawdown",NA,NA,NA,"Max Drawdown",NA,NA,NA,"Max Drawdown",NA,NA,NA,"Max Drawdown",NA,NA,NA,"Max Drawdown",NA,NA,NA,"Max Drawdown",NA,NA,NA,"Max Drawdown",NA,NA,NA,"Max Drawdown",NA,NA,NA,"Max Drawdown",NA,NA,NA,"Max Drawdown",NA,NA,NA,"Max Drawdown",NA,NA,NA,"Max Drawdown",NA,NA,NA
"23",NA,"2018-01-09_to_2020-01-10_ALLPortfolio_6QRank","-6.9547","-21.3286","-21.3286","2018-02-09_to_2020-02-10_ALLPortfolio_6QRank","-6.6873","-21.566","-21.566","2018-03-09_to_2020-03-10_ALLPortfolio_6QRank","-20.6445","-21.1374","-21.1374","2018-04-09_to_2020-04-10_ALLPortfolio_6QRank","-38.627","-38.627","-38.627","2018-05-09_to_2020-05-10_ALLPortfolio_6QRank","-37.722","-37.722","-37.722","2018-06-11_to_2020-06-10_ALLPortfolio_6QRank","-38.3269","-38.3269","-38.3269","2018-07-09_to_2020-07-10_ALLPortfolio_6QRank","-38.0939","-38.0939","-38.0939","2018-08-09_to_2020-08-10_ALLPortfolio_6QRank","-38.3243","-38.3243","-38.3243","2018-09-10_to_2020-09-10_ALLPortfolio_6QRank","-38.8033","-38.8033","-38.8033","2018-10-09_to_2020-10-10_ALLPortfolio_6QRank","-38.8756","-38.8756","-38.8756","2018-11-09_to_2020-11-10_ALLPortfolio_6QRank","-38.6764","-38.6764","-38.6764","2018-12-10_to_2020-12-10_ALLPortfolio_6QRank","-38.8824","-38.8824","-38.8824","2019-01-09_to_2021-01-10_ALLPortfolio_6QRank","-38.4924","-38.4924","-38.4924","2019-02-11_to_2021-02-10_ALLPortfolio_6QRank","-38.8473","-38.8473","-38.8473","2019-03-11_to_2021-03-10_ALLPortfolio_6QRank","-25.6441","-38.5338","-38.5338","2019-04-09_to_2021-04-10_ALLPortfolio_6QRank","-9.6246","-39.3703","-39.3703","2019-05-09_to_2021-05-10_ALLPortfolio_6QRank","-9.2788","-39.0299","-39.0299","2019-06-10_to_2021-06-10_ALLPortfolio_6QRank","-8.0376","-39.1873","-39.1873","2019-07-09_to_2021-07-10_ALLPortfolio_6QRank","-7.949","-39.2776","-39.2776","2019-08-09_to_2021-08-10_ALLPortfolio_6QRank","-8.0915","-40.2164","-40.2164","2019-09-09_to_2021-09-10_ALLPortfolio_6QRank","-6.197","-40.5431","-40.5431"
"24",NA,"2018-01-09_to_2020-01-10_S&P500_Index","-6.8361","-19.7782","-19.7782","2018-02-09_to_2020-02-10_S&P500_Index","-6.8361","-19.7782","-19.7782","2018-03-09_to_2020-03-10_S&P500_Index","-18.8884","-19.7782","-19.7782","2018-04-09_to_2020-04-10_S&P500_Index","-33.925","-33.925","-33.925","2018-05-09_to_2020-05-10_S&P500_Index","-33.925","-33.925","-33.925","2018-06-11_to_2020-06-10_S&P500_Index","-33.925","-33.925","-33.925","2018-07-09_to_2020-07-10_S&P500_Index","-33.925","-33.925","-33.925","2018-08-09_to_2020-08-10_S&P500_Index","-33.925","-33.925","-33.925","2018-09-10_to_2020-09-10_S&P500_Index","-33.925","-33.925","-33.925","2018-10-09_to_2020-10-10_S&P500_Index","-33.925","-33.925","-33.925","2018-11-09_to_2020-11-10_S&P500_Index","-33.925","-33.925","-33.925","2018-12-10_to_2020-12-10_S&P500_Index","-33.925","-33.925","-33.925","2019-01-09_to_2021-01-10_S&P500_Index","-33.925","-33.925","-33.925","2019-02-11_to_2021-02-10_S&P500_Index","-33.925","-33.925","-33.925","2019-03-11_to_2021-03-10_S&P500_Index","-22.3726","-33.925","-33.925","2019-04-09_to_2021-04-10_S&P500_Index","-9.6044","-33.925","-33.925","2019-05-09_to_2021-05-10_S&P500_Index","-9.6045","-33.925","-33.925","2019-06-10_to_2021-06-10_S&P500_Index","-9.6044","-33.925","-33.925","2019-07-09_to_2021-07-10_S&P500_Index","-9.6045","-33.925","-33.925","2019-08-09_to_2021-08-10_S&P500_Index","-9.6045","-33.925","-33.925","2019-09-09_to_2021-09-10_S&P500_Index","-7.4772","-33.925","-33.925"
