"","NA","Var.2","2018-2019","Var.4","2018-2019","Var.6","2018-2019","Var.8","2018-2019","Var.10","2018-2019","Var.12","2018-2019","Var.14","2018-2019","Var.16","2019-2020","Var.18","2019-2020","Var.20","2019-2020","Var.22","2019-2020","Var.24","2019-2020","Var.26","2019-2020","Var.28","2019-2020","Var.30","2019-2020","Var.32","2019-2020","Var.34","2019-2020","Var.36","2019-2020","Var.38","2019-2020","Var.40","2020-2021","Var.42","2020-2021","Var.44","2020-2021","Var.46","2020-2021","Var.48","2020-2021","Var.50","2020-2021","Var.52","2020-2021","Var.54","2020-2021","Var.56","2020-2021","Var.58","2020-2021","Var.60","2020-2021"
"1",NA,"Annualized Returns",NA,"Annualized Returns",NA,"Annualized Returns",NA,"Annualized Returns",NA,"Annualized Returns",NA,"Annualized Returns",NA,"Annualized Returns",NA,"Annualized Returns",NA,"Annualized Returns",NA,"Annualized Returns",NA,"Annualized Returns",NA,"Annualized Returns",NA,"Annualized Returns",NA,"Annualized Returns",NA,"Annualized Returns",NA,"Annualized Returns",NA,"Annualized Returns",NA,"Annualized Returns",NA,"Annualized Returns",NA,"Annualized Returns",NA,"Annualized Returns",NA,"Annualized Returns",NA,"Annualized Returns",NA,"Annualized Returns",NA,"Annualized Returns",NA,"Annualized Returns",NA,"Annualized Returns",NA,"Annualized Returns",NA,"Annualized Returns",NA,"Annualized Returns",NA
"2",NA,"2018-06-28_to_2019-06-29_ValuePortfolio_20QRank","-2.427","2018-07-30_to_2019-07-29_ValuePortfolio_20QRank","-3.602","2018-08-28_to_2019-08-29_ValuePortfolio_20QRank","-8.509","2018-09-28_to_2019-09-29_ValuePortfolio_20QRank","-4.207","2018-10-29_to_2019-10-29_ValuePortfolio_20QRank","7.404","2018-11-28_to_2019-11-29_ValuePortfolio_20QRank","0.63","2018-12-28_to_2019-12-29_ValuePortfolio_20QRank","21.711","2019-01-28_to_2020-01-29_ValuePortfolio_20QRank","6.704","2019-02-28_to_2020-02-29_ValuePortfolio_20QRank","-13.624","2019-03-28_to_2020-03-29_ValuePortfolio_20QRank","-36.786","2019-04-29_to_2020-04-29_ValuePortfolio_20QRank","-26.164","2019-05-28_to_2020-05-29_ValuePortfolio_20QRank","-16.933","2019-06-28_to_2020-06-29_ValuePortfolio_20QRank","-22.333","2019-07-29_to_2020-07-29_ValuePortfolio_20QRank","-20.167","2019-08-28_to_2020-08-29_ValuePortfolio_20QRank","1.824","2019-09-30_to_2020-09-29_ValuePortfolio_20QRank","-10.783","2019-10-28_to_2020-10-29_ValuePortfolio_20QRank","-17.646","2019-11-29_to_2020-11-29_ValuePortfolio_20QRank","-3.5","2019-12-30_to_2020-12-29_ValuePortfolio_20QRank","-8.06","2020-01-28_to_2021-01-29_ValuePortfolio_20QRank","2.765","2020-02-28_to_2021-03-01_ValuePortfolio_20QRank","32.363","2020-03-30_to_2021-03-29_ValuePortfolio_20QRank","125.832","2020-04-28_to_2021-04-29_ValuePortfolio_20QRank","89.766","2020-05-28_to_2021-05-29_ValuePortfolio_20QRank","93.303","2020-06-29_to_2021-06-29_ValuePortfolio_20QRank","87.191","2020-07-28_to_2021-07-29_ValuePortfolio_20QRank","68.508","2020-08-28_to_2021-08-29_ValuePortfolio_20QRank","62.772","2020-09-28_to_2021-09-29_ValuePortfolio_20QRank","83.514","2020-10-28_to_2021-10-29_ValuePortfolio_20QRank","89.225","2020-11-30_to_2021-11-29_ValuePortfolio_20QRank","40.816"
"3",NA,"2018-06-28_to_2019-06-29_S&P500_Index","8.3","2018-07-30_to_2019-07-29_S&P500_Index","7.814","2018-08-28_to_2019-08-29_S&P500_Index","0.362","2018-09-28_to_2019-09-29_S&P500_Index","1.645","2018-10-29_to_2019-10-29_S&P500_Index","14.979","2018-11-28_to_2019-11-29_S&P500_Index","14.726","2018-12-28_to_2019-12-29_S&P500_Index","30.439","2019-01-28_to_2020-01-29_S&P500_Index","23.992","2019-02-28_to_2020-02-29_S&P500_Index","6.096","2019-03-28_to_2020-03-29_S&P500_Index","-9.731","2019-04-29_to_2020-04-29_S&P500_Index","-0.215","2019-05-28_to_2020-05-29_S&P500_Index","9.16","2019-06-28_to_2020-06-29_S&P500_Index","3.008","2019-07-29_to_2020-07-29_S&P500_Index","8.14","2019-08-28_to_2020-08-29_S&P500_Index","19.949","2019-09-30_to_2020-09-29_S&P500_Index","12.051","2019-10-28_to_2020-10-29_S&P500_Index","8.643","2019-11-29_to_2020-11-29_S&P500_Index","15.882","2019-12-30_to_2020-12-29_S&P500_Index","15.7","2020-01-28_to_2021-01-29_S&P500_Index","13.113","2020-02-28_to_2021-03-01_S&P500_Index","26.344","2020-03-30_to_2021-03-29_S&P500_Index","51.356","2020-04-28_to_2021-04-29_S&P500_Index","43.271","2020-05-28_to_2021-05-29_S&P500_Index","38.762","2020-06-29_to_2021-06-29_S&P500_Index","40.565","2020-07-28_to_2021-07-29_S&P500_Index","35.622","2020-08-28_to_2021-08-29_S&P500_Index","28.634","2020-09-28_to_2021-09-29_S&P500_Index","30.7","2020-10-28_to_2021-10-29_S&P500_Index","39.131","2020-11-30_to_2021-11-29_S&P500_Index","28.629"
"4",NA,"Volatility",NA,"Volatility",NA,"Volatility",NA,"Volatility",NA,"Volatility",NA,"Volatility",NA,"Volatility",NA,"Volatility",NA,"Volatility",NA,"Volatility",NA,"Volatility",NA,"Volatility",NA,"Volatility",NA,"Volatility",NA,"Volatility",NA,"Volatility",NA,"Volatility",NA,"Volatility",NA,"Volatility",NA,"Volatility",NA,"Volatility",NA,"Volatility",NA,"Volatility",NA,"Volatility",NA,"Volatility",NA,"Volatility",NA,"Volatility",NA,"Volatility",NA,"Volatility",NA,"Volatility",NA
"5",NA,"2018-06-28_to_2019-06-29_ValuePortfolio_20QRank","20.02","2018-07-30_to_2019-07-29_ValuePortfolio_20QRank","21.53","2018-08-28_to_2019-08-29_ValuePortfolio_20QRank","23.2","2018-09-28_to_2019-09-29_ValuePortfolio_20QRank","24.15","2018-10-29_to_2019-10-29_ValuePortfolio_20QRank","24.75","2018-11-28_to_2019-11-29_ValuePortfolio_20QRank","25.9","2018-12-28_to_2019-12-29_ValuePortfolio_20QRank","22.31","2019-01-28_to_2020-01-29_ValuePortfolio_20QRank","17.88","2019-02-28_to_2020-02-29_ValuePortfolio_20QRank","20.19","2019-03-28_to_2020-03-29_ValuePortfolio_20QRank","23.46","2019-04-29_to_2020-04-29_ValuePortfolio_20QRank","34.06","2019-05-28_to_2020-05-29_ValuePortfolio_20QRank","40.55","2019-06-28_to_2020-06-29_ValuePortfolio_20QRank","41.11","2019-07-29_to_2020-07-29_ValuePortfolio_20QRank","39.38","2019-08-28_to_2020-08-29_ValuePortfolio_20QRank","42.12","2019-09-30_to_2020-09-29_ValuePortfolio_20QRank","41.55","2019-10-28_to_2020-10-29_ValuePortfolio_20QRank","40.13","2019-11-29_to_2020-11-29_ValuePortfolio_20QRank","40.05","2019-12-30_to_2020-12-29_ValuePortfolio_20QRank","43.98","2020-01-28_to_2021-01-29_ValuePortfolio_20QRank","44.77","2020-02-28_to_2021-03-01_ValuePortfolio_20QRank","27.47","2020-03-30_to_2021-03-29_ValuePortfolio_20QRank","36.5","2020-04-28_to_2021-04-29_ValuePortfolio_20QRank","29.59","2020-05-28_to_2021-05-29_ValuePortfolio_20QRank","28.88","2020-06-29_to_2021-06-29_ValuePortfolio_20QRank","27.85","2020-07-28_to_2021-07-29_ValuePortfolio_20QRank","29.27","2020-08-28_to_2021-08-29_ValuePortfolio_20QRank","31.66","2020-09-28_to_2021-09-29_ValuePortfolio_20QRank","30.66","2020-10-28_to_2021-10-29_ValuePortfolio_20QRank","31.45","2020-11-30_to_2021-11-29_ValuePortfolio_20QRank","15.89"
"6",NA,"2018-06-28_to_2019-06-29_S&P500_Index","18.65","2018-07-30_to_2019-07-29_S&P500_Index","19.65","2018-08-28_to_2019-08-29_S&P500_Index","19.47","2018-09-28_to_2019-09-29_S&P500_Index","19.61","2018-10-29_to_2019-10-29_S&P500_Index","17.84","2018-11-28_to_2019-11-29_S&P500_Index","17.85","2018-12-28_to_2019-12-29_S&P500_Index","13.57","2019-01-28_to_2020-01-29_S&P500_Index","11.95","2019-02-28_to_2020-02-29_S&P500_Index","11.99","2019-03-28_to_2020-03-29_S&P500_Index","15.74","2019-04-29_to_2020-04-29_S&P500_Index","20.15","2019-05-28_to_2020-05-29_S&P500_Index","23.54","2019-06-28_to_2020-06-29_S&P500_Index","24.14","2019-07-29_to_2020-07-29_S&P500_Index","22.95","2019-08-28_to_2020-08-29_S&P500_Index","23.31","2019-09-30_to_2020-09-29_S&P500_Index","24.08","2019-10-28_to_2020-10-29_S&P500_Index","24.78","2019-11-29_to_2020-11-29_S&P500_Index","24.95","2019-12-30_to_2020-12-29_S&P500_Index","27.08","2020-01-28_to_2021-01-29_S&P500_Index","27.13","2020-02-28_to_2021-03-01_S&P500_Index","18.1","2020-03-30_to_2021-03-29_S&P500_Index","18.1","2020-04-28_to_2021-04-29_S&P500_Index","14.96","2020-05-28_to_2021-05-29_S&P500_Index","15.07","2020-06-29_to_2021-06-29_S&P500_Index","15.25","2020-07-28_to_2021-07-29_S&P500_Index","14.95","2020-08-28_to_2021-08-29_S&P500_Index","14.07","2020-09-28_to_2021-09-29_S&P500_Index","12.21","2020-10-28_to_2021-10-29_S&P500_Index","13.41","2020-11-30_to_2021-11-29_S&P500_Index","10.99"
"7",NA,"Tracking Error",NA,"Tracking Error",NA,"Tracking Error",NA,"Tracking Error",NA,"Tracking Error",NA,"Tracking Error",NA,"Tracking Error",NA,"Tracking Error",NA,"Tracking Error",NA,"Tracking Error",NA,"Tracking Error",NA,"Tracking Error",NA,"Tracking Error",NA,"Tracking Error",NA,"Tracking Error",NA,"Tracking Error",NA,"Tracking Error",NA,"Tracking Error",NA,"Tracking Error",NA,"Tracking Error",NA,"Tracking Error",NA,"Tracking Error",NA,"Tracking Error",NA,"Tracking Error",NA,"Tracking Error",NA,"Tracking Error",NA,"Tracking Error",NA,"Tracking Error",NA,"Tracking Error",NA,"Tracking Error",NA
"8",NA,"2018-06-28_to_2019-06-29_ValuePortfolio_20QRank","5.25","2018-07-30_to_2019-07-29_ValuePortfolio_20QRank","5.65","2018-08-28_to_2019-08-29_ValuePortfolio_20QRank","5.65","2018-09-28_to_2019-09-29_ValuePortfolio_20QRank","6.59","2018-10-29_to_2019-10-29_ValuePortfolio_20QRank","8.24","2018-11-28_to_2019-11-29_ValuePortfolio_20QRank","9.57","2018-12-28_to_2019-12-29_ValuePortfolio_20QRank","10.11","2019-01-28_to_2020-01-29_ValuePortfolio_20QRank","7.76","2019-02-28_to_2020-02-29_ValuePortfolio_20QRank","10.12","2019-03-28_to_2020-03-29_ValuePortfolio_20QRank","10.88","2019-04-29_to_2020-04-29_ValuePortfolio_20QRank","15.97","2019-05-28_to_2020-05-29_ValuePortfolio_20QRank","18.91","2019-06-28_to_2020-06-29_ValuePortfolio_20QRank","19.65","2019-07-29_to_2020-07-29_ValuePortfolio_20QRank","19.03","2019-08-28_to_2020-08-29_ValuePortfolio_20QRank","21.6","2019-09-30_to_2020-09-29_ValuePortfolio_20QRank","19.52","2019-10-28_to_2020-10-29_ValuePortfolio_20QRank","18","2019-11-29_to_2020-11-29_ValuePortfolio_20QRank","19.13","2019-12-30_to_2020-12-29_ValuePortfolio_20QRank","20.62","2020-01-28_to_2021-01-29_ValuePortfolio_20QRank","21.25","2020-02-28_to_2021-03-01_ValuePortfolio_20QRank","16.96","2020-03-30_to_2021-03-29_ValuePortfolio_20QRank","24.94","2020-04-28_to_2021-04-29_ValuePortfolio_20QRank","22.35","2020-05-28_to_2021-05-29_ValuePortfolio_20QRank","21.46","2020-06-29_to_2021-06-29_ValuePortfolio_20QRank","20.65","2020-07-28_to_2021-07-29_ValuePortfolio_20QRank","20.51","2020-08-28_to_2021-08-29_ValuePortfolio_20QRank","23.14","2020-09-28_to_2021-09-29_ValuePortfolio_20QRank","24.09","2020-10-28_to_2021-10-29_ValuePortfolio_20QRank","25.4","2020-11-30_to_2021-11-29_ValuePortfolio_20QRank","17.71"
"9",NA,"2018-06-28_to_2019-06-29_S&P500_Index","-","2018-07-30_to_2019-07-29_S&P500_Index","-","2018-08-28_to_2019-08-29_S&P500_Index","-","2018-09-28_to_2019-09-29_S&P500_Index","-","2018-10-29_to_2019-10-29_S&P500_Index","-","2018-11-28_to_2019-11-29_S&P500_Index","-","2018-12-28_to_2019-12-29_S&P500_Index","-","2019-01-28_to_2020-01-29_S&P500_Index","-","2019-02-28_to_2020-02-29_S&P500_Index","-","2019-03-28_to_2020-03-29_S&P500_Index","-","2019-04-29_to_2020-04-29_S&P500_Index","-","2019-05-28_to_2020-05-29_S&P500_Index","-","2019-06-28_to_2020-06-29_S&P500_Index","-","2019-07-29_to_2020-07-29_S&P500_Index","-","2019-08-28_to_2020-08-29_S&P500_Index","-","2019-09-30_to_2020-09-29_S&P500_Index","-","2019-10-28_to_2020-10-29_S&P500_Index","-","2019-11-29_to_2020-11-29_S&P500_Index","-","2019-12-30_to_2020-12-29_S&P500_Index","-","2020-01-28_to_2021-01-29_S&P500_Index","-","2020-02-28_to_2021-03-01_S&P500_Index","-","2020-03-30_to_2021-03-29_S&P500_Index","-","2020-04-28_to_2021-04-29_S&P500_Index","-","2020-05-28_to_2021-05-29_S&P500_Index","-","2020-06-29_to_2021-06-29_S&P500_Index","-","2020-07-28_to_2021-07-29_S&P500_Index","-","2020-08-28_to_2021-08-29_S&P500_Index","-","2020-09-28_to_2021-09-29_S&P500_Index","-","2020-10-28_to_2021-10-29_S&P500_Index","-","2020-11-30_to_2021-11-29_S&P500_Index","-"
"10",NA,"Information Ratio",NA,"Information Ratio",NA,"Information Ratio",NA,"Information Ratio",NA,"Information Ratio",NA,"Information Ratio",NA,"Information Ratio",NA,"Information Ratio",NA,"Information Ratio",NA,"Information Ratio",NA,"Information Ratio",NA,"Information Ratio",NA,"Information Ratio",NA,"Information Ratio",NA,"Information Ratio",NA,"Information Ratio",NA,"Information Ratio",NA,"Information Ratio",NA,"Information Ratio",NA,"Information Ratio",NA,"Information Ratio",NA,"Information Ratio",NA,"Information Ratio",NA,"Information Ratio",NA,"Information Ratio",NA,"Information Ratio",NA,"Information Ratio",NA,"Information Ratio",NA,"Information Ratio",NA,"Information Ratio",NA
"11",NA,"2018-06-28_to_2019-06-29_ValuePortfolio_20QRank","-2.04","2018-07-30_to_2019-07-29_ValuePortfolio_20QRank","-2.02","2018-08-28_to_2019-08-29_ValuePortfolio_20QRank","-1.57","2018-09-28_to_2019-09-29_ValuePortfolio_20QRank","-0.89","2018-10-29_to_2019-10-29_ValuePortfolio_20QRank","-0.92","2018-11-28_to_2019-11-29_ValuePortfolio_20QRank","-1.47","2018-12-28_to_2019-12-29_ValuePortfolio_20QRank","-0.86","2019-01-28_to_2020-01-29_ValuePortfolio_20QRank","-2.23","2019-02-28_to_2020-02-29_ValuePortfolio_20QRank","-1.95","2019-03-28_to_2020-03-29_ValuePortfolio_20QRank","-2.49","2019-04-29_to_2020-04-29_ValuePortfolio_20QRank","-1.62","2019-05-28_to_2020-05-29_ValuePortfolio_20QRank","-1.38","2019-06-28_to_2020-06-29_ValuePortfolio_20QRank","-1.29","2019-07-29_to_2020-07-29_ValuePortfolio_20QRank","-1.49","2019-08-28_to_2020-08-29_ValuePortfolio_20QRank","-0.84","2019-09-30_to_2020-09-29_ValuePortfolio_20QRank","-1.17","2019-10-28_to_2020-10-29_ValuePortfolio_20QRank","-1.46","2019-11-29_to_2020-11-29_ValuePortfolio_20QRank","-1.01","2019-12-30_to_2020-12-29_ValuePortfolio_20QRank","-1.15","2020-01-28_to_2021-01-29_ValuePortfolio_20QRank","-0.49","2020-02-28_to_2021-03-01_ValuePortfolio_20QRank","0.35","2020-03-30_to_2021-03-29_ValuePortfolio_20QRank","2.99","2020-04-28_to_2021-04-29_ValuePortfolio_20QRank","2.08","2020-05-28_to_2021-05-29_ValuePortfolio_20QRank","2.54","2020-06-29_to_2021-06-29_ValuePortfolio_20QRank","2.26","2020-07-28_to_2021-07-29_ValuePortfolio_20QRank","1.6","2020-08-28_to_2021-08-29_ValuePortfolio_20QRank","1.48","2020-09-28_to_2021-09-29_ValuePortfolio_20QRank","2.19","2020-10-28_to_2021-10-29_ValuePortfolio_20QRank","1.97","2020-11-30_to_2021-11-29_ValuePortfolio_20QRank","0.69"
"12",NA,"2018-06-28_to_2019-06-29_S&P500_Index","-","2018-07-30_to_2019-07-29_S&P500_Index","-","2018-08-28_to_2019-08-29_S&P500_Index","-","2018-09-28_to_2019-09-29_S&P500_Index","-","2018-10-29_to_2019-10-29_S&P500_Index","-","2018-11-28_to_2019-11-29_S&P500_Index","-","2018-12-28_to_2019-12-29_S&P500_Index","-","2019-01-28_to_2020-01-29_S&P500_Index","-","2019-02-28_to_2020-02-29_S&P500_Index","-","2019-03-28_to_2020-03-29_S&P500_Index","-","2019-04-29_to_2020-04-29_S&P500_Index","-","2019-05-28_to_2020-05-29_S&P500_Index","-","2019-06-28_to_2020-06-29_S&P500_Index","-","2019-07-29_to_2020-07-29_S&P500_Index","-","2019-08-28_to_2020-08-29_S&P500_Index","-","2019-09-30_to_2020-09-29_S&P500_Index","-","2019-10-28_to_2020-10-29_S&P500_Index","-","2019-11-29_to_2020-11-29_S&P500_Index","-","2019-12-30_to_2020-12-29_S&P500_Index","-","2020-01-28_to_2021-01-29_S&P500_Index","-","2020-02-28_to_2021-03-01_S&P500_Index","-","2020-03-30_to_2021-03-29_S&P500_Index","-","2020-04-28_to_2021-04-29_S&P500_Index","-","2020-05-28_to_2021-05-29_S&P500_Index","-","2020-06-29_to_2021-06-29_S&P500_Index","-","2020-07-28_to_2021-07-29_S&P500_Index","-","2020-08-28_to_2021-08-29_S&P500_Index","-","2020-09-28_to_2021-09-29_S&P500_Index","-","2020-10-28_to_2021-10-29_S&P500_Index","-","2020-11-30_to_2021-11-29_S&P500_Index","-"
"13",NA,"Alpha Stat",NA,"Alpha Stat",NA,"Alpha Stat",NA,"Alpha Stat",NA,"Alpha Stat",NA,"Alpha Stat",NA,"Alpha Stat",NA,"Alpha Stat",NA,"Alpha Stat",NA,"Alpha Stat",NA,"Alpha Stat",NA,"Alpha Stat",NA,"Alpha Stat",NA,"Alpha Stat",NA,"Alpha Stat",NA,"Alpha Stat",NA,"Alpha Stat",NA,"Alpha Stat",NA,"Alpha Stat",NA,"Alpha Stat",NA,"Alpha Stat",NA,"Alpha Stat",NA,"Alpha Stat",NA,"Alpha Stat",NA,"Alpha Stat",NA,"Alpha Stat",NA,"Alpha Stat",NA,"Alpha Stat",NA,"Alpha Stat",NA,"Alpha Stat",NA
"14",NA,"2018-06-28_to_2019-06-29_ValuePortfolio_20QRank","-0.9","2018-07-30_to_2019-07-29_ValuePortfolio_20QRank","-0.89","2018-08-28_to_2019-08-29_ValuePortfolio_20QRank","-0.52","2018-09-28_to_2019-09-29_ValuePortfolio_20QRank","-0.63","2018-10-29_to_2019-10-29_ValuePortfolio_20QRank","-0.85","2018-11-28_to_2019-11-29_ValuePortfolio_20QRank","-1.37","2018-12-28_to_2019-12-29_ValuePortfolio_20QRank","-1.84","2019-01-28_to_2020-01-29_ValuePortfolio_20QRank","-1.66","2019-02-28_to_2020-02-29_ValuePortfolio_20QRank","-2.36","2019-03-28_to_2020-03-29_ValuePortfolio_20QRank","-1.82","2019-04-29_to_2020-04-29_ValuePortfolio_20QRank","-2","2019-05-28_to_2020-05-29_ValuePortfolio_20QRank","-2.24","2019-06-28_to_2020-06-29_ValuePortfolio_20QRank","-2.57","2019-07-29_to_2020-07-29_ValuePortfolio_20QRank","-2.62","2019-08-28_to_2020-08-29_ValuePortfolio_20QRank","-2.18","2019-09-30_to_2020-09-29_ValuePortfolio_20QRank","-2.55","2019-10-28_to_2020-10-29_ValuePortfolio_20QRank","-2.96","2019-11-29_to_2020-11-29_ValuePortfolio_20QRank","-2.3","2019-12-30_to_2020-12-29_ValuePortfolio_20QRank","-2.18","2020-01-28_to_2021-01-29_ValuePortfolio_20QRank","-1.89","2020-02-28_to_2021-03-01_ValuePortfolio_20QRank","1.97","2020-03-30_to_2021-03-29_ValuePortfolio_20QRank","1.99","2020-04-28_to_2021-04-29_ValuePortfolio_20QRank","2.17","2020-05-28_to_2021-05-29_ValuePortfolio_20QRank","2.15","2020-06-29_to_2021-06-29_ValuePortfolio_20QRank","2.53","2020-07-28_to_2021-07-29_ValuePortfolio_20QRank","2.15","2020-08-28_to_2021-08-29_ValuePortfolio_20QRank","1.16","2020-09-28_to_2021-09-29_ValuePortfolio_20QRank","0.87","2020-10-28_to_2021-10-29_ValuePortfolio_20QRank","2.04","2020-11-30_to_2021-11-29_ValuePortfolio_20QRank","2.88"
"15",NA,"2018-06-28_to_2019-06-29_S&P500_Index","-","2018-07-30_to_2019-07-29_S&P500_Index","-","2018-08-28_to_2019-08-29_S&P500_Index","-","2018-09-28_to_2019-09-29_S&P500_Index","-","2018-10-29_to_2019-10-29_S&P500_Index","-","2018-11-28_to_2019-11-29_S&P500_Index","-","2018-12-28_to_2019-12-29_S&P500_Index","-","2019-01-28_to_2020-01-29_S&P500_Index","-","2019-02-28_to_2020-02-29_S&P500_Index","-","2019-03-28_to_2020-03-29_S&P500_Index","-","2019-04-29_to_2020-04-29_S&P500_Index","-","2019-05-28_to_2020-05-29_S&P500_Index","-","2019-06-28_to_2020-06-29_S&P500_Index","-","2019-07-29_to_2020-07-29_S&P500_Index","-","2019-08-28_to_2020-08-29_S&P500_Index","-","2019-09-30_to_2020-09-29_S&P500_Index","-","2019-10-28_to_2020-10-29_S&P500_Index","-","2019-11-29_to_2020-11-29_S&P500_Index","-","2019-12-30_to_2020-12-29_S&P500_Index","-","2020-01-28_to_2021-01-29_S&P500_Index","-","2020-02-28_to_2021-03-01_S&P500_Index","-","2020-03-30_to_2021-03-29_S&P500_Index","-","2020-04-28_to_2021-04-29_S&P500_Index","-","2020-05-28_to_2021-05-29_S&P500_Index","-","2020-06-29_to_2021-06-29_S&P500_Index","-","2020-07-28_to_2021-07-29_S&P500_Index","-","2020-08-28_to_2021-08-29_S&P500_Index","-","2020-09-28_to_2021-09-29_S&P500_Index","-","2020-10-28_to_2021-10-29_S&P500_Index","-","2020-11-30_to_2021-11-29_S&P500_Index","-"
"16",NA,"Beta Stat",NA,"Beta Stat",NA,"Beta Stat",NA,"Beta Stat",NA,"Beta Stat",NA,"Beta Stat",NA,"Beta Stat",NA,"Beta Stat",NA,"Beta Stat",NA,"Beta Stat",NA,"Beta Stat",NA,"Beta Stat",NA,"Beta Stat",NA,"Beta Stat",NA,"Beta Stat",NA,"Beta Stat",NA,"Beta Stat",NA,"Beta Stat",NA,"Beta Stat",NA,"Beta Stat",NA,"Beta Stat",NA,"Beta Stat",NA,"Beta Stat",NA,"Beta Stat",NA,"Beta Stat",NA,"Beta Stat",NA,"Beta Stat",NA,"Beta Stat",NA,"Beta Stat",NA,"Beta Stat",NA
"17",NA,"2018-06-28_to_2019-06-29_ValuePortfolio_20QRank","1.04","2018-07-30_to_2019-07-29_ValuePortfolio_20QRank","1.06","2018-08-28_to_2019-08-29_ValuePortfolio_20QRank","1.17","2018-09-28_to_2019-09-29_ValuePortfolio_20QRank","1.2","2018-10-29_to_2019-10-29_ValuePortfolio_20QRank","1.36","2018-11-28_to_2019-11-29_ValuePortfolio_20QRank","1.41","2018-12-28_to_2019-12-29_ValuePortfolio_20QRank","1.57","2019-01-28_to_2020-01-29_ValuePortfolio_20QRank","1.41","2019-02-28_to_2020-02-29_ValuePortfolio_20QRank","1.56","2019-03-28_to_2020-03-29_ValuePortfolio_20QRank","1.37","2019-04-29_to_2020-04-29_ValuePortfolio_20QRank","1.61","2019-05-28_to_2020-05-29_ValuePortfolio_20QRank","1.66","2019-06-28_to_2020-06-29_ValuePortfolio_20QRank","1.62","2019-07-29_to_2020-07-29_ValuePortfolio_20QRank","1.63","2019-08-28_to_2020-08-29_ValuePortfolio_20QRank","1.7","2019-09-30_to_2020-09-29_ValuePortfolio_20QRank","1.66","2019-10-28_to_2020-10-29_ValuePortfolio_20QRank","1.55","2019-11-29_to_2020-11-29_ValuePortfolio_20QRank","1.49","2019-12-30_to_2020-12-29_ValuePortfolio_20QRank","1.53","2020-01-28_to_2021-01-29_ValuePortfolio_20QRank","1.56","2020-02-28_to_2021-03-01_ValuePortfolio_20QRank","1.21","2020-03-30_to_2021-03-29_ValuePortfolio_20QRank","1.58","2020-04-28_to_2021-04-29_ValuePortfolio_20QRank","1.34","2020-05-28_to_2021-05-29_ValuePortfolio_20QRank","1.32","2020-06-29_to_2021-06-29_ValuePortfolio_20QRank","1.25","2020-07-28_to_2021-07-29_ValuePortfolio_20QRank","1.47","2020-08-28_to_2021-08-29_ValuePortfolio_20QRank","1.68","2020-09-28_to_2021-09-29_ValuePortfolio_20QRank","1.71","2020-10-28_to_2021-10-29_ValuePortfolio_20QRank","1.46","2020-11-30_to_2021-11-29_ValuePortfolio_20QRank","0.25"
"18",NA,"2018-06-28_to_2019-06-29_S&P500_Index","-","2018-07-30_to_2019-07-29_S&P500_Index","-","2018-08-28_to_2019-08-29_S&P500_Index","-","2018-09-28_to_2019-09-29_S&P500_Index","-","2018-10-29_to_2019-10-29_S&P500_Index","-","2018-11-28_to_2019-11-29_S&P500_Index","-","2018-12-28_to_2019-12-29_S&P500_Index","-","2019-01-28_to_2020-01-29_S&P500_Index","-","2019-02-28_to_2020-02-29_S&P500_Index","-","2019-03-28_to_2020-03-29_S&P500_Index","-","2019-04-29_to_2020-04-29_S&P500_Index","-","2019-05-28_to_2020-05-29_S&P500_Index","-","2019-06-28_to_2020-06-29_S&P500_Index","-","2019-07-29_to_2020-07-29_S&P500_Index","-","2019-08-28_to_2020-08-29_S&P500_Index","-","2019-09-30_to_2020-09-29_S&P500_Index","-","2019-10-28_to_2020-10-29_S&P500_Index","-","2019-11-29_to_2020-11-29_S&P500_Index","-","2019-12-30_to_2020-12-29_S&P500_Index","-","2020-01-28_to_2021-01-29_S&P500_Index","-","2020-02-28_to_2021-03-01_S&P500_Index","-","2020-03-30_to_2021-03-29_S&P500_Index","-","2020-04-28_to_2021-04-29_S&P500_Index","-","2020-05-28_to_2021-05-29_S&P500_Index","-","2020-06-29_to_2021-06-29_S&P500_Index","-","2020-07-28_to_2021-07-29_S&P500_Index","-","2020-08-28_to_2021-08-29_S&P500_Index","-","2020-09-28_to_2021-09-29_S&P500_Index","-","2020-10-28_to_2021-10-29_S&P500_Index","-","2020-11-30_to_2021-11-29_S&P500_Index","-"
"19",NA,"R-Squared",NA,"R-Squared",NA,"R-Squared",NA,"R-Squared",NA,"R-Squared",NA,"R-Squared",NA,"R-Squared",NA,"R-Squared",NA,"R-Squared",NA,"R-Squared",NA,"R-Squared",NA,"R-Squared",NA,"R-Squared",NA,"R-Squared",NA,"R-Squared",NA,"R-Squared",NA,"R-Squared",NA,"R-Squared",NA,"R-Squared",NA,"R-Squared",NA,"R-Squared",NA,"R-Squared",NA,"R-Squared",NA,"R-Squared",NA,"R-Squared",NA,"R-Squared",NA,"R-Squared",NA,"R-Squared",NA,"R-Squared",NA,"R-Squared",NA
"20",NA,"2018-06-28_to_2019-06-29_ValuePortfolio_20QRank","92.49","2018-07-30_to_2019-07-29_ValuePortfolio_20QRank","92.66","2018-08-28_to_2019-08-29_ValuePortfolio_20QRank","95.6","2018-09-28_to_2019-09-29_ValuePortfolio_20QRank","94.73","2018-10-29_to_2019-10-29_ValuePortfolio_20QRank","94.97","2018-11-28_to_2019-11-29_ValuePortfolio_20QRank","93.63","2018-12-28_to_2019-12-29_ValuePortfolio_20QRank","90.72","2019-01-28_to_2020-01-29_ValuePortfolio_20QRank","87.34","2019-02-28_to_2020-02-29_ValuePortfolio_20QRank","84.47","2019-03-28_to_2020-03-29_ValuePortfolio_20QRank","83.03","2019-04-29_to_2020-04-29_ValuePortfolio_20QRank","90.22","2019-05-28_to_2020-05-29_ValuePortfolio_20QRank","92.18","2019-06-28_to_2020-06-29_ValuePortfolio_20QRank","89.15","2019-07-29_to_2020-07-29_ValuePortfolio_20QRank","88.96","2019-08-28_to_2020-08-29_ValuePortfolio_20QRank","87.63","2019-09-30_to_2020-09-29_ValuePortfolio_20QRank","91.74","2019-10-28_to_2020-10-29_ValuePortfolio_20QRank","90.34","2019-11-29_to_2020-11-29_ValuePortfolio_20QRank","85.17","2019-12-30_to_2020-12-29_ValuePortfolio_20QRank","87.39","2020-01-28_to_2021-01-29_ValuePortfolio_20QRank","87.56","2020-02-28_to_2021-03-01_ValuePortfolio_20QRank","59.78","2020-03-30_to_2021-03-29_ValuePortfolio_20QRank","57.43","2020-04-28_to_2021-04-29_ValuePortfolio_20QRank","39.94","2020-05-28_to_2021-05-29_ValuePortfolio_20QRank","41.85","2020-06-29_to_2021-06-29_ValuePortfolio_20QRank","40.99","2020-07-28_to_2021-07-29_ValuePortfolio_20QRank","51.96","2020-08-28_to_2021-08-29_ValuePortfolio_20QRank","50.82","2020-09-28_to_2021-09-29_ValuePortfolio_20QRank","40.19","2020-10-28_to_2021-10-29_ValuePortfolio_20QRank","31.7","2020-11-30_to_2021-11-29_ValuePortfolio_20QRank","-7.9"
"21",NA,"2018-06-28_to_2019-06-29_S&P500_Index","-","2018-07-30_to_2019-07-29_S&P500_Index","-","2018-08-28_to_2019-08-29_S&P500_Index","-","2018-09-28_to_2019-09-29_S&P500_Index","-","2018-10-29_to_2019-10-29_S&P500_Index","-","2018-11-28_to_2019-11-29_S&P500_Index","-","2018-12-28_to_2019-12-29_S&P500_Index","-","2019-01-28_to_2020-01-29_S&P500_Index","-","2019-02-28_to_2020-02-29_S&P500_Index","-","2019-03-28_to_2020-03-29_S&P500_Index","-","2019-04-29_to_2020-04-29_S&P500_Index","-","2019-05-28_to_2020-05-29_S&P500_Index","-","2019-06-28_to_2020-06-29_S&P500_Index","-","2019-07-29_to_2020-07-29_S&P500_Index","-","2019-08-28_to_2020-08-29_S&P500_Index","-","2019-09-30_to_2020-09-29_S&P500_Index","-","2019-10-28_to_2020-10-29_S&P500_Index","-","2019-11-29_to_2020-11-29_S&P500_Index","-","2019-12-30_to_2020-12-29_S&P500_Index","-","2020-01-28_to_2021-01-29_S&P500_Index","-","2020-02-28_to_2021-03-01_S&P500_Index","-","2020-03-30_to_2021-03-29_S&P500_Index","-","2020-04-28_to_2021-04-29_S&P500_Index","-","2020-05-28_to_2021-05-29_S&P500_Index","-","2020-06-29_to_2021-06-29_S&P500_Index","-","2020-07-28_to_2021-07-29_S&P500_Index","-","2020-08-28_to_2021-08-29_S&P500_Index","-","2020-09-28_to_2021-09-29_S&P500_Index","-","2020-10-28_to_2021-10-29_S&P500_Index","-","2020-11-30_to_2021-11-29_S&P500_Index","-"
"22",NA,"Max Drawdown",NA,"Max Drawdown",NA,"Max Drawdown",NA,"Max Drawdown",NA,"Max Drawdown",NA,"Max Drawdown",NA,"Max Drawdown",NA,"Max Drawdown",NA,"Max Drawdown",NA,"Max Drawdown",NA,"Max Drawdown",NA,"Max Drawdown",NA,"Max Drawdown",NA,"Max Drawdown",NA,"Max Drawdown",NA,"Max Drawdown",NA,"Max Drawdown",NA,"Max Drawdown",NA,"Max Drawdown",NA,"Max Drawdown",NA,"Max Drawdown",NA,"Max Drawdown",NA,"Max Drawdown",NA,"Max Drawdown",NA,"Max Drawdown",NA,"Max Drawdown",NA,"Max Drawdown",NA,"Max Drawdown",NA,"Max Drawdown",NA,"Max Drawdown",NA
"23",NA,"2018-06-28_to_2019-06-29_ValuePortfolio_20QRank","-21.7707","2018-07-30_to_2019-07-29_ValuePortfolio_20QRank","-21.7183","2018-08-28_to_2019-08-29_ValuePortfolio_20QRank","-22.8278","2018-09-28_to_2019-09-29_ValuePortfolio_20QRank","-21.4834","2018-10-29_to_2019-10-29_ValuePortfolio_20QRank","-19.8089","2018-11-28_to_2019-11-29_ValuePortfolio_20QRank","-19.1408","2018-12-28_to_2019-12-29_ValuePortfolio_20QRank","-11.4004","2019-01-28_to_2020-01-29_ValuePortfolio_20QRank","-11.2553","2019-02-28_to_2020-02-29_ValuePortfolio_20QRank","-16.476","2019-03-28_to_2020-03-29_ValuePortfolio_20QRank","-46.3743","2019-04-29_to_2020-04-29_ValuePortfolio_20QRank","-46.1956","2019-05-28_to_2020-05-29_ValuePortfolio_20QRank","-47.2664","2019-06-28_to_2020-06-29_ValuePortfolio_20QRank","-46.6146","2019-07-29_to_2020-07-29_ValuePortfolio_20QRank","-47.3258","2019-08-28_to_2020-08-29_ValuePortfolio_20QRank","-49.2338","2019-09-30_to_2020-09-29_ValuePortfolio_20QRank","-47.6425","2019-10-28_to_2020-10-29_ValuePortfolio_20QRank","-48.3058","2019-11-29_to_2020-11-29_ValuePortfolio_20QRank","-48.0616","2019-12-30_to_2020-12-29_ValuePortfolio_20QRank","-47.5223","2020-01-28_to_2021-01-29_ValuePortfolio_20QRank","-46.2293","2020-02-28_to_2021-03-01_ValuePortfolio_20QRank","-41.7222","2020-03-30_to_2021-03-29_ValuePortfolio_20QRank","-25.5064","2020-04-28_to_2021-04-29_ValuePortfolio_20QRank","-25.688","2020-05-28_to_2021-05-29_ValuePortfolio_20QRank","-24.8341","2020-06-29_to_2021-06-29_ValuePortfolio_20QRank","-9.7653","2020-07-28_to_2021-07-29_ValuePortfolio_20QRank","-13.337","2020-08-28_to_2021-08-29_ValuePortfolio_20QRank","-13.3633","2020-09-28_to_2021-09-29_ValuePortfolio_20QRank","-13.5777","2020-10-28_to_2021-10-29_ValuePortfolio_20QRank","-14.1504","2020-11-30_to_2021-11-29_ValuePortfolio_20QRank","-13.2975"
"24",NA,"2018-06-28_to_2019-06-29_S&P500_Index","-19.7782","2018-07-30_to_2019-07-29_S&P500_Index","-19.7782","2018-08-28_to_2019-08-29_S&P500_Index","-19.7782","2018-09-28_to_2019-09-29_S&P500_Index","-19.6345","2018-10-29_to_2019-10-29_S&P500_Index","-16.4466","2018-11-28_to_2019-11-29_S&P500_Index","-15.7423","2018-12-28_to_2019-12-29_S&P500_Index","-6.8361","2019-01-28_to_2020-01-29_S&P500_Index","-6.8361","2019-02-28_to_2020-02-29_S&P500_Index","-12.7558","2019-03-28_to_2020-03-29_S&P500_Index","-33.925","2019-04-29_to_2020-04-29_S&P500_Index","-33.925","2019-05-28_to_2020-05-29_S&P500_Index","-33.925","2019-06-28_to_2020-06-29_S&P500_Index","-33.925","2019-07-29_to_2020-07-29_S&P500_Index","-33.925","2019-08-28_to_2020-08-29_S&P500_Index","-33.925","2019-09-30_to_2020-09-29_S&P500_Index","-33.925","2019-10-28_to_2020-10-29_S&P500_Index","-33.925","2019-11-29_to_2020-11-29_S&P500_Index","-33.925","2019-12-30_to_2020-12-29_S&P500_Index","-33.925","2020-01-28_to_2021-01-29_S&P500_Index","-33.925","2020-02-28_to_2021-03-01_S&P500_Index","-28.5203","2020-03-30_to_2021-03-29_S&P500_Index","-9.6045","2020-04-28_to_2021-04-29_S&P500_Index","-9.6045","2020-05-28_to_2021-05-29_S&P500_Index","-9.6045","2020-06-29_to_2021-06-29_S&P500_Index","-9.6045","2020-07-28_to_2021-07-29_S&P500_Index","-9.6044","2020-08-28_to_2021-08-29_S&P500_Index","-9.6045","2020-09-28_to_2021-09-29_S&P500_Index","-7.4772","2020-10-28_to_2021-10-29_S&P500_Index","-5.2125","2020-11-30_to_2021-11-29_S&P500_Index","-5.2125"
