"","2022-12-2021-12 2021-06-23 to 2022-12-01","2022-12-2021-12 2021-06-24 to 2022-12-01","2022-12-2021-12 2021-06-25 to 2022-12-01","2022-12-2021-12 2021-06-26 to 2022-12-01","2022-12-2021-12 2021-06-27 to 2022-12-01","2022-12-2021-12 2021-06-28 to 2022-12-01","2022-12-2021-12 2021-06-29 to 2022-12-01","2022-12-2021-12 2021-06-30 to 2022-12-01","2022-12-2021-12 2021-07-01 to 2022-12-01","2022-12-2021-12 2021-07-02 to 2022-12-01","2022-12-2021-12 2021-07-03 to 2022-12-01","2022-12-2021-12 2021-07-04 to 2022-12-01","2022-12-2021-12 2021-07-05 to 2022-12-01","2022-12-2021-12 2021-07-06 to 2022-12-01","2022-12-2021-12 2021-07-07 to 2022-12-01","2022-12-2021-12 2021-07-08 to 2022-12-01","2022-12-2021-12 2021-07-09 to 2022-12-01","2022-12-2021-12 2021-07-10 to 2022-12-01","2022-12-2021-12 2021-07-11 to 2022-12-01","2022-12-2021-12 2021-07-12 to 2022-12-01","2022-12-2021-12 2021-07-13 to 2022-12-01","2022-12-2021-12 2021-07-14 to 2022-12-01","2022-12-2021-12 2021-07-15 to 2022-12-01","2022-12-2021-12 2021-07-16 to 2022-12-01","2022-12-2021-12 2021-07-17 to 2022-12-01","2022-12-2021-12 2021-07-18 to 2022-12-01","2022-12-2021-12 2021-07-19 to 2022-12-01","2022-12-2021-12 2021-07-20 to 2022-12-01","2022-12-2021-12 2021-07-21 to 2022-12-01","2022-12-2021-12 2021-07-22 to 2022-12-01","2022-12-2021-12 2021-07-23 to 2022-12-01","2022-12-2021-12 2021-07-24 to 2022-12-01","2022-12-2021-12 2021-07-25 to 2022-12-01","2022-12-2021-12 2021-07-26 to 2022-12-01","2022-12-2021-12 2021-07-27 to 2022-12-01","2022-12-2021-12 2021-07-28 to 2022-12-01","2022-12-2021-12 2021-07-29 to 2022-12-01","2022-12-2021-12 2021-07-30 to 2022-12-01","2022-12-2021-12 2021-07-31 to 2022-12-01","2022-12-2021-12 2021-08-01 to 2022-12-01","2022-12-2021-12 2021-08-02 to 2022-12-01","2022-12-2021-12 2021-08-03 to 2022-12-01","2022-12-2021-12 2021-08-04 to 2022-12-01","2022-12-2021-12 2021-08-05 to 2022-12-01","2022-12-2021-12 2021-08-06 to 2022-12-01","2022-12-2021-12 2021-08-07 to 2022-12-01","2022-12-2021-12 2021-08-08 to 2022-12-01","2022-12-2021-12 2021-08-09 to 2022-12-01","2022-12-2021-12 2021-08-10 to 2022-12-01","2022-12-2021-12 2021-08-11 to 2022-12-01","2022-12-2021-12 2021-08-12 to 2022-12-01","2022-12-2021-12 2021-08-13 to 2022-12-01","2022-12-2021-12 2021-08-14 to 2022-12-01","2022-12-2021-12 2021-08-15 to 2022-12-01","2022-12-2021-12 2021-08-16 to 2022-12-01","2022-12-2021-12 2021-08-17 to 2022-12-01","2022-12-2021-12 2021-08-18 to 2022-12-01","2022-12-2021-12 2021-08-19 to 2022-12-01","2022-12-2021-12 2021-08-20 to 2022-12-01","2022-12-2021-12 2021-08-21 to 2022-12-01","2022-12-2021-12 2021-08-22 to 2022-12-01","2022-12-2021-12 2021-08-23 to 2022-12-01","2022-12-2021-12 2021-08-24 to 2022-12-01","2022-12-2021-12 2021-08-25 to 2022-12-01","2022-12-2021-12 2021-08-26 to 2022-12-01","2022-12-2021-12 2021-08-27 to 2022-12-01","2022-12-2021-12 2021-08-28 to 2022-12-01","2022-12-2021-12 2021-08-29 to 2022-12-01","2022-12-2021-12 2021-08-30 to 2022-12-01","2022-12-2021-12 2021-08-31 to 2022-12-01","2022-12-2021-12 2021-09-01 to 2022-12-01","2022-12-2021-12 2021-09-02 to 2022-12-01","2022-12-2021-12 2021-09-03 to 2022-12-01","2022-12-2021-12 2021-09-04 to 2022-12-01","2022-12-2021-12 2021-09-05 to 2022-12-01","2022-12-2021-12 2021-09-06 to 2022-12-01","2022-12-2021-12 2021-09-07 to 2022-12-01","2022-12-2021-12 2021-09-08 to 2022-12-01","2022-12-2021-12 2021-09-09 to 2022-12-01","2022-12-2021-12 2021-09-10 to 2022-12-01","2022-12-2021-12 2021-09-11 to 2022-12-01","2022-12-2021-12 2021-09-12 to 2022-12-01","2022-12-2021-12 2021-09-13 to 2022-12-01","2022-12-2021-12 2021-09-14 to 2022-12-01","2022-12-2021-12 2021-09-15 to 2022-12-01","2022-12-2021-12 2021-09-16 to 2022-12-01","2022-12-2021-12 2021-09-17 to 2022-12-01","2022-12-2021-12 2021-09-18 to 2022-12-01","2022-12-2021-12 2021-09-19 to 2022-12-01","2022-12-2021-12 2021-09-20 to 2022-12-01","2022-12-2021-12 2021-09-21 to 2022-12-01","2022-12-2021-12 2021-09-22 to 2022-12-01","2022-12-2021-12 2021-09-23 to 2022-12-01","2022-12-2021-12 2021-09-24 to 2022-12-01","2022-12-2021-12 2021-09-25 to 2022-12-01","2022-12-2021-12 2021-09-26 to 2022-12-01","2022-12-2021-12 2021-09-27 to 2022-12-01","2022-12-2021-12 2021-09-28 to 2022-12-01","2022-12-2021-12 2021-09-29 to 2022-12-01","2022-12-2021-12 2021-09-30 to 2022-12-01","2022-12-2021-12 2021-10-01 to 2022-12-01","2022-12-2021-12 2021-10-02 to 2022-12-01","2022-12-2021-12 2021-10-03 to 2022-12-01","2022-12-2021-12 2021-10-04 to 2022-12-01","2022-12-2021-12 2021-10-05 to 2022-12-01","2022-12-2021-12 2021-10-06 to 2022-12-01","2022-12-2021-12 2021-10-07 to 2022-12-01","2022-12-2021-12 2021-10-08 to 2022-12-01","2022-12-2021-12 2021-10-09 to 2022-12-01","2022-12-2021-12 2021-10-10 to 2022-12-01","2022-12-2021-12 2021-10-11 to 2022-12-01","2022-12-2021-12 2021-10-12 to 2022-12-01","2022-12-2021-12 2021-10-13 to 2022-12-01","2022-12-2021-12 2021-10-14 to 2022-12-01","2022-12-2021-12 2021-10-15 to 2022-12-01","2022-12-2021-12 2021-10-16 to 2022-12-01","2022-12-2021-12 2021-10-17 to 2022-12-01","2022-12-2021-12 2021-10-18 to 2022-12-01","2022-12-2021-12 2021-10-19 to 2022-12-01","2022-12-2021-12 2021-10-20 to 2022-12-01","2022-12-2021-12 2021-10-21 to 2022-12-01","2022-12-2021-12 2021-10-22 to 2022-12-01","2022-12-2021-12 2021-10-23 to 2022-12-01","2022-12-2021-12 2021-10-24 to 2022-12-01","2022-12-2021-12 2021-10-25 to 2022-12-01","2022-12-2021-12 2021-10-26 to 2022-12-01","2022-12-2021-12 2021-10-27 to 2022-12-01","2022-12-2021-12 2021-10-28 to 2022-12-01","2022-12-2021-12 2021-10-29 to 2022-12-01","2022-12-2021-12 2021-10-30 to 2022-12-01","2022-12-2021-12 2021-10-31 to 2022-12-01","2022-12-2021-12 2021-11-01 to 2022-12-01","2022-12-2021-12 2021-11-02 to 2022-12-01","2022-12-2021-12 2021-11-03 to 2022-12-01","2022-12-2021-12 2021-11-04 to 2022-12-01","2022-12-2021-12 2021-11-05 to 2022-12-01","2022-12-2021-12 2021-11-06 to 2022-12-01","2022-12-2021-12 2021-11-07 to 2022-12-01","2022-12-2021-12 2021-11-08 to 2022-12-01","2022-12-2021-12 2021-11-09 to 2022-12-01","2022-12-2021-12 2021-11-10 to 2022-12-01","2022-12-2021-12 2021-11-11 to 2022-12-01","2022-12-2021-12 2021-11-12 to 2022-12-01","2022-12-2021-12 2021-11-13 to 2022-12-01","2022-12-2021-12 2021-11-14 to 2022-12-01","2022-12-2021-12 2021-11-15 to 2022-12-01","2022-12-2021-12 2021-11-16 to 2022-12-01","2022-12-2021-12 2021-11-17 to 2022-12-01","2022-12-2021-12 2021-11-18 to 2022-12-01","2022-12-2021-12 2021-11-19 to 2022-12-01","2022-12-2021-12 2021-11-20 to 2022-12-01","2022-12-2021-12 2021-11-21 to 2022-12-01","2022-12-2021-12 2021-11-22 to 2022-12-01","2022-12-2021-12 2021-11-23 to 2022-12-01","2022-12-2021-12 2021-11-24 to 2022-12-01","2022-12-2021-12 2021-11-25 to 2022-12-01","2022-12-2021-12 2021-11-26 to 2022-12-01","2022-12-2021-12 2021-11-27 to 2022-12-01","2022-12-2021-12 2021-11-28 to 2022-12-01","2022-12-2021-12 2021-11-29 to 2022-12-01","2022-12-2021-12 2021-11-30 to 2022-12-01","2021-12-2022-12 2021-12-01 to 2022-12-01","2021-12-2022-12 2021-12-02 to 2022-12-01","2021-12-2022-12 2021-12-03 to 2022-12-01","2021-12-2022-12 2021-12-04 to 2022-12-01","2021-12-2022-12 2021-12-05 to 2022-12-01","2021-12-2022-12 2021-12-06 to 2022-12-01","2021-12-2022-12 2021-12-07 to 2022-12-01","2021-12-2022-12 2021-12-08 to 2022-12-01","2021-12-2022-12 2021-12-09 to 2022-12-01","2021-12-2022-12 2021-12-10 to 2022-12-01","2021-12-2022-12 2021-12-11 to 2022-12-01","2021-12-2022-12 2021-12-12 to 2022-12-01","2021-12-2022-12 2021-12-13 to 2022-12-01","2021-12-2022-12 2021-12-14 to 2022-12-01","2021-12-2022-12 2021-12-15 to 2022-12-01","2021-12-2022-12 2021-12-16 to 2022-12-01","2021-12-2022-12 2021-12-17 to 2022-12-01","2021-12-2022-12 2021-12-18 to 2022-12-01","2021-12-2022-12 2021-12-19 to 2022-12-01","2021-12-2022-12 2021-12-20 to 2022-12-01","2021-12-2022-12 2021-12-21 to 2022-12-01","2021-12-2022-12 2021-12-22 to 2022-12-01","2021-12-2022-12 2021-12-23 to 2022-12-01","2021-12-2022-12 2021-12-24 to 2022-12-01","2021-12-2022-12 2021-12-25 to 2022-12-01","2021-12-2022-12 2021-12-26 to 2022-12-01","2021-12-2022-12 2021-12-27 to 2022-12-01","2021-12-2022-12 2021-12-28 to 2022-12-01","2021-12-2022-12 2021-12-29 to 2022-12-01","2021-12-2022-12 2021-12-30 to 2022-12-01","2021-12-2022-12 2021-12-31 to 2022-12-01","2022-01-2022-12 2022-01-01 to 2022-12-01","2022-01-2022-12 2022-01-02 to 2022-12-01","2022-01-2022-12 2022-01-03 to 2022-12-01","2022-01-2022-12 2022-01-04 to 2022-12-01","2022-01-2022-12 2022-01-05 to 2022-12-01","2022-01-2022-12 2022-01-06 to 2022-12-01","2022-01-2022-12 2022-01-07 to 2022-12-01","2022-01-2022-12 2022-01-08 to 2022-12-01","2022-01-2022-12 2022-01-09 to 2022-12-01","2022-01-2022-12 2022-01-10 to 2022-12-01","2022-01-2022-12 2022-01-11 to 2022-12-01","2022-01-2022-12 2022-01-12 to 2022-12-01","2022-01-2022-12 2022-01-13 to 2022-12-01","2022-01-2022-12 2022-01-14 to 2022-12-01","2022-01-2022-12 2022-01-15 to 2022-12-01","2022-01-2022-12 2022-01-16 to 2022-12-01","2022-01-2022-12 2022-01-17 to 2022-12-01","2022-01-2022-12 2022-01-18 to 2022-12-01","2022-01-2022-12 2022-01-19 to 2022-12-01","2022-01-2022-12 2022-01-20 to 2022-12-01","2022-01-2022-12 2022-01-21 to 2022-12-01","2022-01-2022-12 2022-01-22 to 2022-12-01","2022-01-2022-12 2022-01-23 to 2022-12-01","2022-01-2022-12 2022-01-24 to 2022-12-01","2022-01-2022-12 2022-01-25 to 2022-12-01","2022-01-2022-12 2022-01-26 to 2022-12-01","2022-01-2022-12 2022-01-27 to 2022-12-01","2022-01-2022-12 2022-01-28 to 2022-12-01","2022-01-2022-12 2022-01-29 to 2022-12-01","2022-01-2022-12 2022-01-30 to 2022-12-01","2022-01-2022-12 2022-01-31 to 2022-12-01","2022-02-2022-12 2022-02-01 to 2022-12-01","2022-02-2022-12 2022-02-02 to 2022-12-01","2022-02-2022-12 2022-02-03 to 2022-12-01","2022-02-2022-12 2022-02-04 to 2022-12-01","2022-02-2022-12 2022-02-05 to 2022-12-01","2022-02-2022-12 2022-02-06 to 2022-12-01","2022-02-2022-12 2022-02-07 to 2022-12-01","2022-02-2022-12 2022-02-08 to 2022-12-01","2022-02-2022-12 2022-02-09 to 2022-12-01","2022-02-2022-12 2022-02-10 to 2022-12-01","2022-02-2022-12 2022-02-11 to 2022-12-01","2022-02-2022-12 2022-02-12 to 2022-12-01","2022-02-2022-12 2022-02-13 to 2022-12-01","2022-02-2022-12 2022-02-14 to 2022-12-01","2022-02-2022-12 2022-02-15 to 2022-12-01","2022-02-2022-12 2022-02-16 to 2022-12-01","2022-02-2022-12 2022-02-17 to 2022-12-01","2022-02-2022-12 2022-02-18 to 2022-12-01","2022-02-2022-12 2022-02-19 to 2022-12-01","2022-02-2022-12 2022-02-20 to 2022-12-01","2022-02-2022-12 2022-02-21 to 2022-12-01","2022-02-2022-12 2022-02-22 to 2022-12-01","2022-02-2022-12 2022-02-23 to 2022-12-01","2022-02-2022-12 2022-02-24 to 2022-12-01","2022-02-2022-12 2022-02-25 to 2022-12-01","2022-02-2022-12 2022-02-26 to 2022-12-01","2022-02-2022-12 2022-02-27 to 2022-12-01","2022-02-2022-12 2022-02-28 to 2022-12-01","2022-03-2022-12 2022-03-01 to 2022-12-01","2022-03-2022-12 2022-03-02 to 2022-12-01","2022-03-2022-12 2022-03-03 to 2022-12-01","2022-03-2022-12 2022-03-04 to 2022-12-01","2022-03-2022-12 2022-03-05 to 2022-12-01","2022-03-2022-12 2022-03-06 to 2022-12-01","2022-03-2022-12 2022-03-07 to 2022-12-01","2022-03-2022-12 2022-03-08 to 2022-12-01","2022-03-2022-12 2022-03-09 to 2022-12-01","2022-03-2022-12 2022-03-10 to 2022-12-01","2022-03-2022-12 2022-03-11 to 2022-12-01","2022-03-2022-12 2022-03-12 to 2022-12-01","2022-03-2022-12 2022-03-13 to 2022-12-01","2022-03-2022-12 2022-03-14 to 2022-12-01","2022-03-2022-12 2022-03-15 to 2022-12-01","2022-03-2022-12 2022-03-16 to 2022-12-01","2022-03-2022-12 2022-03-17 to 2022-12-01","2022-03-2022-12 2022-03-18 to 2022-12-01","2022-03-2022-12 2022-03-19 to 2022-12-01","2022-03-2022-12 2022-03-20 to 2022-12-01","2022-03-2022-12 2022-03-21 to 2022-12-01","2022-03-2022-12 2022-03-22 to 2022-12-01","2022-03-2022-12 2022-03-23 to 2022-12-01","2022-03-2022-12 2022-03-24 to 2022-12-01","2022-03-2022-12 2022-03-25 to 2022-12-01","2022-03-2022-12 2022-03-26 to 2022-12-01"
"1",NA,NA,NA,NA,NA,NA,NA,NA,NA,NA,NA,NA,NA,NA,NA,NA,NA,NA,NA,NA,NA,NA,NA,NA,NA,NA,NA,NA,NA,NA,NA,NA,NA,NA,NA,NA,NA,NA,NA,NA,NA,NA,NA,NA,NA,NA,NA,NA,NA,NA,NA,NA,NA,NA,NA,NA,NA,NA,NA,NA,NA,NA,NA,NA,NA,NA,NA,NA,NA,NA,NA,NA,NA,NA,NA,NA,NA,NA,NA,NA,NA,NA,NA,NA,NA,NA,NA,NA,NA,NA,NA,NA,NA,NA,NA,NA,NA,NA,NA,NA,NA,NA,NA,NA,NA,NA,NA,NA,NA,NA,NA,NA,NA,NA,NA,NA,NA,NA,NA,NA,NA,NA,NA,NA,NA,NA,NA,NA,NA,NA,NA,NA,NA,NA,NA,NA,NA,NA,NA,NA,NA,NA,NA,NA,NA,NA,NA,NA,NA,NA,NA,NA,NA,NA,NA,NA,NA,NA,NA,NA,NA,NA,NA,NA,NA,NA,NA,NA,NA,NA,NA,NA,NA,NA,NA,NA,NA,NA,NA,NA,NA,NA,NA,NA,NA,NA,NA,NA,NA,NA,NA,NA,NA,NA,NA,NA,NA,NA,NA,NA,NA,NA,NA,NA,NA,NA,NA,NA,NA,NA,NA,NA,NA,NA,NA,NA,NA,NA,NA,NA,NA,NA,NA,NA,NA,NA,NA,NA,NA,NA,NA,NA,NA,NA,NA,NA,NA,NA,NA,NA,NA,NA,NA,NA,NA,NA,NA,NA,NA,NA,NA,NA,NA,NA,NA,NA,NA,NA,NA,NA,NA,NA,NA,NA,NA,NA,NA,NA,NA,NA,NA,NA,NA,NA,NA,NA,NA
"P Annualized Returns",-82.274,-82.278,-82.237,-82.181,-82.188,-82.151,-82.16,-82.065,-78.271,-78.3,-78.285,-78.314,-78.285,-78.235,-78.105,-78.179,-78.177,-78.255,-78.238,-78.232,-78.251,-78.129,-78.188,-78.267,-78.237,-78.263,-78.31,-78.293,-78.354,-78.303,-78.33,-78.352,-78.385,-78.514,-78.612,-78.585,-78.377,-78.463,-78.228,-79.435,-79.538,-79.48,-79.393,-79.309,-79.175,-79.316,-79.276,-79.287,-79.249,-79.507,-79.451,-79.564,-79.512,-79.065,-76.985,-76.46,-75.816,-75.993,-75.715,-75.777,-75.937,-77.922,-77.757,-77.884,-77.579,-77.371,-77.081,-74.82,-74.321,-74.473,-75.042,-74.502,-74.466,-77.276,-77.204,-74.35,-73.728,-73.262,-73.135,-72.902,-75.564,-72.868,-74.988,-76.552,-76.532,-76.182,-76.196,-75.863,-75.908,-76.096,-75.903,-75.596,-73.737,-75.483,-75.602,-75.666,-75.537,-75.637,-75.615,-75.674,-76.054,-73.769,-76.001,-76.082,-76.236,-76.494,-76.463,-74.379,-76.584,-76.659,-76.801,-74.757,-74.874,-74.902,-74.582,-75.103,-74.422,-74.469,-75.168,-74.325,-74.816,-73.752,-73.933,-73.787,-73.751,-74.39,-74.652,-74.175,-74.15,-74.66,-74.031,-78.195,-78.098,-75.001,-74.708,-74.934,-74.6,-74.449,-76.153,-75.968,-75.339,-75.373,-75.36,-75.222,-75.217,-75.166,-76.851,-76.841,-76.787,-76.725,-76.626,-76.449,-76.367,-76.677,-76.654,-74.078,-74.158,-73.962,-74.023,-76.637,-76.601,-76.741,-76.741,-72.906,-69.474,-68.731,-70.243,-70.853,-71.938,-68.983,-67.789,-69.633,-69.955,-66.265,-66.502,-69.83,-68.904,-68.659,-70.082,-70.013,-69.811,-71.277,-71.776,-73.832,-73.119,-73.585,-74.248,-74.139,-71.812,-71.352,-72.048,-71.825,-72.995,-73.452,-73.471,-74.232,-72.468,-72.611,-71.053,-70.577,-71.397,-70.538,-72.164,-73.825,-72.688,-73.871,-74.371,-74.395,-74.202,-73.266,-72.2,-70.829,-65.964,-62.866,-64.831,-63.298,-63.757,-63.753,-63.643,-65.102,-65.885,-65.037,-65.565,-70.37,-68.303,-65.173,-72.125,-69.708,-70.736,-75.763,-75.295,-76.203,-72.895,-72.541,-72.601,-72.389,-72.697,-75.359,-75.067,-69.515,-72.831,-72.932,-71.269,-68.887,-69.14,-71.602,-70.439,-72.216,-72.9,-71.048,-75.095,-75.368,-75.102,-74.297,-71.599,-72.418,-70.927,-73.179,-73.973,-76.354,-74.646,-72.39,-74.541,-73.224,-74.347,-74.689,-76.477,-76.66,-77.815,-79.009,-78.376,-79.241,-80.77,-78.895,-82.521,-82.201,-82.754
"B Annualized Returns",-85.498,-85.498,-85.498,-85.498,-85.498,-85.498,-85.498,-85.498,-85.498,-85.498,-85.498,-85.498,-85.498,-85.498,-85.498,-85.498,-85.498,-85.498,-85.498,-85.498,-85.498,-85.498,-85.498,-85.498,-85.498,-85.498,-85.498,-85.498,-85.498,-85.498,-85.498,-85.498,-85.498,-85.498,-85.498,-85.498,-85.498,-85.498,-85.498,-85.498,-85.498,-85.498,-85.498,-85.498,-85.498,-85.498,-85.498,-85.498,-85.498,-85.498,-85.498,-85.498,-85.498,-85.498,-85.498,-85.498,-85.498,-85.498,-85.498,-85.498,-85.498,-85.498,-85.498,-85.498,-85.498,-85.498,-85.498,-85.498,-85.498,-85.498,-85.498,-85.498,-85.498,-85.498,-85.498,-85.498,-85.498,-85.498,-85.498,-85.498,-85.498,-85.498,-85.498,-85.498,-85.498,-85.498,-85.498,-85.498,-85.498,-85.498,-85.498,-85.498,-85.498,-85.498,-85.498,-85.498,-85.498,-85.498,-85.498,-85.498,-85.498,-85.498,-85.498,-85.498,-85.498,-85.498,-85.498,-85.498,-85.498,-85.498,-85.498,-85.498,-85.498,-85.498,-85.498,-85.498,-85.498,-85.498,-85.498,-85.498,-85.498,-85.498,-85.498,-85.498,-85.498,-85.498,-85.498,-85.498,-85.498,-85.498,-85.498,-85.498,-85.498,-85.498,-85.498,-85.498,-85.498,-85.498,-85.498,-85.498,-85.498,-85.498,-85.498,-85.498,-85.498,-85.498,-85.498,-85.498,-85.498,-85.498,-85.498,-85.498,-85.498,-85.498,-85.498,-85.498,-85.498,-85.498,-85.498,-85.498,-85.498,-85.498,-85.524,-84.712,-84.791,-84.87,-84.811,-84.724,-85.6,-85.739,-85.133,-85.213,-85.292,-84.114,-84.611,-84.879,-84.134,-84.449,-84.532,-84.615,-83.996,-84.384,-84.444,-84.789,-84.873,-84.956,-85.04,-85.694,-84.748,-83.991,-84.1,-84.015,-84.103,-84.19,-84.305,-84.869,-84.61,-83.867,-83.553,-83.644,-83.734,-83.692,-84.993,-85.561,-84.655,-84.953,-85.041,-85.13,-85.219,-84.99,-84.828,-84.236,-82.002,-82.101,-82.199,-78.53,-79.944,-80.834,-81.1,-82.883,-82.981,-83.08,-83.338,-83.692,-83.188,-82.707,-84.501,-84.597,-84.693,-86.169,-86.141,-86.873,-86.879,-84.999,-85.097,-85.194,-85.675,-86.626,-86.815,-86.07,-85.951,-86.047,-86.144,-86.24,-84.805,-85.048,-84.714,-85.294,-85.395,-85.496,-86.212,-86.648,-86.608,-86.178,-85.117,-85.221,-85.326,-84.764,-84.907,-86.17,-85.908,-85.834,-85.939,-86.043,-86.311,-86.943,-86.979,-86.996,-87.522,-87.623,-87.723,-87.83,-88.222,-87.699,-88.697,-89.38,-89.475
"AR DIFF(P-B)",3.224,3.22,3.26100000000001,3.31700000000001,3.31,3.34700000000001,3.33800000000001,3.43300000000001,7.227,7.19800000000001,7.21300000000001,7.18400000000001,7.21300000000001,7.26300000000001,7.393,7.319,7.321,7.24300000000001,7.26000000000001,7.26600000000001,7.247,7.369,7.31,7.23100000000001,7.26100000000001,7.235,7.188,7.205,7.14400000000001,7.19500000000001,7.16800000000001,7.146,7.113,6.98400000000001,6.88600000000001,6.91300000000001,7.12100000000001,7.03500000000001,7.27000000000001,6.063,5.96000000000001,6.018,6.105,6.18900000000001,6.32300000000001,6.182,6.22200000000001,6.211,6.24900000000001,5.991,6.04700000000001,5.93400000000001,5.986,6.43300000000001,8.51300000000001,9.03800000000001,9.682,9.50500000000001,9.783,9.721,9.56100000000001,7.57600000000001,7.741,7.614,7.91900000000001,8.12700000000001,8.417,10.678,11.177,11.025,10.456,10.996,11.032,8.22200000000001,8.29400000000001,11.148,11.77,12.236,12.363,12.596,9.93400000000001,12.63,10.51,8.946,8.96600000000001,9.316,9.30200000000001,9.63500000000001,9.59,9.402,9.595,9.902,11.761,10.015,9.896,9.83200000000001,9.961,9.861,9.88300000000001,9.824,9.444,11.729,9.497,9.41600000000001,9.262,9.004,9.03500000000001,11.119,8.914,8.839,8.697,10.741,10.624,10.596,10.916,10.395,11.076,11.029,10.33,11.173,10.682,11.746,11.565,11.711,11.747,11.108,10.846,11.323,11.348,10.838,11.467,7.30300000000001,7.40000000000001,10.497,10.79,10.564,10.898,11.049,9.345,9.53,10.159,10.125,10.138,10.276,10.281,10.332,8.64700000000001,8.65700000000001,8.711,8.77300000000001,8.872,9.04900000000001,9.131,8.821,8.84400000000001,11.42,11.34,11.536,11.475,8.861,8.89700000000001,8.75700000000001,8.783,11.806,15.317,16.139,14.568,13.871,13.662,16.756,17.344,15.58,15.337,17.849,18.109,15.049,15.23,15.79,14.45,14.602,14.185,13.107,12.668,10.957,11.754,11.371,10.792,11.555,12.936,12.639,12.052,12.19,11.108,10.738,10.834,10.637,12.142,11.256,12.5,13.067,12.337,13.154,12.829,11.736,11.967,11.082,10.67,10.735,11.017,11.724,12.628,13.407,16.038,19.235,17.368,15.232,16.187,17.081,17.457,17.781,17.096,18.043,17.773,13.322,14.885,17.534,12.376,14.889,13.957,10.406,10.846,10.67,13.984,12.458,12.496,12.805,12.978,11.267,11.748,16.555,13.12,13.115,14.875,17.353,15.665,13.446,14.275,13.078,12.495,14.448,11.117,11.28,11.506,11.881,13.518,12.803,14.399,11.585,10.934,9.816,11.262,13.444,11.398,12.819,11.964,12.254,10.502,10.336,9.70700000000001,8.614,9.34699999999999,8.589,7.452,8.804,6.176,7.179,6.72099999999999
"P Volatility",81.46,81.5,81.43,81.36,81.39,81.29,81.29,81.14,84.45,84.46,84.42,84.44,84.37,84.33,84.11,84.25,84.23,84.38,84.31,84.27,84.3,84.11,84.14,84.31,84.27,84.35,84.41,84.38,84.42,84.41,84.42,84.46,84.53,84.82,85.08,84.97,84.64,84.96,84.53,81.27,81.39,81.74,81.43,81.38,81.2,80.95,81.15,81.09,81.27,80.82,80.87,80.88,81.04,80.88,76.62,75.61,74.97,75.1,74.54,74.17,74.43,79.08,78.74,78.97,79.11,78.82,78.84,74.11,74.29,74.63,74.51,74.3,74.93,78.6,79.45,74.45,74.39,74.57,74.4,73.9,79.74,74.2,79.68,83.2,82.59,81.94,81.36,81.81,81.69,82.22,82.04,81.19,75.12,81.42,81.61,81.65,81.52,81.63,81.4,81.65,81.28,74.93,81.18,81.47,81.6,82.29,82.14,76.17,81.94,82.38,82.62,77.36,77.55,77.44,78.21,76.39,78.64,78.42,76.56,78.49,76.42,72.2,71.97,71.95,71.73,77.87,77.13,70,70.44,76.92,70.46,82.94,82.89,76.53,76.35,76.8,76.45,76.18,77.06,77.81,82.43,82.24,82.34,82.05,82.21,81.98,82.57,81.95,82.08,81.74,81.38,81.62,81.1,80.56,80.66,74.69,74.89,74.79,74.95,73.58,73.53,79.26,79.15,72.57,72.68,72.44,71.85,71.97,72.03,72.24,72.05,72.34,72.49,72.6,72.33,71.59,71.44,70.71,70.65,70.91,70.95,70.41,70.47,70.65,71.02,70.73,70.43,70.74,70.65,70.73,70.78,70.45,70.19,70.34,70.75,74.65,74.69,74.75,75.13,75.32,74.95,75.01,74.61,74.85,74.9,75.12,75.08,75.25,75.92,75.61,75.58,75.45,75.73,76.1,75.87,76.05,75.57,75.57,75.6,75.41,75.23,75.58,75.48,82.22,82.27,78.8,82.24,78.6,78.78,81.8,81.72,81.52,78.22,81.76,81.73,81.83,81.77,81.41,81.33,77.92,75.5,79.92,79.97,79.94,81.61,78.78,75.23,79.54,75.24,75.32,75.29,74.8,74.81,74.93,74.81,74.83,74.93,70.87,70.76,70.75,70.75,77.72,70.84,75.55,75.59,75.49,75.38,75.15,74.87,75.03,75.14,75.42,75.72,79.77,76.4,76.38,76.57
"B Volatility",84.65,84.65,84.65,84.65,84.65,84.65,84.65,84.65,84.65,84.65,84.65,84.65,84.65,84.65,84.65,84.65,84.65,84.65,84.65,84.65,84.65,84.65,84.65,84.65,84.65,84.65,84.65,84.65,84.65,84.65,84.65,84.65,84.65,84.65,84.65,84.65,84.65,84.65,84.65,84.65,84.65,84.65,84.65,84.65,84.65,84.65,84.65,84.65,84.65,84.65,84.65,84.65,84.65,84.65,84.65,84.65,84.65,84.65,84.65,84.65,84.65,84.65,84.65,84.65,84.65,84.65,84.65,84.65,84.65,84.65,84.65,84.65,84.65,84.65,84.65,84.65,84.65,84.65,84.65,84.65,84.65,84.65,84.65,84.65,84.65,84.65,84.65,84.65,84.65,84.65,84.65,84.65,84.65,84.65,84.65,84.65,84.65,84.65,84.65,84.65,84.65,84.65,84.65,84.65,84.65,84.65,84.65,84.65,84.65,84.65,84.65,84.65,84.65,84.65,84.65,84.65,84.65,84.65,84.65,84.65,84.65,84.65,84.65,84.65,84.65,84.65,84.65,84.65,84.65,84.65,84.65,84.65,84.65,84.65,84.65,84.65,84.65,84.65,84.65,84.65,84.65,84.65,84.65,84.65,84.65,84.65,84.65,84.65,84.65,84.65,84.65,84.65,84.65,84.65,84.65,84.65,84.65,84.65,84.65,84.65,84.65,84.65,84.65,84.65,84.65,84.65,84.65,84.65,84.65,84.65,84.65,84.65,84.65,84.65,84.65,84.65,84.65,84.65,84.65,84.65,84.65,84.65,84.65,84.65,84.65,84.65,84.65,84.65,84.65,84.65,84.65,84.65,88.91,88.91,88.91,88.91,88.91,88.91,88.91,88.91,88.91,88.91,88.91,88.91,88.91,88.91,88.91,88.91,88.91,88.91,88.91,88.91,88.91,88.91,88.91,88.91,88.91,88.91,88.91,88.91,88.91,88.91,88.91,93.22,93.22,93.22,93.22,93.22,93.22,93.22,93.22,93.22,93.22,93.22,93.22,93.22,93.22,93.22,93.22,93.22,93.22,93.22,93.22,93.22,93.22,93.22,93.22,93.22,93.22,93.22,93.22,97.89,97.89,97.89,97.89,97.89,97.89,97.89,97.89,97.89,97.89,97.89,97.89,97.89,97.89,97.89,97.89,97.89,97.89,97.89,97.89,97.89,97.89,97.89,97.89,97.89,97.89
"V DIFF(P-B)",-3.19000000000001,-3.15000000000001,-3.22,-3.29000000000001,-3.26000000000001,-3.36,-3.36,-3.51000000000001,-0.200000000000003,-0.190000000000012,-0.230000000000004,-0.210000000000008,-0.280000000000001,-0.320000000000007,-0.540000000000006,-0.400000000000006,-0.420000000000002,-0.27000000000001,-0.340000000000003,-0.38000000000001,-0.350000000000009,-0.540000000000006,-0.510000000000005,-0.340000000000003,-0.38000000000001,-0.300000000000011,-0.240000000000009,-0.27000000000001,-0.230000000000004,-0.240000000000009,-0.230000000000004,-0.190000000000012,-0.120000000000005,0.169999999999987,0.429999999999993,0.319999999999993,-0.0100000000000051,0.309999999999988,-0.120000000000005,-3.38000000000001,-3.26000000000001,-2.91000000000001,-3.22,-3.27000000000001,-3.45,-3.7,-3.5,-3.56,-3.38000000000001,-3.83000000000001,-3.78,-3.77000000000001,-3.61,-3.77000000000001,-8.03,-9.04000000000001,-9.68000000000001,-9.55000000000001,-10.11,-10.48,-10.22,-5.57000000000001,-5.91000000000001,-5.68000000000001,-5.54000000000001,-5.83000000000001,-5.81,-10.54,-10.36,-10.02,-10.14,-10.35,-9.72,-6.05000000000001,-5.2,-10.2,-10.26,-10.08,-10.25,-10.75,-4.91000000000001,-10.45,-4.97,-1.45,-2.06,-2.71000000000001,-3.29000000000001,-2.84,-2.96000000000001,-2.43000000000001,-2.61,-3.46000000000001,-9.53,-3.23,-3.04000000000001,-3,-3.13000000000001,-3.02000000000001,-3.25,-3,-3.37,-9.72,-3.47,-3.18000000000001,-3.05000000000001,-2.36,-2.51000000000001,-8.48,-2.71000000000001,-2.27000000000001,-2.03,-7.29000000000001,-7.10000000000001,-7.21000000000001,-6.44000000000001,-8.26000000000001,-6.01000000000001,-6.23,-8.09,-6.16000000000001,-8.23,-12.45,-12.68,-12.7,-12.92,-6.78,-7.52000000000001,-14.65,-14.21,-7.73,-14.19,-1.71000000000001,-1.76000000000001,-8.12,-8.30000000000001,-7.85000000000001,-8.2,-8.47,-7.59,-6.84,-2.22,-2.41000000000001,-2.31,-2.60000000000001,-2.44000000000001,-2.67,-2.08000000000001,-2.7,-2.57000000000001,-2.91000000000001,-3.27000000000001,-3.03,-3.55000000000001,-4.09,-3.99000000000001,-9.96000000000001,-9.76000000000001,-9.86,-9.7,-11.07,-11.12,-5.39,-5.5,-12.08,-11.97,-12.21,-12.8,-12.68,-12.62,-12.41,-12.6,-12.31,-12.16,-12.05,-12.32,-13.06,-13.21,-13.94,-14,-13.74,-13.7,-14.24,-14.18,-14,-13.63,-13.92,-14.22,-13.91,-14,-13.92,-13.87,-14.2,-18.72,-18.57,-18.16,-14.26,-14.22,-14.16,-13.78,-13.59,-13.96,-13.9,-14.3,-14.06,-14.01,-13.79,-13.83,-13.66,-12.99,-13.3,-13.33,-13.46,-13.18,-12.81,-13.04,-12.86,-13.34,-13.34,-13.31,-13.5,-13.68,-13.33,-13.43,-11,-10.95,-14.42,-10.98,-14.62,-14.44,-11.42,-11.5,-11.7,-15,-11.46,-11.49,-11.39,-11.45,-11.81,-11.89,-15.3,-17.72,-13.3,-13.25,-13.28,-11.61,-14.44,-17.99,-13.68,-17.98,-17.9,-17.93,-23.09,-23.08,-22.96,-23.08,-23.06,-22.96,-27.02,-27.13,-27.14,-27.14,-20.17,-27.05,-22.34,-22.3,-22.4,-22.51,-22.74,-23.02,-22.86,-22.75,-22.47,-22.17,-18.12,-21.49,-21.51,-21.32
"P Tracking Error",39.73,39.74,39.76,39.76,39.73,39.68,39.69,39.66,41.93,41.96,41.97,41.99,41.97,41.85,41.74,41.83,41.85,41.93,41.92,41.92,41.95,41.86,41.97,42.06,42.03,42.04,42.12,42.14,42.15,42.06,42.1,42.13,42.16,42.24,42.3,42.33,42.16,42.11,41.88,42.39,42.42,42.24,42.24,42.2,42.13,42.35,42.32,42.35,42.24,42.53,42.47,42.55,42.5,42.04,46.32,46.49,46.6,46.76,46.85,47.11,47.01,41.17,41.2,41.24,41.04,40.89,40.71,46.95,46.78,46.67,46.94,46.73,45.72,40.44,40.11,45.95,46.16,45.87,45.91,45.91,39.09,45.69,45.45,44.93,45.1,45.05,45.3,45.04,45.03,44.9,44.75,45.09,43.22,45.02,45.09,45.18,45.17,45.16,45.19,45.04,46.65,45.73,46.71,46.64,46.66,46.4,46.43,46.19,46.68,46.42,46.35,46.04,46,46.05,47.31,46.77,47.2,47.26,46.57,47.21,46.36,46.3,46.52,46.51,46.67,47,47.29,48.23,47.75,47.41,47.67,40.36,40.31,47.09,46.92,46.93,46.98,46.96,39.84,39.64,36.83,36.85,36.82,36.76,36.79,36.84,39.53,39.63,39.58,39.56,39.61,39.36,39.46,39.81,39.78,46.46,46.57,46.56,46.59,41.18,41.11,40.8,40.86,48.3,48.75,49.04,49.22,49.09,49.07,49.05,48.94,48.73,48.69,48.65,48.7,49.29,49.41,49.87,49.87,49.48,49.43,49.83,49.75,49.71,49.53,49.91,50.22,50.06,50.03,49.75,49.72,49.87,49.78,49.57,49.19,46.29,46.33,46.12,45.59,45.62,45.78,45.82,46.1,45.83,45.72,45.25,45.15,45.22,44.34,44.95,44.96,44.99,44.84,44.23,44.48,44.13,44.63,44.62,44.49,44.61,44.86,44.66,45,41.09,41.12,47.46,41.14,47.62,47.3,41.09,41.16,41.21,46.9,41.15,41.17,41.11,41.2,41.35,41.35,47.46,42.49,38.71,38.76,39.02,41.38,39.85,43.01,39.28,42.75,42.8,42.98,44.59,44.65,44.4,44.51,44.43,44.38,42.7,42.71,42.74,42.71,40.9,42.55,38.16,38.12,38.21,38.33,38.56,38.76,38.53,38.37,38.11,37.73,39.95,37.6,37.64,37.6
"B Tracking Error",NA,NA,NA,NA,NA,NA,NA,NA,NA,NA,NA,NA,NA,NA,NA,NA,NA,NA,NA,NA,NA,NA,NA,NA,NA,NA,NA,NA,NA,NA,NA,NA,NA,NA,NA,NA,NA,NA,NA,NA,NA,NA,NA,NA,NA,NA,NA,NA,NA,NA,NA,NA,NA,NA,NA,NA,NA,NA,NA,NA,NA,NA,NA,NA,NA,NA,NA,NA,NA,NA,NA,NA,NA,NA,NA,NA,NA,NA,NA,NA,NA,NA,NA,NA,NA,NA,NA,NA,NA,NA,NA,NA,NA,NA,NA,NA,NA,NA,NA,NA,NA,NA,NA,NA,NA,NA,NA,NA,NA,NA,NA,NA,NA,NA,NA,NA,NA,NA,NA,NA,NA,NA,NA,NA,NA,NA,NA,NA,NA,NA,NA,NA,NA,NA,NA,NA,NA,NA,NA,NA,NA,NA,NA,NA,NA,NA,NA,NA,NA,NA,NA,NA,NA,NA,NA,NA,NA,NA,NA,NA,NA,NA,NA,NA,NA,NA,NA,NA,NA,NA,NA,NA,NA,NA,NA,NA,NA,NA,NA,NA,NA,NA,NA,NA,NA,NA,NA,NA,NA,NA,NA,NA,NA,NA,NA,NA,NA,NA,NA,NA,NA,NA,NA,NA,NA,NA,NA,NA,NA,NA,NA,NA,NA,NA,NA,NA,NA,NA,NA,NA,NA,NA,NA,NA,NA,NA,NA,NA,NA,NA,NA,NA,NA,NA,NA,NA,NA,NA,NA,NA,NA,NA,NA,NA,NA,NA,NA,NA,NA,NA,NA,NA,NA,NA,NA,NA,NA,NA,NA,NA,NA,NA,NA,NA,NA,NA,NA,NA,NA,NA,NA,NA,NA,NA,NA,NA,NA
"IR",NA,NA,NA,NA,NA,NA,NA,NA,NA,NA,NA,NA,NA,NA,NA,NA,NA,NA,NA,NA,NA,NA,NA,NA,NA,NA,NA,NA,NA,NA,NA,NA,NA,NA,NA,NA,NA,NA,NA,NA,NA,NA,NA,NA,NA,NA,NA,NA,NA,NA,NA,NA,NA,NA,NA,NA,NA,NA,NA,NA,NA,NA,NA,NA,NA,NA,NA,NA,NA,NA,NA,NA,NA,NA,NA,NA,NA,NA,NA,NA,NA,NA,NA,NA,NA,NA,NA,NA,NA,NA,NA,NA,NA,NA,NA,NA,NA,NA,NA,NA,NA,NA,NA,NA,NA,NA,NA,NA,NA,NA,NA,NA,NA,NA,NA,NA,NA,NA,NA,NA,NA,NA,NA,NA,NA,NA,NA,NA,NA,NA,NA,NA,NA,NA,NA,NA,NA,NA,NA,NA,NA,NA,NA,NA,NA,NA,NA,NA,NA,NA,NA,NA,NA,NA,NA,NA,NA,NA,NA,NA,NA,NA,NA,NA,NA,NA,NA,NA,NA,NA,NA,NA,NA,NA,NA,NA,NA,NA,NA,NA,NA,NA,NA,NA,NA,NA,NA,NA,NA,NA,NA,NA,NA,NA,NA,NA,NA,NA,NA,NA,NA,NA,NA,NA,NA,NA,NA,NA,NA,NA,NA,NA,NA,NA,NA,NA,NA,NA,NA,NA,NA,NA,NA,NA,NA,NA,NA,NA,NA,NA,NA,NA,NA,NA,NA,NA,NA,NA,NA,NA,NA,NA,NA,NA,NA,NA,NA,NA,NA,NA,NA,NA,NA,NA,NA,NA,NA,NA,NA,NA,NA,NA,NA,NA,NA,NA,NA,NA,NA,NA,NA,NA,NA,NA,NA,NA,NA
"P Information Ratio",0.08,0.08,0.08,0.08,0.08,0.08,0.08,0.09,0.17,0.17,0.17,0.17,0.17,0.17,0.18,0.17,0.17,0.17,0.17,0.17,0.17,0.18,0.17,0.17,0.17,0.17,0.17,0.17,0.17,0.17,0.17,0.17,0.17,0.17,0.16,0.16,0.17,0.17,0.17,0.14,0.14,0.14,0.14,0.15,0.15,0.15,0.15,0.15,0.15,0.14,0.14,0.14,0.14,0.15,0.18,0.19,0.21,0.2,0.21,0.21,0.2,0.18,0.19,0.18,0.19,0.2,0.21,0.23,0.24,0.24,0.22,0.24,0.24,0.2,0.21,0.24,0.25,0.27,0.27,0.27,0.25,0.28,0.23,0.2,0.2,0.21,0.21,0.21,0.21,0.21,0.21,0.22,0.27,0.22,0.22,0.22,0.22,0.22,0.22,0.22,0.2,0.26,0.2,0.2,0.2,0.19,0.19,0.24,0.19,0.19,0.19,0.23,0.23,0.23,0.23,0.22,0.23,0.23,0.22,0.24,0.23,0.25,0.25,0.25,0.25,0.24,0.23,0.23,0.24,0.23,0.24,0.18,0.18,0.22,0.23,0.23,0.23,0.24,0.23,0.24,0.28,0.27,0.28,0.28,0.28,0.28,0.22,0.22,0.22,0.22,0.22,0.23,0.23,0.22,0.22,0.25,0.24,0.25,0.25,0.22,0.22,0.21,0.21,0.24,0.31,0.33,0.3,0.28,0.28,0.34,0.35,0.32,0.31,0.37,0.37,0.31,0.31,0.32,0.29,0.3,0.29,0.26,0.25,0.22,0.24,0.23,0.21,0.23,0.26,0.25,0.24,0.24,0.22,0.22,0.22,0.23,0.26,0.24,0.27,0.29,0.27,0.29,0.28,0.26,0.26,0.24,0.24,0.24,0.25,0.26,0.28,0.3,0.36,0.43,0.39,0.35,0.36,0.38,0.39,0.4,0.38,0.4,0.39,0.32,0.36,0.37,0.3,0.31,0.3,0.25,0.26,0.26,0.3,0.3,0.3,0.31,0.31,0.27,0.28,0.35,0.31,0.34,0.38,0.44,0.38,0.34,0.33,0.33,0.29,0.34,0.26,0.25,0.26,0.27,0.3,0.29,0.32,0.27,0.26,0.23,0.26,0.33,0.27,0.34,0.31,0.32,0.27,0.27,0.25,0.22,0.24,0.23,0.2,0.22,0.16,0.19,0.18
"B Information Ratio",NA,NA,NA,NA,NA,NA,NA,NA,NA,NA,NA,NA,NA,NA,NA,NA,NA,NA,NA,NA,NA,NA,NA,NA,NA,NA,NA,NA,NA,NA,NA,NA,NA,NA,NA,NA,NA,NA,NA,NA,NA,NA,NA,NA,NA,NA,NA,NA,NA,NA,NA,NA,NA,NA,NA,NA,NA,NA,NA,NA,NA,NA,NA,NA,NA,NA,NA,NA,NA,NA,NA,NA,NA,NA,NA,NA,NA,NA,NA,NA,NA,NA,NA,NA,NA,NA,NA,NA,NA,NA,NA,NA,NA,NA,NA,NA,NA,NA,NA,NA,NA,NA,NA,NA,NA,NA,NA,NA,NA,NA,NA,NA,NA,NA,NA,NA,NA,NA,NA,NA,NA,NA,NA,NA,NA,NA,NA,NA,NA,NA,NA,NA,NA,NA,NA,NA,NA,NA,NA,NA,NA,NA,NA,NA,NA,NA,NA,NA,NA,NA,NA,NA,NA,NA,NA,NA,NA,NA,NA,NA,NA,NA,NA,NA,NA,NA,NA,NA,NA,NA,NA,NA,NA,NA,NA,NA,NA,NA,NA,NA,NA,NA,NA,NA,NA,NA,NA,NA,NA,NA,NA,NA,NA,NA,NA,NA,NA,NA,NA,NA,NA,NA,NA,NA,NA,NA,NA,NA,NA,NA,NA,NA,NA,NA,NA,NA,NA,NA,NA,NA,NA,NA,NA,NA,NA,NA,NA,NA,NA,NA,NA,NA,NA,NA,NA,NA,NA,NA,NA,NA,NA,NA,NA,NA,NA,NA,NA,NA,NA,NA,NA,NA,NA,NA,NA,NA,NA,NA,NA,NA,NA,NA,NA,NA,NA,NA,NA,NA,NA,NA,NA,NA,NA,NA,NA,NA,NA
"AS",NA,NA,NA,NA,NA,NA,NA,NA,NA,NA,NA,NA,NA,NA,NA,NA,NA,NA,NA,NA,NA,NA,NA,NA,NA,NA,NA,NA,NA,NA,NA,NA,NA,NA,NA,NA,NA,NA,NA,NA,NA,NA,NA,NA,NA,NA,NA,NA,NA,NA,NA,NA,NA,NA,NA,NA,NA,NA,NA,NA,NA,NA,NA,NA,NA,NA,NA,NA,NA,NA,NA,NA,NA,NA,NA,NA,NA,NA,NA,NA,NA,NA,NA,NA,NA,NA,NA,NA,NA,NA,NA,NA,NA,NA,NA,NA,NA,NA,NA,NA,NA,NA,NA,NA,NA,NA,NA,NA,NA,NA,NA,NA,NA,NA,NA,NA,NA,NA,NA,NA,NA,NA,NA,NA,NA,NA,NA,NA,NA,NA,NA,NA,NA,NA,NA,NA,NA,NA,NA,NA,NA,NA,NA,NA,NA,NA,NA,NA,NA,NA,NA,NA,NA,NA,NA,NA,NA,NA,NA,NA,NA,NA,NA,NA,NA,NA,NA,NA,NA,NA,NA,NA,NA,NA,NA,NA,NA,NA,NA,NA,NA,NA,NA,NA,NA,NA,NA,NA,NA,NA,NA,NA,NA,NA,NA,NA,NA,NA,NA,NA,NA,NA,NA,NA,NA,NA,NA,NA,NA,NA,NA,NA,NA,NA,NA,NA,NA,NA,NA,NA,NA,NA,NA,NA,NA,NA,NA,NA,NA,NA,NA,NA,NA,NA,NA,NA,NA,NA,NA,NA,NA,NA,NA,NA,NA,NA,NA,NA,NA,NA,NA,NA,NA,NA,NA,NA,NA,NA,NA,NA,NA,NA,NA,NA,NA,NA,NA,NA,NA,NA,NA,NA,NA,NA,NA,NA,NA
"P Alpha Stat",-0.74,-0.74,-0.75,-0.75,-0.75,-0.76,-0.76,-0.77,1.18,1.18,1.17,1.18,1.18,1.2,1.18,1.18,1.18,1.18,1.18,1.17,1.17,1.15,1.14,1.13,1.13,1.13,1.12,1.11,1.15,1.15,1.16,1.16,1.16,1.19,1.21,1.19,1.17,1.2,1.18,0.12,0.11,0.18,0.16,0.17,0.18,0.1,0.14,0.12,0.17,0.04,0.07,0.04,0.08,0.18,-0.09,-0.1,-0.03,-0.05,-0.05,-0.11,-0.1,0.29,0.28,0.28,0.37,0.39,0.45,0.08,0.21,0.23,0.03,0.14,0.25,0.31,0.46,0.22,0.34,0.5,0.52,0.51,0.98,0.57,0.85,1.1,1.02,1.03,0.94,1.1,1.07,1.09,1.13,1.09,0.63,1.15,1.15,1.13,1.14,1.13,1.11,1.13,0.79,0.34,0.78,0.8,0.77,0.79,0.79,0.33,0.72,0.77,0.76,0.53,0.54,0.51,0.64,0.31,0.73,0.69,0.31,0.72,0.38,-0.05,-0.13,-0.1,-0.12,0.66,0.5,-0.47,-0.4,0.45,-0.37,0.76,0.77,0.34,0.39,0.4,0.43,0.43,0.39,0.53,1.77,1.73,1.75,1.75,1.77,1.74,1.08,1,1.04,1.01,0.99,1.08,1.02,0.85,0.87,0.34,0.34,0.38,0.38,-0.56,-0.57,0.64,0.56,-0.05,0,-0.08,-0.19,-0.25,-0.25,-0.18,-0.26,-0.21,-0.17,-0.15,-0.14,-0.21,-0.22,-0.27,-0.28,-0.29,-0.27,-0.35,-0.39,-0.37,-0.28,-0.34,-0.4,-0.34,-0.36,-0.35,-0.35,-0.37,1.07,1.09,1.16,1.76,1.78,1.75,1.78,1.83,1.76,1.75,1.65,1.72,1.71,1.7,1.7,1.74,1.79,1.81,1.79,1.75,1.78,1.76,1.76,1.76,1.74,1.7,1.68,1.63,1.66,1.7,1.72,1.37,1.37,1.22,1.38,1.22,1.23,1.2,1.24,1.18,1.1,1.26,1.26,1.25,1.3,1.24,1.24,1.14,-0.2,0.84,0.86,0.79,1.31,0.15,-0.17,0.81,-0.2,-0.21,-0.17,-2.08,-2.09,-2.12,-2.1,-2.11,-2.12,-3.63,-3.67,-3.67,-3.68,-1.96,-3.7,-2.66,-2.67,-2.68,-2.69,-2.68,-2.72,-2.65,-2.66,-2.6,-2.6,-1.02,-2.4,-2.45,-2.38
"B Alpha Stat",NA,NA,NA,NA,NA,NA,NA,NA,NA,NA,NA,NA,NA,NA,NA,NA,NA,NA,NA,NA,NA,NA,NA,NA,NA,NA,NA,NA,NA,NA,NA,NA,NA,NA,NA,NA,NA,NA,NA,NA,NA,NA,NA,NA,NA,NA,NA,NA,NA,NA,NA,NA,NA,NA,NA,NA,NA,NA,NA,NA,NA,NA,NA,NA,NA,NA,NA,NA,NA,NA,NA,NA,NA,NA,NA,NA,NA,NA,NA,NA,NA,NA,NA,NA,NA,NA,NA,NA,NA,NA,NA,NA,NA,NA,NA,NA,NA,NA,NA,NA,NA,NA,NA,NA,NA,NA,NA,NA,NA,NA,NA,NA,NA,NA,NA,NA,NA,NA,NA,NA,NA,NA,NA,NA,NA,NA,NA,NA,NA,NA,NA,NA,NA,NA,NA,NA,NA,NA,NA,NA,NA,NA,NA,NA,NA,NA,NA,NA,NA,NA,NA,NA,NA,NA,NA,NA,NA,NA,NA,NA,NA,NA,NA,NA,NA,NA,NA,NA,NA,NA,NA,NA,NA,NA,NA,NA,NA,NA,NA,NA,NA,NA,NA,NA,NA,NA,NA,NA,NA,NA,NA,NA,NA,NA,NA,NA,NA,NA,NA,NA,NA,NA,NA,NA,NA,NA,NA,NA,NA,NA,NA,NA,NA,NA,NA,NA,NA,NA,NA,NA,NA,NA,NA,NA,NA,NA,NA,NA,NA,NA,NA,NA,NA,NA,NA,NA,NA,NA,NA,NA,NA,NA,NA,NA,NA,NA,NA,NA,NA,NA,NA,NA,NA,NA,NA,NA,NA,NA,NA,NA,NA,NA,NA,NA,NA,NA,NA,NA,NA,NA,NA,NA,NA,NA,NA,NA,NA
"BS",NA,NA,NA,NA,NA,NA,NA,NA,NA,NA,NA,NA,NA,NA,NA,NA,NA,NA,NA,NA,NA,NA,NA,NA,NA,NA,NA,NA,NA,NA,NA,NA,NA,NA,NA,NA,NA,NA,NA,NA,NA,NA,NA,NA,NA,NA,NA,NA,NA,NA,NA,NA,NA,NA,NA,NA,NA,NA,NA,NA,NA,NA,NA,NA,NA,NA,NA,NA,NA,NA,NA,NA,NA,NA,NA,NA,NA,NA,NA,NA,NA,NA,NA,NA,NA,NA,NA,NA,NA,NA,NA,NA,NA,NA,NA,NA,NA,NA,NA,NA,NA,NA,NA,NA,NA,NA,NA,NA,NA,NA,NA,NA,NA,NA,NA,NA,NA,NA,NA,NA,NA,NA,NA,NA,NA,NA,NA,NA,NA,NA,NA,NA,NA,NA,NA,NA,NA,NA,NA,NA,NA,NA,NA,NA,NA,NA,NA,NA,NA,NA,NA,NA,NA,NA,NA,NA,NA,NA,NA,NA,NA,NA,NA,NA,NA,NA,NA,NA,NA,NA,NA,NA,NA,NA,NA,NA,NA,NA,NA,NA,NA,NA,NA,NA,NA,NA,NA,NA,NA,NA,NA,NA,NA,NA,NA,NA,NA,NA,NA,NA,NA,NA,NA,NA,NA,NA,NA,NA,NA,NA,NA,NA,NA,NA,NA,NA,NA,NA,NA,NA,NA,NA,NA,NA,NA,NA,NA,NA,NA,NA,NA,NA,NA,NA,NA,NA,NA,NA,NA,NA,NA,NA,NA,NA,NA,NA,NA,NA,NA,NA,NA,NA,NA,NA,NA,NA,NA,NA,NA,NA,NA,NA,NA,NA,NA,NA,NA,NA,NA,NA,NA,NA,NA,NA,NA,NA,NA
"P Beta Stat",0.85,0.85,0.85,0.85,0.85,0.85,0.85,0.85,0.87,0.87,0.87,0.87,0.87,0.87,0.87,0.87,0.87,0.87,0.87,0.87,0.87,0.87,0.87,0.87,0.87,0.87,0.87,0.87,0.87,0.87,0.87,0.87,0.87,0.88,0.88,0.88,0.88,0.88,0.88,0.84,0.84,0.84,0.84,0.84,0.84,0.83,0.83,0.83,0.84,0.83,0.83,0.83,0.83,0.83,0.76,0.75,0.74,0.74,0.73,0.73,0.73,0.82,0.81,0.82,0.82,0.82,0.82,0.73,0.73,0.74,0.73,0.73,0.75,0.82,0.83,0.74,0.74,0.74,0.74,0.73,0.84,0.74,0.8,0.84,0.83,0.83,0.82,0.83,0.82,0.83,0.83,0.82,0.76,0.82,0.82,0.82,0.82,0.82,0.82,0.82,0.81,0.75,0.81,0.81,0.81,0.82,0.82,0.76,0.82,0.82,0.83,0.77,0.77,0.77,0.77,0.75,0.78,0.77,0.76,0.77,0.76,0.71,0.71,0.71,0.71,0.77,0.76,0.68,0.69,0.76,0.69,0.87,0.87,0.75,0.75,0.76,0.75,0.75,0.8,0.81,0.88,0.88,0.88,0.88,0.88,0.87,0.87,0.86,0.86,0.86,0.85,0.86,0.85,0.84,0.84,0.74,0.74,0.74,0.74,0.76,0.76,0.82,0.82,0.7,0.7,0.7,0.69,0.69,0.69,0.7,0.7,0.7,0.7,0.7,0.7,0.69,0.69,0.68,0.67,0.68,0.68,0.67,0.67,0.68,0.68,0.68,0.67,0.67,0.67,0.68,0.68,0.67,0.65,0.66,0.66,0.72,0.72,0.72,0.73,0.73,0.72,0.72,0.72,0.72,0.72,0.73,0.73,0.73,0.74,0.73,0.73,0.73,0.74,0.74,0.74,0.74,0.74,0.74,0.74,0.73,0.73,0.74,0.73,0.79,0.79,0.73,0.79,0.72,0.73,0.79,0.79,0.78,0.73,0.79,0.79,0.79,0.79,0.78,0.78,0.72,0.72,0.78,0.78,0.78,0.78,0.77,0.72,0.78,0.72,0.72,0.72,0.69,0.69,0.69,0.69,0.69,0.69,0.67,0.67,0.67,0.67,0.73,0.67,0.72,0.72,0.72,0.72,0.72,0.71,0.72,0.72,0.72,0.72,0.75,0.73,0.73,0.73
"B Beta Stat",NA,NA,NA,NA,NA,NA,NA,NA,NA,NA,NA,NA,NA,NA,NA,NA,NA,NA,NA,NA,NA,NA,NA,NA,NA,NA,NA,NA,NA,NA,NA,NA,NA,NA,NA,NA,NA,NA,NA,NA,NA,NA,NA,NA,NA,NA,NA,NA,NA,NA,NA,NA,NA,NA,NA,NA,NA,NA,NA,NA,NA,NA,NA,NA,NA,NA,NA,NA,NA,NA,NA,NA,NA,NA,NA,NA,NA,NA,NA,NA,NA,NA,NA,NA,NA,NA,NA,NA,NA,NA,NA,NA,NA,NA,NA,NA,NA,NA,NA,NA,NA,NA,NA,NA,NA,NA,NA,NA,NA,NA,NA,NA,NA,NA,NA,NA,NA,NA,NA,NA,NA,NA,NA,NA,NA,NA,NA,NA,NA,NA,NA,NA,NA,NA,NA,NA,NA,NA,NA,NA,NA,NA,NA,NA,NA,NA,NA,NA,NA,NA,NA,NA,NA,NA,NA,NA,NA,NA,NA,NA,NA,NA,NA,NA,NA,NA,NA,NA,NA,NA,NA,NA,NA,NA,NA,NA,NA,NA,NA,NA,NA,NA,NA,NA,NA,NA,NA,NA,NA,NA,NA,NA,NA,NA,NA,NA,NA,NA,NA,NA,NA,NA,NA,NA,NA,NA,NA,NA,NA,NA,NA,NA,NA,NA,NA,NA,NA,NA,NA,NA,NA,NA,NA,NA,NA,NA,NA,NA,NA,NA,NA,NA,NA,NA,NA,NA,NA,NA,NA,NA,NA,NA,NA,NA,NA,NA,NA,NA,NA,NA,NA,NA,NA,NA,NA,NA,NA,NA,NA,NA,NA,NA,NA,NA,NA,NA,NA,NA,NA,NA,NA,NA,NA,NA,NA,NA,NA
"RS",NA,NA,NA,NA,NA,NA,NA,NA,NA,NA,NA,NA,NA,NA,NA,NA,NA,NA,NA,NA,NA,NA,NA,NA,NA,NA,NA,NA,NA,NA,NA,NA,NA,NA,NA,NA,NA,NA,NA,NA,NA,NA,NA,NA,NA,NA,NA,NA,NA,NA,NA,NA,NA,NA,NA,NA,NA,NA,NA,NA,NA,NA,NA,NA,NA,NA,NA,NA,NA,NA,NA,NA,NA,NA,NA,NA,NA,NA,NA,NA,NA,NA,NA,NA,NA,NA,NA,NA,NA,NA,NA,NA,NA,NA,NA,NA,NA,NA,NA,NA,NA,NA,NA,NA,NA,NA,NA,NA,NA,NA,NA,NA,NA,NA,NA,NA,NA,NA,NA,NA,NA,NA,NA,NA,NA,NA,NA,NA,NA,NA,NA,NA,NA,NA,NA,NA,NA,NA,NA,NA,NA,NA,NA,NA,NA,NA,NA,NA,NA,NA,NA,NA,NA,NA,NA,NA,NA,NA,NA,NA,NA,NA,NA,NA,NA,NA,NA,NA,NA,NA,NA,NA,NA,NA,NA,NA,NA,NA,NA,NA,NA,NA,NA,NA,NA,NA,NA,NA,NA,NA,NA,NA,NA,NA,NA,NA,NA,NA,NA,NA,NA,NA,NA,NA,NA,NA,NA,NA,NA,NA,NA,NA,NA,NA,NA,NA,NA,NA,NA,NA,NA,NA,NA,NA,NA,NA,NA,NA,NA,NA,NA,NA,NA,NA,NA,NA,NA,NA,NA,NA,NA,NA,NA,NA,NA,NA,NA,NA,NA,NA,NA,NA,NA,NA,NA,NA,NA,NA,NA,NA,NA,NA,NA,NA,NA,NA,NA,NA,NA,NA,NA,NA,NA,NA,NA,NA,NA
"P R-Squared",76.17,76.16,76.13,76.11,76.15,76.19,76.18,76.19,74.35,74.32,74.3,74.28,74.29,74.42,74.47,74.41,74.39,74.34,74.33,74.31,74.29,74.34,74.22,74.17,74.19,74.2,74.13,74.09,74.09,74.19,74.15,74.12,74.11,74.11,74.12,74.05,74.14,74.29,74.44,73.04,73.03,73.31,73.25,73.29,73.32,73.01,73.09,73.04,73.21,72.77,72.86,72.76,72.85,73.36,67.2,66.84,66.6,66.39,66.2,65.8,65.98,74.1,74.02,73.99,74.25,74.39,74.62,66.02,66.27,66.46,66.08,66.35,67.79,74.9,75.4,67.43,67.13,67.54,67.48,67.44,76.62,67.76,68.91,70.46,70.09,69.97,69.51,69.95,69.93,70.23,70.36,69.72,71.11,69.87,69.84,69.73,69.71,69.75,69.65,69.9,67.79,67.77,67.68,67.85,67.86,68.39,68.3,67.32,67.94,68.39,68.55,67.7,67.79,67.7,66.19,66.57,66.43,66.29,66.86,66.38,67.12,66.78,66.46,66.47,66.25,66.53,66,63.93,64.65,65.8,64.76,75.76,75.8,66.17,66.36,66.43,66.3,66.28,75.47,75.77,79.52,79.46,79.51,79.53,79.52,79.43,76.61,76.37,76.46,76.41,76.28,76.62,76.41,75.92,75.97,66.75,66.64,66.63,66.62,73.71,73.79,74.56,74.48,63.96,63.33,62.89,62.56,62.77,62.8,62.85,62.99,63.32,63.4,63.46,63.37,62.44,62.26,61.52,61.5,62.12,62.19,61.56,61.67,61.75,62.04,61.45,60.97,61.23,61.27,61.69,61.74,61.5,64.91,65.21,65.73,69.53,69.48,69.74,70.45,70.39,70.19,70.14,69.78,70.14,70.28,70.89,71.03,70.92,72.04,71.27,71.26,71.21,71.4,72.17,71.86,72.3,71.68,71.68,71.85,71.7,71.39,71.64,71.2,77.82,77.79,70.41,77.76,70.2,70.61,77.84,77.77,77.73,71.15,77.78,77.75,77.82,77.72,77.57,77.57,70.45,77.06,80.62,80.57,80.29,77.53,79.54,76.47,80.06,76.8,76.72,76.51,77.97,77.88,78.16,78.06,78.16,78.19,82.35,82.39,82.37,82.4,81.4,82.55,85.39,85.42,85.37,85.28,85.13,85.03,85.23,85.35,85.51,85.79,81.83,85.63,85.59,85.55
"B R-Squared",NA,NA,NA,NA,NA,NA,NA,NA,NA,NA,NA,NA,NA,NA,NA,NA,NA,NA,NA,NA,NA,NA,NA,NA,NA,NA,NA,NA,NA,NA,NA,NA,NA,NA,NA,NA,NA,NA,NA,NA,NA,NA,NA,NA,NA,NA,NA,NA,NA,NA,NA,NA,NA,NA,NA,NA,NA,NA,NA,NA,NA,NA,NA,NA,NA,NA,NA,NA,NA,NA,NA,NA,NA,NA,NA,NA,NA,NA,NA,NA,NA,NA,NA,NA,NA,NA,NA,NA,NA,NA,NA,NA,NA,NA,NA,NA,NA,NA,NA,NA,NA,NA,NA,NA,NA,NA,NA,NA,NA,NA,NA,NA,NA,NA,NA,NA,NA,NA,NA,NA,NA,NA,NA,NA,NA,NA,NA,NA,NA,NA,NA,NA,NA,NA,NA,NA,NA,NA,NA,NA,NA,NA,NA,NA,NA,NA,NA,NA,NA,NA,NA,NA,NA,NA,NA,NA,NA,NA,NA,NA,NA,NA,NA,NA,NA,NA,NA,NA,NA,NA,NA,NA,NA,NA,NA,NA,NA,NA,NA,NA,NA,NA,NA,NA,NA,NA,NA,NA,NA,NA,NA,NA,NA,NA,NA,NA,NA,NA,NA,NA,NA,NA,NA,NA,NA,NA,NA,NA,NA,NA,NA,NA,NA,NA,NA,NA,NA,NA,NA,NA,NA,NA,NA,NA,NA,NA,NA,NA,NA,NA,NA,NA,NA,NA,NA,NA,NA,NA,NA,NA,NA,NA,NA,NA,NA,NA,NA,NA,NA,NA,NA,NA,NA,NA,NA,NA,NA,NA,NA,NA,NA,NA,NA,NA,NA,NA,NA,NA,NA,NA,NA,NA,NA,NA,NA,NA,NA
"MD",NA,NA,NA,NA,NA,NA,NA,NA,NA,NA,NA,NA,NA,NA,NA,NA,NA,NA,NA,NA,NA,NA,NA,NA,NA,NA,NA,NA,NA,NA,NA,NA,NA,NA,NA,NA,NA,NA,NA,NA,NA,NA,NA,NA,NA,NA,NA,NA,NA,NA,NA,NA,NA,NA,NA,NA,NA,NA,NA,NA,NA,NA,NA,NA,NA,NA,NA,NA,NA,NA,NA,NA,NA,NA,NA,NA,NA,NA,NA,NA,NA,NA,NA,NA,NA,NA,NA,NA,NA,NA,NA,NA,NA,NA,NA,NA,NA,NA,NA,NA,NA,NA,NA,NA,NA,NA,NA,NA,NA,NA,NA,NA,NA,NA,NA,NA,NA,NA,NA,NA,NA,NA,NA,NA,NA,NA,NA,NA,NA,NA,NA,NA,NA,NA,NA,NA,NA,NA,NA,NA,NA,NA,NA,NA,NA,NA,NA,NA,NA,NA,NA,NA,NA,NA,NA,NA,NA,NA,NA,NA,NA,NA,NA,NA,NA,NA,NA,NA,NA,NA,NA,NA,NA,NA,NA,NA,NA,NA,NA,NA,NA,NA,NA,NA,NA,NA,NA,NA,NA,NA,NA,NA,NA,NA,NA,NA,NA,NA,NA,NA,NA,NA,NA,NA,NA,NA,NA,NA,NA,NA,NA,NA,NA,NA,NA,NA,NA,NA,NA,NA,NA,NA,NA,NA,NA,NA,NA,NA,NA,NA,NA,NA,NA,NA,NA,NA,NA,NA,NA,NA,NA,NA,NA,NA,NA,NA,NA,NA,NA,NA,NA,NA,NA,NA,NA,NA,NA,NA,NA,NA,NA,NA,NA,NA,NA,NA,NA,NA,NA,NA,NA,NA,NA,NA,NA,NA,NA
"P Max Drawdown",-84.4665,-84.4707,-84.4447,-84.4008,-84.3989,-84.3683,-84.3779,-84.3001,-82.4706,-82.4884,-82.4761,-82.4998,-82.4769,-82.4169,-82.3179,-82.3982,-82.404,-82.4704,-82.4514,-82.4514,-82.4744,-82.3931,-82.454,-82.5333,-82.5141,-82.5431,-82.5933,-82.5881,-82.5549,-82.5277,-82.5268,-82.5502,-82.5755,-82.6608,-82.7383,-82.7338,-82.5913,-82.6409,-82.4483,-82.546,-82.611,-82.6278,-82.5392,-82.4888,-82.3992,-82.4447,-82.4697,-82.4725,-82.4864,-82.5312,-82.5231,-82.5756,-82.6111,-82.329,-81.7484,-81.4161,-81.1157,-81.2325,-81.0394,-81.0266,-81.1381,-81.4647,-81.3992,-81.4608,-81.3174,-81.1519,-81.0164,-80.7149,-80.5348,-80.6274,-80.664,-80.4588,-80.426,-80.7008,-80.7874,-80.2767,-80.1259,-79.9425,-79.866,-79.7127,-80.1296,-79.7505,-81.4317,-81.9346,-81.8392,-81.6343,-81.5615,-81.5073,-81.5129,-81.6607,-81.56,-81.3272,-79.3341,-81.3353,-81.4192,-81.4354,-81.3785,-81.4307,-81.3784,-81.4211,-81.455,-79.4979,-81.416,-81.4838,-81.5861,-81.7971,-81.7536,-80.0195,-81.7689,-81.8481,-81.9428,-80.3356,-80.406,-80.3954,-80.2232,-80.2927,-80.2554,-80.2402,-80.3346,-80.191,-80.121,-79.59,-79.6051,-79.5601,-79.5099,-79.9453,-79.8891,-79.381,-79.4185,-79.8698,-79.3835,-81.6422,-81.593,-81.0223,-80.9002,-81.042,-80.896,-80.8174,-79.6921,-79.8537,-80.2638,-80.2388,-80.2447,-80.1368,-80.1811,-80.1498,-81.1063,-81.008,-81.004,-80.9029,-80.8222,-80.7567,-80.6753,-80.7032,-80.7143,-80.3948,-80.4659,-80.3971,-80.4468,-79.8011,-79.7682,-80.5576,-80.3428,-78.9165,-78.6022,-78.5332,-78.3705,-78.428,-78.4348,-78.5125,-78.4957,-78.5951,-78.635,-78.7054,-78.6118,-78.3079,-78.2585,-77.9894,-77.9531,-78.0688,-78.1033,-77.9058,-77.9325,-77.9607,-78.0626,-77.9551,-77.8232,-77.757,-76.6575,-76.6636,-76.6675,-76.5427,-76.5446,-76.6325,-76.5712,-76.3587,-74.992,-75.1189,-75.2598,-75.1694,-75.1969,-75.2579,-75.3559,-75.2778,-75.2301,-75.3664,-75.3466,-75.3043,-74.9354,-74.1288,-73.1303,-72.7374,-72.8135,-73.0938,-72.987,-73.0421,-72.842,-73.0044,-73.1145,-73.1794,-72.9456,-73.0222,-72.8772,-73.4485,-73.4823,-72.7561,-73.4188,-72.6395,-72.7056,-73.7388,-73.6163,-73.679,-72.9225,-73.6021,-73.5666,-73.665,-73.4669,-73.477,-73.453,-72.6861,-74.4847,-74.6839,-74.6143,-74.739,-73.3609,-74.5388,-74.2109,-74.5087,-74.3443,-74.3838,-74.2685,-74.311,-74.3137,-74.4277,-74.3548,-74.3764,-74.4418,-75.6336,-75.6744,-75.6516,-75.6681,-74.6087,-75.7244,-75.9258,-75.9482,-75.9033,-75.8842,-75.7763,-75.7361,-75.6723,-75.7353,-75.7724,-75.8905,-74.6312,-75.8021,-75.885,-75.8424
"B Max Drawdown",-85.948,-85.948,-85.948,-85.948,-85.948,-85.948,-85.948,-85.948,-85.948,-85.948,-85.948,-85.948,-85.948,-85.948,-85.948,-85.948,-85.948,-85.948,-85.948,-85.948,-85.948,-85.948,-85.948,-85.948,-85.948,-85.948,-85.948,-85.948,-85.948,-85.948,-85.948,-85.948,-85.948,-85.948,-85.948,-85.948,-85.948,-85.948,-85.948,-85.948,-85.948,-85.948,-85.948,-85.9481,-85.948,-85.948,-85.948,-85.948,-85.948,-85.948,-85.948,-85.948,-85.948,-85.948,-85.948,-85.9481,-85.948,-85.9481,-85.948,-85.948,-85.948,-85.948,-85.948,-85.948,-85.9481,-85.948,-85.948,-85.948,-85.948,-85.948,-85.948,-85.9481,-85.948,-85.948,-85.948,-85.948,-85.9481,-85.948,-85.948,-85.948,-85.948,-85.948,-85.948,-85.948,-85.948,-85.948,-85.9481,-85.9481,-85.9481,-85.948,-85.948,-85.948,-85.948,-85.948,-85.948,-85.948,-85.948,-85.948,-85.948,-85.948,-85.948,-85.948,-85.948,-85.948,-85.948,-85.9481,-85.948,-85.948,-85.948,-85.948,-85.948,-85.948,-85.948,-85.948,-85.948,-85.948,-85.948,-85.948,-85.948,-85.948,-85.9481,-85.948,-85.948,-85.948,-85.948,-85.948,-85.948,-85.948,-85.948,-85.948,-85.948,-85.948,-85.948,-85.948,-85.948,-85.948,-85.948,-85.948,-85.948,-85.9481,-85.948,-85.948,-85.948,-85.948,-85.948,-85.948,-85.948,-85.948,-85.948,-85.948,-85.948,-85.948,-85.948,-85.948,-85.948,-85.948,-85.948,-85.948,-85.948,-85.948,-85.948,-85.948,-85.899,-85.5793,-85.5793,-85.5793,-85.5793,-85.5793,-85.5793,-85.5794,-84.9011,-84.9011,-84.9011,-84.2467,-84.2467,-84.2467,-84.0788,-84.0788,-84.0788,-84.0788,-84.0788,-84.0788,-84.0788,-84.0788,-84.0788,-84.0788,-84.0788,-84.0788,-83.0161,-82.5191,-82.5191,-82.5191,-82.5191,-82.5191,-82.5191,-82.5191,-82.5191,-82.5191,-82.5191,-82.5191,-82.5191,-82.5191,-82.5191,-82.5191,-81.68,-81.68,-81.68,-81.68,-81.68,-81.3366,-81.2244,-81.2244,-81.2244,-81.2244,-81.2244,-81.2244,-81.2244,-81.2244,-81.2244,-81.2244,-81.2244,-81.2244,-81.2244,-81.2244,-81.2244,-81.2244,-81.2244,-81.2244,-81.2244,-81.2244,-81.2244,-81.2244,-81.1264,-80.4106,-80.4106,-80.4106,-80.4106,-80.4106,-80.4106,-79.9416,-79.9416,-79.9416,-79.9416,-79.9416,-79.9416,-79.9416,-79.9416,-79.9416,-79.9416,-79.9416,-79.9416,-79.9416,-79.9416,-79.9416,-79.9416,-79.9416,-79.9416,-79.9416,-79.9416,-79.9416,-79.9416,-79.9416,-79.9416,-79.9416,-79.9416,-79.9416,-79.9416,-79.9416,-79.9416,-79.9416,-79.9416,-79.9416,-79.9416,-79.9416,-79.9416,-79.9416,-79.9416
"MD DIFF(P-B)",1.4815,1.4773,1.5033,1.54719999999999,1.5491,1.57969999999999,1.5701,1.64789999999999,3.47739999999999,3.45959999999999,3.47189999999999,3.4482,3.47109999999999,3.5311,3.6301,3.54979999999999,3.544,3.4776,3.49659999999999,3.49659999999999,3.47359999999999,3.55489999999999,3.494,3.4147,3.43389999999999,3.4049,3.35469999999999,3.3599,3.39309999999999,3.4203,3.4212,3.39779999999999,3.37249999999999,3.2872,3.2097,3.21419999999999,3.35669999999999,3.30709999999999,3.49969999999999,3.40199999999999,3.33699999999999,3.3202,3.4088,3.4593,3.5488,3.5033,3.47829999999999,3.4755,3.46159999999999,3.41679999999999,3.42489999999999,3.3724,3.3369,3.619,4.19959999999999,4.532,4.83229999999999,4.71559999999999,4.90859999999999,4.92139999999999,4.8099,4.4833,4.5488,4.48719999999999,4.63069999999999,4.7961,4.93159999999999,5.23309999999999,5.41319999999999,5.3206,5.28399999999999,5.4893,5.52199999999999,5.24719999999999,5.16059999999999,5.67129999999999,5.8222,6.0055,6.08199999999999,6.2353,5.8184,6.19749999999999,4.51629999999999,4.01339999999999,4.10879999999999,4.3137,4.3866,4.4408,4.43519999999999,4.28729999999999,4.38799999999999,4.62079999999999,6.61389999999999,4.61269999999999,4.52879999999999,4.51259999999999,4.56949999999999,4.51729999999999,4.56959999999999,4.5269,4.49299999999999,6.45009999999999,4.532,4.46419999999999,4.36189999999999,4.151,4.19439999999999,5.9285,4.17909999999999,4.09989999999999,4.00519999999999,5.61239999999999,5.54199999999999,5.5526,5.72479999999999,5.6553,5.6926,5.70779999999999,5.6134,5.75699999999999,5.8271,6.35799999999999,6.3429,6.38789999999999,6.43809999999999,6.00269999999999,6.05889999999999,6.56699999999999,6.5295,6.0782,6.5645,4.30579999999999,4.35499999999999,4.92569999999999,5.0478,4.90599999999999,5.05199999999999,5.13059999999999,6.2559,6.09439999999999,5.68419999999999,5.7092,5.7033,5.8112,5.76689999999999,5.79819999999999,4.84169999999999,4.94,4.94399999999999,5.04509999999999,5.1258,5.1913,5.2727,5.2448,5.2337,5.55319999999999,5.48209999999999,5.5509,5.5012,6.14689999999999,6.1798,5.3904,5.5562,6.6628,6.97710000000001,7.04610000000001,7.2088,7.15130000000001,7.14450000000001,7.0669,6.4054,6.306,6.26609999999999,5.54130000000001,5.6349,5.9388,5.8203,6.0894,6.12569999999999,6.01000000000001,5.9755,6.173,6.1463,6.1181,6.0162,6.1237,6.2556,6.3218,6.3586,5.85549999999999,5.85159999999999,5.9764,5.97449999999999,5.8866,5.94789999999999,6.1604,7.52709999999999,7.4002,7.2593,7.3497,7.3222,7.26119999999999,7.16319999999999,7.2413,6.44990000000001,6.31360000000001,6.33340000000001,6.37570000000001,6.74460000000001,7.20780000000001,8.0941,8.48700000000001,8.4109,8.1306,8.23740000000001,8.1823,8.3824,8.22,8.1099,8.045,8.2788,8.2022,8.3472,7.77590000000001,7.74210000000001,8.4683,7.8056,8.5849,8.5188,7.48560000000001,7.60810000000001,7.5454,8.2039,6.80850000000001,6.84400000000001,6.7456,6.94370000000001,6.9336,6.9576,7.2555,5.45689999999999,5.2577,5.32729999999999,5.20259999999999,6.58069999999999,5.4028,5.7307,5.43289999999999,5.59729999999999,5.5578,5.67309999999999,5.63059999999999,5.6279,5.51389999999999,5.5868,5.56519999999999,5.49979999999999,4.30799999999999,4.26719999999999,4.28999999999999,4.2735,5.3329,4.21719999999999,4.0158,3.99339999999999,4.03829999999999,4.05739999999999,4.16529999999999,4.2055,4.26929999999999,4.2063,4.16919999999999,4.05109999999999,5.31039999999999,4.1395,4.05659999999999,4.0992
