"","2021-2022"
"Annualized Returns",
"2021-07-22_to_2022-07-23_ALLPortfolio_2QRank","-25.651"
"2021-07-22_to_2022-07-23_Crypto10_Index","-68.694"
"Volatility",
"2021-07-22_to_2022-07-23_ALLPortfolio_2QRank","105.85"
"2021-07-22_to_2022-07-23_Crypto10_Index","73.65"
"Tracking Error",
"2021-07-22_to_2022-07-23_ALLPortfolio_2QRank","56.91"
"2021-07-22_to_2022-07-23_Crypto10_Index","-"
"Information Ratio",
"2021-07-22_to_2022-07-23_ALLPortfolio_2QRank","0.76"
"2021-07-22_to_2022-07-23_Crypto10_Index","-"
"Alpha Stat",
"2021-07-22_to_2022-07-23_ALLPortfolio_2QRank","11.24"
"2021-07-22_to_2022-07-23_Crypto10_Index","-"
"Beta Stat",
"2021-07-22_to_2022-07-23_ALLPortfolio_2QRank","1.23"
"2021-07-22_to_2022-07-23_Crypto10_Index","-"
"R-Squared",
"2021-07-22_to_2022-07-23_ALLPortfolio_2QRank","70.84"
"2021-07-22_to_2022-07-23_Crypto10_Index","-"
"Max Drawdown",
"2021-07-22_to_2022-07-23_ALLPortfolio_2QRank","-83.0445"
"2021-07-22_to_2022-07-23_Crypto10_Index","-85.4918"
