"","2021-2022"
"Annualized Returns",
"2021-04-26_to_2022-04-27_ALLPortfolio_2QRank","0.154"
"2021-04-26_to_2022-04-27_Crypto10_Index","-67.241"
"Volatility",
"2021-04-26_to_2022-04-27_ALLPortfolio_2QRank","83.01"
"2021-04-26_to_2022-04-27_Crypto10_Index","63.82"
"Tracking Error",
"2021-04-26_to_2022-04-27_ALLPortfolio_2QRank","46.53"
"2021-04-26_to_2022-04-27_Crypto10_Index","-"
"Information Ratio",
"2021-04-26_to_2022-04-27_ALLPortfolio_2QRank","1.45"
"2021-04-26_to_2022-04-27_Crypto10_Index","-"
"Alpha Stat",
"2021-04-26_to_2022-04-27_ALLPortfolio_2QRank","11.08"
"2021-04-26_to_2022-04-27_Crypto10_Index","-"
"Beta Stat",
"2021-04-26_to_2022-04-27_ALLPortfolio_2QRank","1.08"
"2021-04-26_to_2022-04-27_Crypto10_Index","-"
"R-Squared",
"2021-04-26_to_2022-04-27_ALLPortfolio_2QRank","65.51"
"2021-04-26_to_2022-04-27_Crypto10_Index","-"
"Max Drawdown",
"2021-04-26_to_2022-04-27_ALLPortfolio_2QRank","-59.9462"
"2021-04-26_to_2022-04-27_Crypto10_Index","-68.3133"
