"","2021-2022"
"Annualized Returns",
"2021-04-12_to_2022-04-13_ALLPortfolio_2QRank","23.272"
"2021-04-12_to_2022-04-13_Crypto10_Index","-68.625"
"Volatility",
"2021-04-12_to_2022-04-13_ALLPortfolio_2QRank","83.1"
"2021-04-12_to_2022-04-13_Crypto10_Index","63.82"
"Tracking Error",
"2021-04-12_to_2022-04-13_ALLPortfolio_2QRank","45.83"
"2021-04-12_to_2022-04-13_Crypto10_Index","-"
"Information Ratio",
"2021-04-12_to_2022-04-13_ALLPortfolio_2QRank","2.01"
"2021-04-12_to_2022-04-13_Crypto10_Index","-"
"Alpha Stat",
"2021-04-12_to_2022-04-13_ALLPortfolio_2QRank","11.31"
"2021-04-12_to_2022-04-13_Crypto10_Index","-"
"Beta Stat",
"2021-04-12_to_2022-04-13_ALLPortfolio_2QRank","1.09"
"2021-04-12_to_2022-04-13_Crypto10_Index","-"
"R-Squared",
"2021-04-12_to_2022-04-13_ALLPortfolio_2QRank","66.74"
"2021-04-12_to_2022-04-13_Crypto10_Index","-"
"Max Drawdown",
"2021-04-12_to_2022-04-13_ALLPortfolio_2QRank","-60.9262"
"2021-04-12_to_2022-04-13_Crypto10_Index","-72.1325"
