"","2021-2022"
"Annualized Returns",
"2021-07-23_to_2022-07-24_ALLPortfolio_2QRank","-25.462"
"2021-07-23_to_2022-07-24_Crypto10_Index","-68.694"
"Volatility",
"2021-07-23_to_2022-07-24_ALLPortfolio_2QRank","106.08"
"2021-07-23_to_2022-07-24_Crypto10_Index","73.65"
"Tracking Error",
"2021-07-23_to_2022-07-24_ALLPortfolio_2QRank","57.25"
"2021-07-23_to_2022-07-24_Crypto10_Index","-"
"Information Ratio",
"2021-07-23_to_2022-07-24_ALLPortfolio_2QRank","0.76"
"2021-07-23_to_2022-07-24_Crypto10_Index","-"
"Alpha Stat",
"2021-07-23_to_2022-07-24_ALLPortfolio_2QRank","11.27"
"2021-07-23_to_2022-07-24_Crypto10_Index","-"
"Beta Stat",
"2021-07-23_to_2022-07-24_ALLPortfolio_2QRank","1.24"
"2021-07-23_to_2022-07-24_Crypto10_Index","-"
"R-Squared",
"2021-07-23_to_2022-07-24_ALLPortfolio_2QRank","70.6"
"2021-07-23_to_2022-07-24_Crypto10_Index","-"
"Max Drawdown",
"2021-07-23_to_2022-07-24_ALLPortfolio_2QRank","-83.0772"
"2021-07-23_to_2022-07-24_Crypto10_Index","-85.4918"
