"","2021-2022"
"Annualized Returns",
"2021-07-07_to_2022-07-08_ALLPortfolio_2QRank","-38.414"
"2021-07-07_to_2022-07-08_Crypto10_Index","-75.767"
"Volatility",
"2021-07-07_to_2022-07-08_ALLPortfolio_2QRank","108.07"
"2021-07-07_to_2022-07-08_Crypto10_Index","73.65"
"Tracking Error",
"2021-07-07_to_2022-07-08_ALLPortfolio_2QRank","60.03"
"2021-07-07_to_2022-07-08_Crypto10_Index","-"
"Information Ratio",
"2021-07-07_to_2022-07-08_ALLPortfolio_2QRank","0.62"
"2021-07-07_to_2022-07-08_Crypto10_Index","-"
"Alpha Stat",
"2021-07-07_to_2022-07-08_ALLPortfolio_2QRank","11.64"
"2021-07-07_to_2022-07-08_Crypto10_Index","-"
"Beta Stat",
"2021-07-07_to_2022-07-08_ALLPortfolio_2QRank","1.24"
"2021-07-07_to_2022-07-08_Crypto10_Index","-"
"R-Squared",
"2021-07-07_to_2022-07-08_ALLPortfolio_2QRank","68.79"
"2021-07-07_to_2022-07-08_Crypto10_Index","-"
"Max Drawdown",
"2021-07-07_to_2022-07-08_ALLPortfolio_2QRank","-83.3795"
"2021-07-07_to_2022-07-08_Crypto10_Index","-85.4918"
