"","2021-2022"
"Annualized Returns",
"2021-08-07_to_2022-08-08_ALLPortfolio_2QRank","-34.982"
"2021-08-07_to_2022-08-08_Crypto10_Index","-71.322"
"Volatility",
"2021-08-07_to_2022-08-08_ALLPortfolio_2QRank","90.67"
"2021-08-07_to_2022-08-08_Crypto10_Index","87.43"
"Tracking Error",
"2021-08-07_to_2022-08-08_ALLPortfolio_2QRank","48.25"
"2021-08-07_to_2022-08-08_Crypto10_Index","-"
"Information Ratio",
"2021-08-07_to_2022-08-08_ALLPortfolio_2QRank","0.75"
"2021-08-07_to_2022-08-08_Crypto10_Index","-"
"Alpha Stat",
"2021-08-07_to_2022-08-08_ALLPortfolio_2QRank","3.24"
"2021-08-07_to_2022-08-08_Crypto10_Index","-"
"Beta Stat",
"2021-08-07_to_2022-08-08_ALLPortfolio_2QRank","0.89"
"2021-08-07_to_2022-08-08_Crypto10_Index","-"
"R-Squared",
"2021-08-07_to_2022-08-08_ALLPortfolio_2QRank","69.89"
"2021-08-07_to_2022-08-08_Crypto10_Index","-"
"Max Drawdown",
"2021-08-07_to_2022-08-08_ALLPortfolio_2QRank","-82.9549"
"2021-08-07_to_2022-08-08_Crypto10_Index","-85.4918"
