"","2021-2022"
"Annualized Returns",
"2021-07-18_to_2022-07-19_ALLPortfolio_2QRank","-8.136"
"2021-07-18_to_2022-07-19_Crypto10_Index","-62.709"
"Volatility",
"2021-07-18_to_2022-07-19_ALLPortfolio_2QRank","109.66"
"2021-07-18_to_2022-07-19_Crypto10_Index","73.65"
"Tracking Error",
"2021-07-18_to_2022-07-19_ALLPortfolio_2QRank","61.27"
"2021-07-18_to_2022-07-19_Crypto10_Index","-"
"Information Ratio",
"2021-07-18_to_2022-07-19_ALLPortfolio_2QRank","0.89"
"2021-07-18_to_2022-07-19_Crypto10_Index","-"
"Alpha Stat",
"2021-07-18_to_2022-07-19_ALLPortfolio_2QRank","12.12"
"2021-07-18_to_2022-07-19_Crypto10_Index","-"
"Beta Stat",
"2021-07-18_to_2022-07-19_ALLPortfolio_2QRank","1.26"
"2021-07-18_to_2022-07-19_Crypto10_Index","-"
"R-Squared",
"2021-07-18_to_2022-07-19_ALLPortfolio_2QRank","68.76"
"2021-07-18_to_2022-07-19_Crypto10_Index","-"
"Max Drawdown",
"2021-07-18_to_2022-07-19_ALLPortfolio_2QRank","-83.4205"
"2021-07-18_to_2022-07-19_Crypto10_Index","-85.4918"
