"","2021-2022"
"Annualized Returns",
"2021-06-30_to_2022-07-01_ALLPortfolio_2QRank","-45.02"
"2021-06-30_to_2022-07-01_Crypto10_Index","-76.758"
"Volatility",
"2021-06-30_to_2022-07-01_ALLPortfolio_2QRank","110.52"
"2021-06-30_to_2022-07-01_Crypto10_Index","73.65"
"Tracking Error",
"2021-06-30_to_2022-07-01_ALLPortfolio_2QRank","62.91"
"2021-06-30_to_2022-07-01_Crypto10_Index","-"
"Information Ratio",
"2021-06-30_to_2022-07-01_ALLPortfolio_2QRank","0.5"
"2021-06-30_to_2022-07-01_Crypto10_Index","-"
"Alpha Stat",
"2021-06-30_to_2022-07-01_ALLPortfolio_2QRank","12.18"
"2021-06-30_to_2022-07-01_Crypto10_Index","-"
"Beta Stat",
"2021-06-30_to_2022-07-01_ALLPortfolio_2QRank","1.26"
"2021-06-30_to_2022-07-01_Crypto10_Index","-"
"R-Squared",
"2021-06-30_to_2022-07-01_ALLPortfolio_2QRank","67.35"
"2021-06-30_to_2022-07-01_Crypto10_Index","-"
"Max Drawdown",
"2021-06-30_to_2022-07-01_ALLPortfolio_2QRank","-83.6189"
"2021-06-30_to_2022-07-01_Crypto10_Index","-85.4918"
