"","2021-2022"
"Annualized Returns",
"2021-06-01_to_2022-06-02_ALLPortfolio_2QRank","-40.681"
"2021-06-01_to_2022-06-02_Crypto10_Index","-75.895"
"Volatility",
"2021-06-01_to_2022-06-02_ALLPortfolio_2QRank","103.86"
"2021-06-01_to_2022-06-02_Crypto10_Index","63.79"
"Tracking Error",
"2021-06-01_to_2022-06-02_ALLPortfolio_2QRank","62.01"
"2021-06-01_to_2022-06-02_Crypto10_Index","-"
"Information Ratio",
"2021-06-01_to_2022-06-02_ALLPortfolio_2QRank","0.57"
"2021-06-01_to_2022-06-02_Crypto10_Index","-"
"Alpha Stat",
"2021-06-01_to_2022-06-02_ALLPortfolio_2QRank","10.55"
"2021-06-01_to_2022-06-02_Crypto10_Index","-"
"Beta Stat",
"2021-06-01_to_2022-06-02_ALLPortfolio_2QRank","1.35"
"2021-06-01_to_2022-06-02_Crypto10_Index","-"
"R-Squared",
"2021-06-01_to_2022-06-02_ALLPortfolio_2QRank","65.61"
"2021-06-01_to_2022-06-02_Crypto10_Index","-"
"Max Drawdown",
"2021-06-01_to_2022-06-02_ALLPortfolio_2QRank","-76.4963"
"2021-06-01_to_2022-06-02_Crypto10_Index","-75.8946"
