"","2021-2022"
"Annualized Returns",
"2021-06-20_to_2022-06-21_ALLPortfolio_2QRank","-37.089"
"2021-06-20_to_2022-06-21_Crypto10_Index","-64.722"
"Volatility",
"2021-06-20_to_2022-06-21_ALLPortfolio_2QRank","102.83"
"2021-06-20_to_2022-06-21_Crypto10_Index","63.79"
"Tracking Error",
"2021-06-20_to_2022-06-21_ALLPortfolio_2QRank","61.35"
"2021-06-20_to_2022-06-21_Crypto10_Index","-"
"Information Ratio",
"2021-06-20_to_2022-06-21_ALLPortfolio_2QRank","0.45"
"2021-06-20_to_2022-06-21_Crypto10_Index","-"
"Alpha Stat",
"2021-06-20_to_2022-06-21_ALLPortfolio_2QRank","10.36"
"2021-06-20_to_2022-06-21_Crypto10_Index","-"
"Beta Stat",
"2021-06-20_to_2022-06-21_ALLPortfolio_2QRank","1.34"
"2021-06-20_to_2022-06-21_Crypto10_Index","-"
"R-Squared",
"2021-06-20_to_2022-06-21_ALLPortfolio_2QRank","65.29"
"2021-06-20_to_2022-06-21_Crypto10_Index","-"
"Max Drawdown",
"2021-06-20_to_2022-06-21_ALLPortfolio_2QRank","-83.3987"
"2021-06-20_to_2022-06-21_Crypto10_Index","-81.1148"
