"","2021-2022"
"Annualized Returns",
"2021-07-25_to_2022-07-26_ALLPortfolio_2QRank","-35.766"
"2021-07-25_to_2022-07-26_Crypto10_Index","-77.468"
"Volatility",
"2021-07-25_to_2022-07-26_ALLPortfolio_2QRank","106.7"
"2021-07-25_to_2022-07-26_Crypto10_Index","73.65"
"Tracking Error",
"2021-07-25_to_2022-07-26_ALLPortfolio_2QRank","57.71"
"2021-07-25_to_2022-07-26_Crypto10_Index","-"
"Information Ratio",
"2021-07-25_to_2022-07-26_ALLPortfolio_2QRank","0.72"
"2021-07-25_to_2022-07-26_Crypto10_Index","-"
"Alpha Stat",
"2021-07-25_to_2022-07-26_ALLPortfolio_2QRank","11.42"
"2021-07-25_to_2022-07-26_Crypto10_Index","-"
"Beta Stat",
"2021-07-25_to_2022-07-26_ALLPortfolio_2QRank","1.24"
"2021-07-25_to_2022-07-26_Crypto10_Index","-"
"R-Squared",
"2021-07-25_to_2022-07-26_ALLPortfolio_2QRank","70.6"
"2021-07-25_to_2022-07-26_Crypto10_Index","-"
"Max Drawdown",
"2021-07-25_to_2022-07-26_ALLPortfolio_2QRank","-83.1333"
"2021-07-25_to_2022-07-26_Crypto10_Index","-85.4918"
