"","2021-2022"
"Annualized Returns",
"2021-08-08_to_2022-08-09_ALLPortfolio_2QRank","-40.56"
"2021-08-08_to_2022-08-09_Crypto10_Index","-72.874"
"Volatility",
"2021-08-08_to_2022-08-09_ALLPortfolio_2QRank","90.87"
"2021-08-08_to_2022-08-09_Crypto10_Index","87.43"
"Tracking Error",
"2021-08-08_to_2022-08-09_ALLPortfolio_2QRank","47.6"
"2021-08-08_to_2022-08-09_Crypto10_Index","-"
"Information Ratio",
"2021-08-08_to_2022-08-09_ALLPortfolio_2QRank","0.68"
"2021-08-08_to_2022-08-09_Crypto10_Index","-"
"Alpha Stat",
"2021-08-08_to_2022-08-09_ALLPortfolio_2QRank","3.33"
"2021-08-08_to_2022-08-09_Crypto10_Index","-"
"Beta Stat",
"2021-08-08_to_2022-08-09_ALLPortfolio_2QRank","0.89"
"2021-08-08_to_2022-08-09_Crypto10_Index","-"
"R-Squared",
"2021-08-08_to_2022-08-09_ALLPortfolio_2QRank","70.71"
"2021-08-08_to_2022-08-09_Crypto10_Index","-"
"Max Drawdown",
"2021-08-08_to_2022-08-09_ALLPortfolio_2QRank","-82.9616"
"2021-08-08_to_2022-08-09_Crypto10_Index","-85.4918"
