"","2021-2022"
"Annualized Returns",
"2021-08-04_to_2022-08-05_ALLPortfolio_2QRank","-35.683"
"2021-08-04_to_2022-08-05_Crypto10_Index","-68.892"
"Volatility",
"2021-08-04_to_2022-08-05_ALLPortfolio_2QRank","91.52"
"2021-08-04_to_2022-08-05_Crypto10_Index","87.43"
"Tracking Error",
"2021-08-04_to_2022-08-05_ALLPortfolio_2QRank","48.73"
"2021-08-04_to_2022-08-05_Crypto10_Index","-"
"Information Ratio",
"2021-08-04_to_2022-08-05_ALLPortfolio_2QRank","0.68"
"2021-08-04_to_2022-08-05_Crypto10_Index","-"
"Alpha Stat",
"2021-08-04_to_2022-08-05_ALLPortfolio_2QRank","3.44"
"2021-08-04_to_2022-08-05_Crypto10_Index","-"
"Beta Stat",
"2021-08-04_to_2022-08-05_ALLPortfolio_2QRank","0.89"
"2021-08-04_to_2022-08-05_Crypto10_Index","-"
"R-Squared",
"2021-08-04_to_2022-08-05_ALLPortfolio_2QRank","69.67"
"2021-08-04_to_2022-08-05_Crypto10_Index","-"
"Max Drawdown",
"2021-08-04_to_2022-08-05_ALLPortfolio_2QRank","-83.0445"
"2021-08-04_to_2022-08-05_Crypto10_Index","-85.4918"
