"","2021-2022"
"Annualized Returns",
"2021-08-29_to_2022-08-30_ALLPortfolio_2QRank","-66.967"
"2021-08-29_to_2022-08-30_Crypto10_Index","-77.495"
"Volatility",
"2021-08-29_to_2022-08-30_ALLPortfolio_2QRank","82.36"
"2021-08-29_to_2022-08-30_Crypto10_Index","87.43"
"Tracking Error",
"2021-08-29_to_2022-08-30_ALLPortfolio_2QRank","39.39"
"2021-08-29_to_2022-08-30_Crypto10_Index","-"
"Information Ratio",
"2021-08-29_to_2022-08-30_ALLPortfolio_2QRank","0.27"
"2021-08-29_to_2022-08-30_Crypto10_Index","-"
"Alpha Stat",
"2021-08-29_to_2022-08-30_ALLPortfolio_2QRank","1.66"
"2021-08-29_to_2022-08-30_Crypto10_Index","-"
"Beta Stat",
"2021-08-29_to_2022-08-30_ALLPortfolio_2QRank","0.84"
"2021-08-29_to_2022-08-30_Crypto10_Index","-"
"R-Squared",
"2021-08-29_to_2022-08-30_ALLPortfolio_2QRank","77.7"
"2021-08-29_to_2022-08-30_Crypto10_Index","-"
"Max Drawdown",
"2021-08-29_to_2022-08-30_ALLPortfolio_2QRank","-81.8005"
"2021-08-29_to_2022-08-30_Crypto10_Index","-85.4918"
