"","NA","Var.2","2017-2018","Var.4","2018-2019","Var.6","2018-2019","Var.8","2018-2019","Var.10","2018-2019","Var.12","2018-2019","Var.14","2018-2019","Var.16","2018-2019","Var.18","2018-2019","Var.20","2018-2019","Var.22","2018-2019","Var.24","2018-2019","Var.26","2018-2019","Var.28","2019-2020","Var.30","2019-2020","Var.32","2019-2020","Var.34","2019-2020","Var.36","2019-2020","Var.38","2019-2020","Var.40","2019-2020","Var.42","2019-2020","Var.44","2019-2020","Var.46","2019-2020","Var.48","2019-2020","Var.50","2019-2020","Var.52","2020-2021","Var.54","2020-2021","Var.56","2020-2021","Var.58","2020-2021","Var.60","2020-2021","Var.62","2020-2021","Var.64","2020-2021","Var.66","2020-2021","Var.68","2020-2021"
"1",NA,"Annualized Returns",NA,"Annualized Returns",NA,"Annualized Returns",NA,"Annualized Returns",NA,"Annualized Returns",NA,"Annualized Returns",NA,"Annualized Returns",NA,"Annualized Returns",NA,"Annualized Returns",NA,"Annualized Returns",NA,"Annualized Returns",NA,"Annualized Returns",NA,"Annualized Returns",NA,"Annualized Returns",NA,"Annualized Returns",NA,"Annualized Returns",NA,"Annualized Returns",NA,"Annualized Returns",NA,"Annualized Returns",NA,"Annualized Returns",NA,"Annualized Returns",NA,"Annualized Returns",NA,"Annualized Returns",NA,"Annualized Returns",NA,"Annualized Returns",NA,"Annualized Returns",NA,"Annualized Returns",NA,"Annualized Returns",NA,"Annualized Returns",NA,"Annualized Returns",NA,"Annualized Returns",NA,"Annualized Returns",NA,"Annualized Returns",NA,"Annualized Returns",NA
"2",NA,"2017-12-12_to_2018-12-13_ValuePortfolio_20QRank","-4.111","2018-01-12_to_2019-01-13_ValuePortfolio_20QRank","-6.277","2018-02-12_to_2019-02-13_ValuePortfolio_20QRank","2.474","2018-03-12_to_2019-03-13_ValuePortfolio_20QRank","6.447","2018-04-12_to_2019-04-13_ValuePortfolio_20QRank","3.023","2018-05-14_to_2019-05-13_ValuePortfolio_20QRank","2.785","2018-06-12_to_2019-06-13_ValuePortfolio_20QRank","2.624","2018-07-12_to_2019-07-13_ValuePortfolio_20QRank","6.241","2018-08-13_to_2019-08-13_ValuePortfolio_20QRank","0.263","2018-09-12_to_2019-09-13_ValuePortfolio_20QRank","0.845","2018-10-12_to_2019-10-13_ValuePortfolio_20QRank","2.972","2018-11-12_to_2019-11-13_ValuePortfolio_20QRank","10.583","2018-12-12_to_2019-12-13_ValuePortfolio_20QRank","18","2019-01-14_to_2020-01-13_ValuePortfolio_20QRank","15.357","2019-02-12_to_2020-02-13_ValuePortfolio_20QRank","6.811","2019-03-12_to_2020-03-13_ValuePortfolio_20QRank","-17.27","2019-04-12_to_2020-04-13_ValuePortfolio_20QRank","-13.526","2019-05-13_to_2020-05-13_ValuePortfolio_20QRank","-18.891","2019-06-12_to_2020-06-13_ValuePortfolio_20QRank","-14.703","2019-07-12_to_2020-07-13_ValuePortfolio_20QRank","-15.749","2019-08-12_to_2020-08-13_ValuePortfolio_20QRank","28.121","2019-09-12_to_2020-09-13_ValuePortfolio_20QRank","16.169","2019-10-14_to_2020-10-13_ValuePortfolio_20QRank","-6.413","2019-11-12_to_2020-11-13_ValuePortfolio_20QRank","-12.015","2019-12-12_to_2020-12-13_ValuePortfolio_20QRank","-5.464","2020-01-13_to_2021-01-13_ValuePortfolio_20QRank","-2.77","2020-02-12_to_2021-02-13_ValuePortfolio_20QRank","3.398","2020-03-12_to_2021-03-13_ValuePortfolio_20QRank","80.466","2020-04-13_to_2021-04-13_ValuePortfolio_20QRank","63.587","2020-05-12_to_2021-05-13_ValuePortfolio_20QRank","89.652","2020-06-12_to_2021-06-13_ValuePortfolio_20QRank","62.967","2020-07-13_to_2021-07-13_ValuePortfolio_20QRank","57.319","2020-08-12_to_2021-08-13_ValuePortfolio_20QRank","53.79","2020-09-14_to_2021-09-13_ValuePortfolio_20QRank","49.678"
"3",NA,"2017-12-12_to_2018-12-13_S&P100_Index","-0.169","2018-01-12_to_2019-01-13_S&P100_Index","-6.92","2018-02-12_to_2019-02-13_S&P100_Index","2.534","2018-03-12_to_2019-03-13_S&P100_Index","1.943","2018-04-12_to_2019-04-13_S&P100_Index","9.421","2018-05-14_to_2019-05-13_S&P100_Index","3.455","2018-06-12_to_2019-06-13_S&P100_Index","4.638","2018-07-12_to_2019-07-13_S&P100_Index","7.906","2018-08-13_to_2019-08-13_S&P100_Index","3.362","2018-09-12_to_2019-09-13_S&P100_Index","3.452","2018-10-12_to_2019-10-13_S&P100_Index","6.675","2018-11-12_to_2019-11-13_S&P100_Index","14.034","2018-12-12_to_2019-12-13_S&P100_Index","19.976","2019-01-14_to_2020-01-13_S&P100_Index","28.863","2019-02-12_to_2020-02-13_S&P100_Index","25.184","2019-03-12_to_2020-03-13_S&P100_Index","-0.288","2019-04-12_to_2020-04-13_S&P100_Index","-1.185","2019-05-13_to_2020-05-13_S&P100_Index","4.029","2019-06-12_to_2020-06-13_S&P100_Index","9.237","2019-07-12_to_2020-07-13_S&P100_Index","10.035","2019-08-12_to_2020-08-13_S&P100_Index","24.12","2019-09-12_to_2020-09-13_S&P100_Index","16.362","2019-10-14_to_2020-10-13_S&P100_Index","23.882","2019-11-12_to_2020-11-13_S&P100_Index","19.338","2019-12-12_to_2020-12-13_S&P100_Index","18.874","2020-01-13_to_2021-01-13_S&P100_Index","18.384","2020-02-12_to_2021-02-13_S&P100_Index","19.157","2020-03-12_to_2021-03-13_S&P100_Index","59.051","2020-04-13_to_2021-04-13_S&P100_Index","49.36","2020-05-12_to_2021-05-13_S&P100_Index","42.952","2020-06-12_to_2021-06-13_S&P100_Index","38.619","2020-07-13_to_2021-07-13_S&P100_Index","37.088","2020-08-12_to_2021-08-13_S&P100_Index","31.563","2020-09-14_to_2021-09-13_S&P100_Index","33.761"
"4",NA,"Volatility",NA,"Volatility",NA,"Volatility",NA,"Volatility",NA,"Volatility",NA,"Volatility",NA,"Volatility",NA,"Volatility",NA,"Volatility",NA,"Volatility",NA,"Volatility",NA,"Volatility",NA,"Volatility",NA,"Volatility",NA,"Volatility",NA,"Volatility",NA,"Volatility",NA,"Volatility",NA,"Volatility",NA,"Volatility",NA,"Volatility",NA,"Volatility",NA,"Volatility",NA,"Volatility",NA,"Volatility",NA,"Volatility",NA,"Volatility",NA,"Volatility",NA,"Volatility",NA,"Volatility",NA,"Volatility",NA,"Volatility",NA,"Volatility",NA,"Volatility",NA
"5",NA,"2017-12-12_to_2018-12-13_ValuePortfolio_20QRank","9.17","2018-01-12_to_2019-01-13_ValuePortfolio_20QRank","11.95","2018-02-12_to_2019-02-13_ValuePortfolio_20QRank","13.21","2018-03-12_to_2019-03-13_ValuePortfolio_20QRank","11.82","2018-04-12_to_2019-04-13_ValuePortfolio_20QRank","12.94","2018-05-14_to_2019-05-13_ValuePortfolio_20QRank","13.91","2018-06-12_to_2019-06-13_ValuePortfolio_20QRank","15.43","2018-07-12_to_2019-07-13_ValuePortfolio_20QRank","17.68","2018-08-13_to_2019-08-13_ValuePortfolio_20QRank","19.26","2018-09-12_to_2019-09-13_ValuePortfolio_20QRank","20.84","2018-10-12_to_2019-10-13_ValuePortfolio_20QRank","20.28","2018-11-12_to_2019-11-13_ValuePortfolio_20QRank","21.29","2018-12-12_to_2019-12-13_ValuePortfolio_20QRank","18.29","2019-01-14_to_2020-01-13_ValuePortfolio_20QRank","15.44","2019-02-12_to_2020-02-13_ValuePortfolio_20QRank","16.22","2019-03-12_to_2020-03-13_ValuePortfolio_20QRank","19.68","2019-04-12_to_2020-04-13_ValuePortfolio_20QRank","23.77","2019-05-13_to_2020-05-13_ValuePortfolio_20QRank","26.16","2019-06-12_to_2020-06-13_ValuePortfolio_20QRank","25.41","2019-07-12_to_2020-07-13_ValuePortfolio_20QRank","25.99","2019-08-12_to_2020-08-13_ValuePortfolio_20QRank","29.63","2019-09-12_to_2020-09-13_ValuePortfolio_20QRank","36.5","2019-10-14_to_2020-10-13_ValuePortfolio_20QRank","23.97","2019-11-12_to_2020-11-13_ValuePortfolio_20QRank","22.49","2019-12-12_to_2020-12-13_ValuePortfolio_20QRank","26.92","2020-01-13_to_2021-01-13_ValuePortfolio_20QRank","27.59","2020-02-12_to_2021-02-13_ValuePortfolio_20QRank","29.61","2020-03-12_to_2021-03-13_ValuePortfolio_20QRank","19.81","2020-04-13_to_2021-04-13_ValuePortfolio_20QRank","19.46","2020-05-12_to_2021-05-13_ValuePortfolio_20QRank","19.89","2020-06-12_to_2021-06-13_ValuePortfolio_20QRank","18.95","2020-07-13_to_2021-07-13_ValuePortfolio_20QRank","20.45","2020-08-12_to_2021-08-13_ValuePortfolio_20QRank","22.74","2020-09-14_to_2021-09-13_ValuePortfolio_20QRank","20.48"
"6",NA,"2017-12-12_to_2018-12-13_S&P100_Index","13.05","2018-01-12_to_2019-01-13_S&P100_Index","14.8","2018-02-12_to_2019-02-13_S&P100_Index","16.46","2018-03-12_to_2019-03-13_S&P100_Index","16.07","2018-04-12_to_2019-04-13_S&P100_Index","16.16","2018-05-14_to_2019-05-13_S&P100_Index","16.5","2018-06-12_to_2019-06-13_S&P100_Index","18.45","2018-07-12_to_2019-07-13_S&P100_Index","19.34","2018-08-13_to_2019-08-13_S&P100_Index","19.05","2018-09-12_to_2019-09-13_S&P100_Index","19.19","2018-10-12_to_2019-10-13_S&P100_Index","17.59","2018-11-12_to_2019-11-13_S&P100_Index","17.68","2018-12-12_to_2019-12-13_S&P100_Index","13.46","2019-01-14_to_2020-01-13_S&P100_Index","12.35","2019-02-12_to_2020-02-13_S&P100_Index","12.4","2019-03-12_to_2020-03-13_S&P100_Index","16.18","2019-04-12_to_2020-04-13_S&P100_Index","19.14","2019-05-13_to_2020-05-13_S&P100_Index","22.22","2019-06-12_to_2020-06-13_S&P100_Index","21.51","2019-07-12_to_2020-07-13_S&P100_Index","21.59","2019-08-12_to_2020-08-13_S&P100_Index","21.81","2019-09-12_to_2020-09-13_S&P100_Index","23.12","2019-10-14_to_2020-10-13_S&P100_Index","24.24","2019-11-12_to_2020-11-13_S&P100_Index","24.62","2019-12-12_to_2020-12-13_S&P100_Index","26.36","2020-01-13_to_2021-01-13_S&P100_Index","26.41","2020-02-12_to_2021-02-13_S&P100_Index","23.89","2020-03-12_to_2021-03-13_S&P100_Index","18.93","2020-04-13_to_2021-04-13_S&P100_Index","15.87","2020-05-12_to_2021-05-13_S&P100_Index","16.09","2020-06-12_to_2021-06-13_S&P100_Index","16.35","2020-07-13_to_2021-07-13_S&P100_Index","16.07","2020-08-12_to_2021-08-13_S&P100_Index","14.33","2020-09-14_to_2021-09-13_S&P100_Index","12.08"
"7",NA,"Tracking Error",NA,"Tracking Error",NA,"Tracking Error",NA,"Tracking Error",NA,"Tracking Error",NA,"Tracking Error",NA,"Tracking Error",NA,"Tracking Error",NA,"Tracking Error",NA,"Tracking Error",NA,"Tracking Error",NA,"Tracking Error",NA,"Tracking Error",NA,"Tracking Error",NA,"Tracking Error",NA,"Tracking Error",NA,"Tracking Error",NA,"Tracking Error",NA,"Tracking Error",NA,"Tracking Error",NA,"Tracking Error",NA,"Tracking Error",NA,"Tracking Error",NA,"Tracking Error",NA,"Tracking Error",NA,"Tracking Error",NA,"Tracking Error",NA,"Tracking Error",NA,"Tracking Error",NA,"Tracking Error",NA,"Tracking Error",NA,"Tracking Error",NA,"Tracking Error",NA,"Tracking Error",NA
"8",NA,"2017-12-12_to_2018-12-13_ValuePortfolio_20QRank","8.99","2018-01-12_to_2019-01-13_ValuePortfolio_20QRank","7.34","2018-02-12_to_2019-02-13_ValuePortfolio_20QRank","6.29","2018-03-12_to_2019-03-13_ValuePortfolio_20QRank","7.13","2018-04-12_to_2019-04-13_ValuePortfolio_20QRank","7.14","2018-05-14_to_2019-05-13_ValuePortfolio_20QRank","6.45","2018-06-12_to_2019-06-13_ValuePortfolio_20QRank","6.16","2018-07-12_to_2019-07-13_ValuePortfolio_20QRank","5.38","2018-08-13_to_2019-08-13_ValuePortfolio_20QRank","3.79","2018-09-12_to_2019-09-13_ValuePortfolio_20QRank","4.78","2018-10-12_to_2019-10-13_ValuePortfolio_20QRank","5.2","2018-11-12_to_2019-11-13_ValuePortfolio_20QRank","6.46","2018-12-12_to_2019-12-13_ValuePortfolio_20QRank","7.15","2019-01-14_to_2020-01-13_ValuePortfolio_20QRank","5.54","2019-02-12_to_2020-02-13_ValuePortfolio_20QRank","7.81","2019-03-12_to_2020-03-13_ValuePortfolio_20QRank","6.76","2019-04-12_to_2020-04-13_ValuePortfolio_20QRank","7.98","2019-05-13_to_2020-05-13_ValuePortfolio_20QRank","10.11","2019-06-12_to_2020-06-13_ValuePortfolio_20QRank","9.92","2019-07-12_to_2020-07-13_ValuePortfolio_20QRank","10.56","2019-08-12_to_2020-08-13_ValuePortfolio_20QRank","10.74","2019-09-12_to_2020-09-13_ValuePortfolio_20QRank","17.1","2019-10-14_to_2020-10-13_ValuePortfolio_20QRank","7.84","2019-11-12_to_2020-11-13_ValuePortfolio_20QRank","9.12","2019-12-12_to_2020-12-13_ValuePortfolio_20QRank","10.71","2020-01-13_to_2021-01-13_ValuePortfolio_20QRank","11.44","2020-02-12_to_2021-02-13_ValuePortfolio_20QRank","15.42","2020-03-12_to_2021-03-13_ValuePortfolio_20QRank","15.74","2020-04-13_to_2021-04-13_ValuePortfolio_20QRank","16.45","2020-05-12_to_2021-05-13_ValuePortfolio_20QRank","17.4","2020-06-12_to_2021-06-13_ValuePortfolio_20QRank","16.95","2020-07-13_to_2021-07-13_ValuePortfolio_20QRank","17.41","2020-08-12_to_2021-08-13_ValuePortfolio_20QRank","17.2","2020-09-14_to_2021-09-13_ValuePortfolio_20QRank","16.89"
"9",NA,"2017-12-12_to_2018-12-13_S&P100_Index","-","2018-01-12_to_2019-01-13_S&P100_Index","-","2018-02-12_to_2019-02-13_S&P100_Index","-","2018-03-12_to_2019-03-13_S&P100_Index","-","2018-04-12_to_2019-04-13_S&P100_Index","-","2018-05-14_to_2019-05-13_S&P100_Index","-","2018-06-12_to_2019-06-13_S&P100_Index","-","2018-07-12_to_2019-07-13_S&P100_Index","-","2018-08-13_to_2019-08-13_S&P100_Index","-","2018-09-12_to_2019-09-13_S&P100_Index","-","2018-10-12_to_2019-10-13_S&P100_Index","-","2018-11-12_to_2019-11-13_S&P100_Index","-","2018-12-12_to_2019-12-13_S&P100_Index","-","2019-01-14_to_2020-01-13_S&P100_Index","-","2019-02-12_to_2020-02-13_S&P100_Index","-","2019-03-12_to_2020-03-13_S&P100_Index","-","2019-04-12_to_2020-04-13_S&P100_Index","-","2019-05-13_to_2020-05-13_S&P100_Index","-","2019-06-12_to_2020-06-13_S&P100_Index","-","2019-07-12_to_2020-07-13_S&P100_Index","-","2019-08-12_to_2020-08-13_S&P100_Index","-","2019-09-12_to_2020-09-13_S&P100_Index","-","2019-10-14_to_2020-10-13_S&P100_Index","-","2019-11-12_to_2020-11-13_S&P100_Index","-","2019-12-12_to_2020-12-13_S&P100_Index","-","2020-01-13_to_2021-01-13_S&P100_Index","-","2020-02-12_to_2021-02-13_S&P100_Index","-","2020-03-12_to_2021-03-13_S&P100_Index","-","2020-04-13_to_2021-04-13_S&P100_Index","-","2020-05-12_to_2021-05-13_S&P100_Index","-","2020-06-12_to_2021-06-13_S&P100_Index","-","2020-07-13_to_2021-07-13_S&P100_Index","-","2020-08-12_to_2021-08-13_S&P100_Index","-","2020-09-14_to_2021-09-13_S&P100_Index","-"
"10",NA,"Information Ratio",NA,"Information Ratio",NA,"Information Ratio",NA,"Information Ratio",NA,"Information Ratio",NA,"Information Ratio",NA,"Information Ratio",NA,"Information Ratio",NA,"Information Ratio",NA,"Information Ratio",NA,"Information Ratio",NA,"Information Ratio",NA,"Information Ratio",NA,"Information Ratio",NA,"Information Ratio",NA,"Information Ratio",NA,"Information Ratio",NA,"Information Ratio",NA,"Information Ratio",NA,"Information Ratio",NA,"Information Ratio",NA,"Information Ratio",NA,"Information Ratio",NA,"Information Ratio",NA,"Information Ratio",NA,"Information Ratio",NA,"Information Ratio",NA,"Information Ratio",NA,"Information Ratio",NA,"Information Ratio",NA,"Information Ratio",NA,"Information Ratio",NA,"Information Ratio",NA,"Information Ratio",NA
"11",NA,"2017-12-12_to_2018-12-13_ValuePortfolio_20QRank","-0.44","2018-01-12_to_2019-01-13_ValuePortfolio_20QRank","0.09","2018-02-12_to_2019-02-13_ValuePortfolio_20QRank","-0.01","2018-03-12_to_2019-03-13_ValuePortfolio_20QRank","0.63","2018-04-12_to_2019-04-13_ValuePortfolio_20QRank","-0.9","2018-05-14_to_2019-05-13_ValuePortfolio_20QRank","-0.1","2018-06-12_to_2019-06-13_ValuePortfolio_20QRank","-0.33","2018-07-12_to_2019-07-13_ValuePortfolio_20QRank","-0.31","2018-08-13_to_2019-08-13_ValuePortfolio_20QRank","-0.82","2018-09-12_to_2019-09-13_ValuePortfolio_20QRank","-0.55","2018-10-12_to_2019-10-13_ValuePortfolio_20QRank","-0.71","2018-11-12_to_2019-11-13_ValuePortfolio_20QRank","-0.53","2018-12-12_to_2019-12-13_ValuePortfolio_20QRank","-0.28","2019-01-14_to_2020-01-13_ValuePortfolio_20QRank","-2.44","2019-02-12_to_2020-02-13_ValuePortfolio_20QRank","-2.35","2019-03-12_to_2020-03-13_ValuePortfolio_20QRank","-2.51","2019-04-12_to_2020-04-13_ValuePortfolio_20QRank","-1.55","2019-05-13_to_2020-05-13_ValuePortfolio_20QRank","-2.27","2019-06-12_to_2020-06-13_ValuePortfolio_20QRank","-2.41","2019-07-12_to_2020-07-13_ValuePortfolio_20QRank","-2.44","2019-08-12_to_2020-08-13_ValuePortfolio_20QRank","0.37","2019-09-12_to_2020-09-13_ValuePortfolio_20QRank","-0.01","2019-10-14_to_2020-10-13_ValuePortfolio_20QRank","-3.86","2019-11-12_to_2020-11-13_ValuePortfolio_20QRank","-3.44","2019-12-12_to_2020-12-13_ValuePortfolio_20QRank","-2.27","2020-01-13_to_2021-01-13_ValuePortfolio_20QRank","-1.85","2020-02-12_to_2021-02-13_ValuePortfolio_20QRank","-1.02","2020-03-12_to_2021-03-13_ValuePortfolio_20QRank","1.36","2020-04-13_to_2021-04-13_ValuePortfolio_20QRank","0.86","2020-05-12_to_2021-05-13_ValuePortfolio_20QRank","2.68","2020-06-12_to_2021-06-13_ValuePortfolio_20QRank","1.44","2020-07-13_to_2021-07-13_ValuePortfolio_20QRank","1.16","2020-08-12_to_2021-08-13_ValuePortfolio_20QRank","1.29","2020-09-14_to_2021-09-13_ValuePortfolio_20QRank","0.94"
"12",NA,"2017-12-12_to_2018-12-13_S&P100_Index","-","2018-01-12_to_2019-01-13_S&P100_Index","-","2018-02-12_to_2019-02-13_S&P100_Index","-","2018-03-12_to_2019-03-13_S&P100_Index","-","2018-04-12_to_2019-04-13_S&P100_Index","-","2018-05-14_to_2019-05-13_S&P100_Index","-","2018-06-12_to_2019-06-13_S&P100_Index","-","2018-07-12_to_2019-07-13_S&P100_Index","-","2018-08-13_to_2019-08-13_S&P100_Index","-","2018-09-12_to_2019-09-13_S&P100_Index","-","2018-10-12_to_2019-10-13_S&P100_Index","-","2018-11-12_to_2019-11-13_S&P100_Index","-","2018-12-12_to_2019-12-13_S&P100_Index","-","2019-01-14_to_2020-01-13_S&P100_Index","-","2019-02-12_to_2020-02-13_S&P100_Index","-","2019-03-12_to_2020-03-13_S&P100_Index","-","2019-04-12_to_2020-04-13_S&P100_Index","-","2019-05-13_to_2020-05-13_S&P100_Index","-","2019-06-12_to_2020-06-13_S&P100_Index","-","2019-07-12_to_2020-07-13_S&P100_Index","-","2019-08-12_to_2020-08-13_S&P100_Index","-","2019-09-12_to_2020-09-13_S&P100_Index","-","2019-10-14_to_2020-10-13_S&P100_Index","-","2019-11-12_to_2020-11-13_S&P100_Index","-","2019-12-12_to_2020-12-13_S&P100_Index","-","2020-01-13_to_2021-01-13_S&P100_Index","-","2020-02-12_to_2021-02-13_S&P100_Index","-","2020-03-12_to_2021-03-13_S&P100_Index","-","2020-04-13_to_2021-04-13_S&P100_Index","-","2020-05-12_to_2021-05-13_S&P100_Index","-","2020-06-12_to_2021-06-13_S&P100_Index","-","2020-07-13_to_2021-07-13_S&P100_Index","-","2020-08-12_to_2021-08-13_S&P100_Index","-","2020-09-14_to_2021-09-13_S&P100_Index","-"
"13",NA,"Alpha Stat",NA,"Alpha Stat",NA,"Alpha Stat",NA,"Alpha Stat",NA,"Alpha Stat",NA,"Alpha Stat",NA,"Alpha Stat",NA,"Alpha Stat",NA,"Alpha Stat",NA,"Alpha Stat",NA,"Alpha Stat",NA,"Alpha Stat",NA,"Alpha Stat",NA,"Alpha Stat",NA,"Alpha Stat",NA,"Alpha Stat",NA,"Alpha Stat",NA,"Alpha Stat",NA,"Alpha Stat",NA,"Alpha Stat",NA,"Alpha Stat",NA,"Alpha Stat",NA,"Alpha Stat",NA,"Alpha Stat",NA,"Alpha Stat",NA,"Alpha Stat",NA,"Alpha Stat",NA,"Alpha Stat",NA,"Alpha Stat",NA,"Alpha Stat",NA,"Alpha Stat",NA,"Alpha Stat",NA,"Alpha Stat",NA,"Alpha Stat",NA
"14",NA,"2017-12-12_to_2018-12-13_ValuePortfolio_20QRank","-0.39","2018-01-12_to_2019-01-13_ValuePortfolio_20QRank","-0.03","2018-02-12_to_2019-02-13_ValuePortfolio_20QRank","0.19","2018-03-12_to_2019-03-13_ValuePortfolio_20QRank","0.19","2018-04-12_to_2019-04-13_ValuePortfolio_20QRank","-0.24","2018-05-14_to_2019-05-13_ValuePortfolio_20QRank","-0.13","2018-06-12_to_2019-06-13_ValuePortfolio_20QRank","-0.39","2018-07-12_to_2019-07-13_ValuePortfolio_20QRank","-0.07","2018-08-13_to_2019-08-13_ValuePortfolio_20QRank","-0.13","2018-09-12_to_2019-09-13_ValuePortfolio_20QRank","-0.27","2018-10-12_to_2019-10-13_ValuePortfolio_20QRank","-0.26","2018-11-12_to_2019-11-13_ValuePortfolio_20QRank","-0.47","2018-12-12_to_2019-12-13_ValuePortfolio_20QRank","-0.77","2019-01-14_to_2020-01-13_ValuePortfolio_20QRank","-1.14","2019-02-12_to_2020-02-13_ValuePortfolio_20QRank","-1.42","2019-03-12_to_2020-03-13_ValuePortfolio_20QRank","-0.92","2019-04-12_to_2020-04-13_ValuePortfolio_20QRank","-1","2019-05-13_to_2020-05-13_ValuePortfolio_20QRank","-1.73","2019-06-12_to_2020-06-13_ValuePortfolio_20QRank","-2.34","2019-07-12_to_2020-07-13_ValuePortfolio_20QRank","-2.11","2019-08-12_to_2020-08-13_ValuePortfolio_20QRank","-0.16","2019-09-12_to_2020-09-13_ValuePortfolio_20QRank","-0.21","2019-10-14_to_2020-10-13_ValuePortfolio_20QRank","-2.7","2019-11-12_to_2020-11-13_ValuePortfolio_20QRank","-2.73","2019-12-12_to_2020-12-13_ValuePortfolio_20QRank","-1.99","2020-01-13_to_2021-01-13_ValuePortfolio_20QRank","-1.76","2020-02-12_to_2021-02-13_ValuePortfolio_20QRank","-1.26","2020-03-12_to_2021-03-13_ValuePortfolio_20QRank","1.79","2020-04-13_to_2021-04-13_ValuePortfolio_20QRank","2.25","2020-05-12_to_2021-05-13_ValuePortfolio_20QRank","2.58","2020-06-12_to_2021-06-13_ValuePortfolio_20QRank","2.94","2020-07-13_to_2021-07-13_ValuePortfolio_20QRank","2.66","2020-08-12_to_2021-08-13_ValuePortfolio_20QRank","2","2020-09-14_to_2021-09-13_ValuePortfolio_20QRank","1.64"
"15",NA,"2017-12-12_to_2018-12-13_S&P100_Index","-","2018-01-12_to_2019-01-13_S&P100_Index","-","2018-02-12_to_2019-02-13_S&P100_Index","-","2018-03-12_to_2019-03-13_S&P100_Index","-","2018-04-12_to_2019-04-13_S&P100_Index","-","2018-05-14_to_2019-05-13_S&P100_Index","-","2018-06-12_to_2019-06-13_S&P100_Index","-","2018-07-12_to_2019-07-13_S&P100_Index","-","2018-08-13_to_2019-08-13_S&P100_Index","-","2018-09-12_to_2019-09-13_S&P100_Index","-","2018-10-12_to_2019-10-13_S&P100_Index","-","2018-11-12_to_2019-11-13_S&P100_Index","-","2018-12-12_to_2019-12-13_S&P100_Index","-","2019-01-14_to_2020-01-13_S&P100_Index","-","2019-02-12_to_2020-02-13_S&P100_Index","-","2019-03-12_to_2020-03-13_S&P100_Index","-","2019-04-12_to_2020-04-13_S&P100_Index","-","2019-05-13_to_2020-05-13_S&P100_Index","-","2019-06-12_to_2020-06-13_S&P100_Index","-","2019-07-12_to_2020-07-13_S&P100_Index","-","2019-08-12_to_2020-08-13_S&P100_Index","-","2019-09-12_to_2020-09-13_S&P100_Index","-","2019-10-14_to_2020-10-13_S&P100_Index","-","2019-11-12_to_2020-11-13_S&P100_Index","-","2019-12-12_to_2020-12-13_S&P100_Index","-","2020-01-13_to_2021-01-13_S&P100_Index","-","2020-02-12_to_2021-02-13_S&P100_Index","-","2020-03-12_to_2021-03-13_S&P100_Index","-","2020-04-13_to_2021-04-13_S&P100_Index","-","2020-05-12_to_2021-05-13_S&P100_Index","-","2020-06-12_to_2021-06-13_S&P100_Index","-","2020-07-13_to_2021-07-13_S&P100_Index","-","2020-08-12_to_2021-08-13_S&P100_Index","-","2020-09-14_to_2021-09-13_S&P100_Index","-"
"16",NA,"Beta Stat",NA,"Beta Stat",NA,"Beta Stat",NA,"Beta Stat",NA,"Beta Stat",NA,"Beta Stat",NA,"Beta Stat",NA,"Beta Stat",NA,"Beta Stat",NA,"Beta Stat",NA,"Beta Stat",NA,"Beta Stat",NA,"Beta Stat",NA,"Beta Stat",NA,"Beta Stat",NA,"Beta Stat",NA,"Beta Stat",NA,"Beta Stat",NA,"Beta Stat",NA,"Beta Stat",NA,"Beta Stat",NA,"Beta Stat",NA,"Beta Stat",NA,"Beta Stat",NA,"Beta Stat",NA,"Beta Stat",NA,"Beta Stat",NA,"Beta Stat",NA,"Beta Stat",NA,"Beta Stat",NA,"Beta Stat",NA,"Beta Stat",NA,"Beta Stat",NA,"Beta Stat",NA
"17",NA,"2017-12-12_to_2018-12-13_ValuePortfolio_20QRank","0.51","2018-01-12_to_2019-01-13_ValuePortfolio_20QRank","0.7","2018-02-12_to_2019-02-13_ValuePortfolio_20QRank","0.75","2018-03-12_to_2019-03-13_ValuePortfolio_20QRank","0.67","2018-04-12_to_2019-04-13_ValuePortfolio_20QRank","0.72","2018-05-14_to_2019-05-13_ValuePortfolio_20QRank","0.78","2018-06-12_to_2019-06-13_ValuePortfolio_20QRank","0.79","2018-07-12_to_2019-07-13_ValuePortfolio_20QRank","0.88","2018-08-13_to_2019-08-13_ValuePortfolio_20QRank","0.99","2018-09-12_to_2019-09-13_ValuePortfolio_20QRank","1.06","2018-10-12_to_2019-10-13_ValuePortfolio_20QRank","1.12","2018-11-12_to_2019-11-13_ValuePortfolio_20QRank","1.16","2018-12-12_to_2019-12-13_ValuePortfolio_20QRank","1.28","2019-01-14_to_2020-01-13_ValuePortfolio_20QRank","1.18","2019-02-12_to_2020-02-13_ValuePortfolio_20QRank","1.16","2019-03-12_to_2020-03-13_ValuePortfolio_20QRank","1.15","2019-04-12_to_2020-04-13_ValuePortfolio_20QRank","1.18","2019-05-13_to_2020-05-13_ValuePortfolio_20QRank","1.09","2019-06-12_to_2020-06-13_ValuePortfolio_20QRank","1.09","2019-07-12_to_2020-07-13_ValuePortfolio_20QRank","1.1","2019-08-12_to_2020-08-13_ValuePortfolio_20QRank","1.3","2019-09-12_to_2020-09-13_ValuePortfolio_20QRank","1.47","2019-10-14_to_2020-10-13_ValuePortfolio_20QRank","0.94","2019-11-12_to_2020-11-13_ValuePortfolio_20QRank","0.85","2019-12-12_to_2020-12-13_ValuePortfolio_20QRank","0.94","2020-01-13_to_2021-01-13_ValuePortfolio_20QRank","0.95","2020-02-12_to_2021-02-13_ValuePortfolio_20QRank","1.06","2020-03-12_to_2021-03-13_ValuePortfolio_20QRank","0.7","2020-04-13_to_2021-04-13_ValuePortfolio_20QRank","0.71","2020-05-12_to_2021-05-13_ValuePortfolio_20QRank","0.68","2020-06-12_to_2021-06-13_ValuePortfolio_20QRank","0.63","2020-07-13_to_2021-07-13_ValuePortfolio_20QRank","0.72","2020-08-12_to_2021-08-13_ValuePortfolio_20QRank","1.04","2020-09-14_to_2021-09-13_ValuePortfolio_20QRank","0.96"
"18",NA,"2017-12-12_to_2018-12-13_S&P100_Index","-","2018-01-12_to_2019-01-13_S&P100_Index","-","2018-02-12_to_2019-02-13_S&P100_Index","-","2018-03-12_to_2019-03-13_S&P100_Index","-","2018-04-12_to_2019-04-13_S&P100_Index","-","2018-05-14_to_2019-05-13_S&P100_Index","-","2018-06-12_to_2019-06-13_S&P100_Index","-","2018-07-12_to_2019-07-13_S&P100_Index","-","2018-08-13_to_2019-08-13_S&P100_Index","-","2018-09-12_to_2019-09-13_S&P100_Index","-","2018-10-12_to_2019-10-13_S&P100_Index","-","2018-11-12_to_2019-11-13_S&P100_Index","-","2018-12-12_to_2019-12-13_S&P100_Index","-","2019-01-14_to_2020-01-13_S&P100_Index","-","2019-02-12_to_2020-02-13_S&P100_Index","-","2019-03-12_to_2020-03-13_S&P100_Index","-","2019-04-12_to_2020-04-13_S&P100_Index","-","2019-05-13_to_2020-05-13_S&P100_Index","-","2019-06-12_to_2020-06-13_S&P100_Index","-","2019-07-12_to_2020-07-13_S&P100_Index","-","2019-08-12_to_2020-08-13_S&P100_Index","-","2019-09-12_to_2020-09-13_S&P100_Index","-","2019-10-14_to_2020-10-13_S&P100_Index","-","2019-11-12_to_2020-11-13_S&P100_Index","-","2019-12-12_to_2020-12-13_S&P100_Index","-","2020-01-13_to_2021-01-13_S&P100_Index","-","2020-02-12_to_2021-02-13_S&P100_Index","-","2020-03-12_to_2021-03-13_S&P100_Index","-","2020-04-13_to_2021-04-13_S&P100_Index","-","2020-05-12_to_2021-05-13_S&P100_Index","-","2020-06-12_to_2021-06-13_S&P100_Index","-","2020-07-13_to_2021-07-13_S&P100_Index","-","2020-08-12_to_2021-08-13_S&P100_Index","-","2020-09-14_to_2021-09-13_S&P100_Index","-"
"19",NA,"R-Squared",NA,"R-Squared",NA,"R-Squared",NA,"R-Squared",NA,"R-Squared",NA,"R-Squared",NA,"R-Squared",NA,"R-Squared",NA,"R-Squared",NA,"R-Squared",NA,"R-Squared",NA,"R-Squared",NA,"R-Squared",NA,"R-Squared",NA,"R-Squared",NA,"R-Squared",NA,"R-Squared",NA,"R-Squared",NA,"R-Squared",NA,"R-Squared",NA,"R-Squared",NA,"R-Squared",NA,"R-Squared",NA,"R-Squared",NA,"R-Squared",NA,"R-Squared",NA,"R-Squared",NA,"R-Squared",NA,"R-Squared",NA,"R-Squared",NA,"R-Squared",NA,"R-Squared",NA,"R-Squared",NA,"R-Squared",NA
"20",NA,"2017-12-12_to_2018-12-13_ValuePortfolio_20QRank","47.37","2018-01-12_to_2019-01-13_ValuePortfolio_20QRank","73.09","2018-02-12_to_2019-02-13_ValuePortfolio_20QRank","85.66","2018-03-12_to_2019-03-13_ValuePortfolio_20QRank","81.7","2018-04-12_to_2019-04-13_ValuePortfolio_20QRank","79.48","2018-05-14_to_2019-05-13_ValuePortfolio_20QRank","83.73","2018-06-12_to_2019-06-13_ValuePortfolio_20QRank","89.05","2018-07-12_to_2019-07-13_ValuePortfolio_20QRank","91.64","2018-08-13_to_2019-08-13_ValuePortfolio_20QRank","95.7","2018-09-12_to_2019-09-13_ValuePortfolio_20QRank","94.47","2018-10-12_to_2019-10-13_ValuePortfolio_20QRank","93.93","2018-11-12_to_2019-11-13_ValuePortfolio_20QRank","91.67","2018-12-12_to_2019-12-13_ValuePortfolio_20QRank","87.84","2019-01-14_to_2020-01-13_ValuePortfolio_20QRank","88.03","2019-02-12_to_2020-02-13_ValuePortfolio_20QRank","75.85","2019-03-12_to_2020-03-13_ValuePortfolio_20QRank","88.63","2019-04-12_to_2020-04-13_ValuePortfolio_20QRank","89.91","2019-05-13_to_2020-05-13_ValuePortfolio_20QRank","84.04","2019-06-12_to_2020-06-13_ValuePortfolio_20QRank","83.75","2019-07-12_to_2020-07-13_ValuePortfolio_20QRank","82.49","2019-08-12_to_2020-08-13_ValuePortfolio_20QRank","90.89","2019-09-12_to_2020-09-13_ValuePortfolio_20QRank","85.57","2019-10-14_to_2020-10-13_ValuePortfolio_20QRank","88.56","2019-11-12_to_2020-11-13_ValuePortfolio_20QRank","84.79","2019-12-12_to_2020-12-13_ValuePortfolio_20QRank","82.82","2020-01-13_to_2021-01-13_ValuePortfolio_20QRank","81.14","2020-02-12_to_2021-02-13_ValuePortfolio_20QRank","70.15","2020-03-12_to_2021-03-13_ValuePortfolio_20QRank","38.85","2020-04-13_to_2021-04-13_ValuePortfolio_20QRank","26.63","2020-05-12_to_2021-05-13_ValuePortfolio_20QRank","22.46","2020-06-12_to_2021-06-13_ValuePortfolio_20QRank","22.13","2020-07-13_to_2021-07-13_ValuePortfolio_20QRank","24.72","2020-08-12_to_2021-08-13_ValuePortfolio_20QRank","36.49","2020-09-14_to_2021-09-13_ValuePortfolio_20QRank","24.5"
"21",NA,"2017-12-12_to_2018-12-13_S&P100_Index","-","2018-01-12_to_2019-01-13_S&P100_Index","-","2018-02-12_to_2019-02-13_S&P100_Index","-","2018-03-12_to_2019-03-13_S&P100_Index","-","2018-04-12_to_2019-04-13_S&P100_Index","-","2018-05-14_to_2019-05-13_S&P100_Index","-","2018-06-12_to_2019-06-13_S&P100_Index","-","2018-07-12_to_2019-07-13_S&P100_Index","-","2018-08-13_to_2019-08-13_S&P100_Index","-","2018-09-12_to_2019-09-13_S&P100_Index","-","2018-10-12_to_2019-10-13_S&P100_Index","-","2018-11-12_to_2019-11-13_S&P100_Index","-","2018-12-12_to_2019-12-13_S&P100_Index","-","2019-01-14_to_2020-01-13_S&P100_Index","-","2019-02-12_to_2020-02-13_S&P100_Index","-","2019-03-12_to_2020-03-13_S&P100_Index","-","2019-04-12_to_2020-04-13_S&P100_Index","-","2019-05-13_to_2020-05-13_S&P100_Index","-","2019-06-12_to_2020-06-13_S&P100_Index","-","2019-07-12_to_2020-07-13_S&P100_Index","-","2019-08-12_to_2020-08-13_S&P100_Index","-","2019-09-12_to_2020-09-13_S&P100_Index","-","2019-10-14_to_2020-10-13_S&P100_Index","-","2019-11-12_to_2020-11-13_S&P100_Index","-","2019-12-12_to_2020-12-13_S&P100_Index","-","2020-01-13_to_2021-01-13_S&P100_Index","-","2020-02-12_to_2021-02-13_S&P100_Index","-","2020-03-12_to_2021-03-13_S&P100_Index","-","2020-04-13_to_2021-04-13_S&P100_Index","-","2020-05-12_to_2021-05-13_S&P100_Index","-","2020-06-12_to_2021-06-13_S&P100_Index","-","2020-07-13_to_2021-07-13_S&P100_Index","-","2020-08-12_to_2021-08-13_S&P100_Index","-","2020-09-14_to_2021-09-13_S&P100_Index","-"
"22",NA,"Max Drawdown",NA,"Max Drawdown",NA,"Max Drawdown",NA,"Max Drawdown",NA,"Max Drawdown",NA,"Max Drawdown",NA,"Max Drawdown",NA,"Max Drawdown",NA,"Max Drawdown",NA,"Max Drawdown",NA,"Max Drawdown",NA,"Max Drawdown",NA,"Max Drawdown",NA,"Max Drawdown",NA,"Max Drawdown",NA,"Max Drawdown",NA,"Max Drawdown",NA,"Max Drawdown",NA,"Max Drawdown",NA,"Max Drawdown",NA,"Max Drawdown",NA,"Max Drawdown",NA,"Max Drawdown",NA,"Max Drawdown",NA,"Max Drawdown",NA,"Max Drawdown",NA,"Max Drawdown",NA,"Max Drawdown",NA,"Max Drawdown",NA,"Max Drawdown",NA,"Max Drawdown",NA,"Max Drawdown",NA,"Max Drawdown",NA,"Max Drawdown",NA
"23",NA,"2017-12-12_to_2018-12-13_ValuePortfolio_20QRank","-11.2818","2018-01-12_to_2019-01-13_ValuePortfolio_20QRank","-14.6302","2018-02-12_to_2019-02-13_ValuePortfolio_20QRank","-16.3724","2018-03-12_to_2019-03-13_ValuePortfolio_20QRank","-14.221","2018-04-12_to_2019-04-13_ValuePortfolio_20QRank","-15.9891","2018-05-14_to_2019-05-13_ValuePortfolio_20QRank","-16.7291","2018-06-12_to_2019-06-13_ValuePortfolio_20QRank","-16.6734","2018-07-12_to_2019-07-13_ValuePortfolio_20QRank","-17.514","2018-08-13_to_2019-08-13_ValuePortfolio_20QRank","-19.1258","2018-09-12_to_2019-09-13_ValuePortfolio_20QRank","-19.2006","2018-10-12_to_2019-10-13_ValuePortfolio_20QRank","-15.0237","2018-11-12_to_2019-11-13_ValuePortfolio_20QRank","-14.8561","2018-12-12_to_2019-12-13_ValuePortfolio_20QRank","-9.8218","2019-01-14_to_2020-01-13_ValuePortfolio_20QRank","-8.7495","2019-02-12_to_2020-02-13_ValuePortfolio_20QRank","-8.4504","2019-03-12_to_2020-03-13_ValuePortfolio_20QRank","-31.5423","2019-04-12_to_2020-04-13_ValuePortfolio_20QRank","-36.9824","2019-05-13_to_2020-05-13_ValuePortfolio_20QRank","-38.2289","2019-06-12_to_2020-06-13_ValuePortfolio_20QRank","-39.2962","2019-07-12_to_2020-07-13_ValuePortfolio_20QRank","-38.5047","2019-08-12_to_2020-08-13_ValuePortfolio_20QRank","-39.374","2019-09-12_to_2020-09-13_ValuePortfolio_20QRank","-40.4805","2019-10-14_to_2020-10-13_ValuePortfolio_20QRank","-38.3978","2019-11-12_to_2020-11-13_ValuePortfolio_20QRank","-38.1363","2019-12-12_to_2020-12-13_ValuePortfolio_20QRank","-37.085","2020-01-13_to_2021-01-13_ValuePortfolio_20QRank","-37.8623","2020-02-12_to_2021-02-13_ValuePortfolio_20QRank","-39.2356","2020-03-12_to_2021-03-13_ValuePortfolio_20QRank","-17.3157","2020-04-13_to_2021-04-13_ValuePortfolio_20QRank","-18.0957","2020-05-12_to_2021-05-13_ValuePortfolio_20QRank","-18.8906","2020-06-12_to_2021-06-13_ValuePortfolio_20QRank","-8.7974","2020-07-13_to_2021-07-13_ValuePortfolio_20QRank","-9.3996","2020-08-12_to_2021-08-13_ValuePortfolio_20QRank","-11.5013","2020-09-14_to_2021-09-13_ValuePortfolio_20QRank","-12.0666"
"24",NA,"2017-12-12_to_2018-12-13_S&P100_Index","-11.1728","2018-01-12_to_2019-01-13_S&P100_Index","-19.9593","2018-02-12_to_2019-02-13_S&P100_Index","-19.9593","2018-03-12_to_2019-03-13_S&P100_Index","-19.9593","2018-04-12_to_2019-04-13_S&P100_Index","-19.9593","2018-05-14_to_2019-05-13_S&P100_Index","-19.9593","2018-06-12_to_2019-06-13_S&P100_Index","-19.9593","2018-07-12_to_2019-07-13_S&P100_Index","-19.9593","2018-08-13_to_2019-08-13_S&P100_Index","-19.9593","2018-09-12_to_2019-09-13_S&P100_Index","-19.9593","2018-10-12_to_2019-10-13_S&P100_Index","-16.7416","2018-11-12_to_2019-11-13_S&P100_Index","-15.8126","2018-12-12_to_2019-12-13_S&P100_Index","-11.4984","2019-01-14_to_2020-01-13_S&P100_Index","-7.6691","2019-02-12_to_2020-02-13_S&P100_Index","-7.6691","2019-03-12_to_2020-03-13_S&P100_Index","-26.0386","2019-04-12_to_2020-04-13_S&P100_Index","-31.5312","2019-05-13_to_2020-05-13_S&P100_Index","-31.5312","2019-06-12_to_2020-06-13_S&P100_Index","-31.5312","2019-07-12_to_2020-07-13_S&P100_Index","-31.5312","2019-08-12_to_2020-08-13_S&P100_Index","-31.5312","2019-09-12_to_2020-09-13_S&P100_Index","-31.5312","2019-10-14_to_2020-10-13_S&P100_Index","-31.5312","2019-11-12_to_2020-11-13_S&P100_Index","-31.5312","2019-12-12_to_2020-12-13_S&P100_Index","-31.5312","2020-01-13_to_2021-01-13_S&P100_Index","-31.5312","2020-02-12_to_2021-02-13_S&P100_Index","-31.5312","2020-03-12_to_2021-03-13_S&P100_Index","-15.9392","2020-04-13_to_2021-04-13_S&P100_Index","-10.5021","2020-05-12_to_2021-05-13_S&P100_Index","-10.5021","2020-06-12_to_2021-06-13_S&P100_Index","-10.5021","2020-07-13_to_2021-07-13_S&P100_Index","-10.502","2020-08-12_to_2021-08-13_S&P100_Index","-10.5021","2020-09-14_to_2021-09-13_S&P100_Index","-7.9326"
