"","NA","Var.2","2017-2018","Var.4","2018-2019","Var.6","2018-2019","Var.8","2018-2019","Var.10","2018-2019","Var.12","2018-2019","Var.14","2018-2019","Var.16","2018-2019","Var.18","2018-2019","Var.20","2018-2019","Var.22","2018-2019","Var.24","2018-2019","Var.26","2018-2019","Var.28","2019-2020","Var.30","2019-2020","Var.32","2019-2020","Var.34","2019-2020","Var.36","2019-2020","Var.38","2019-2020","Var.40","2019-2020","Var.42","2019-2020","Var.44","2019-2020","Var.46","2019-2020","Var.48","2019-2020","Var.50","2019-2020","Var.52","2020-2021","Var.54","2020-2021","Var.56","2020-2021","Var.58","2020-2021","Var.60","2020-2021","Var.62","2020-2021","Var.64","2020-2021","Var.66","2020-2021","Var.68","2020-2021"
"1",NA,"Annualized Returns",NA,"Annualized Returns",NA,"Annualized Returns",NA,"Annualized Returns",NA,"Annualized Returns",NA,"Annualized Returns",NA,"Annualized Returns",NA,"Annualized Returns",NA,"Annualized Returns",NA,"Annualized Returns",NA,"Annualized Returns",NA,"Annualized Returns",NA,"Annualized Returns",NA,"Annualized Returns",NA,"Annualized Returns",NA,"Annualized Returns",NA,"Annualized Returns",NA,"Annualized Returns",NA,"Annualized Returns",NA,"Annualized Returns",NA,"Annualized Returns",NA,"Annualized Returns",NA,"Annualized Returns",NA,"Annualized Returns",NA,"Annualized Returns",NA,"Annualized Returns",NA,"Annualized Returns",NA,"Annualized Returns",NA,"Annualized Returns",NA,"Annualized Returns",NA,"Annualized Returns",NA,"Annualized Returns",NA,"Annualized Returns",NA,"Annualized Returns",NA
"2",NA,"2017-12-12_to_2018-12-13_GrowthPortfolio_20QRank","9.171","2018-01-12_to_2019-01-13_GrowthPortfolio_20QRank","1.627","2018-02-12_to_2019-02-13_GrowthPortfolio_20QRank","7.358","2018-03-12_to_2019-03-13_GrowthPortfolio_20QRank","0.702","2018-04-12_to_2019-04-13_GrowthPortfolio_20QRank","12.654","2018-05-14_to_2019-05-13_GrowthPortfolio_20QRank","3.082","2018-06-12_to_2019-06-13_GrowthPortfolio_20QRank","0.03","2018-07-12_to_2019-07-13_GrowthPortfolio_20QRank","10.902","2018-08-13_to_2019-08-13_GrowthPortfolio_20QRank","6.301","2018-09-12_to_2019-09-13_GrowthPortfolio_20QRank","8.096","2018-10-12_to_2019-10-13_GrowthPortfolio_20QRank","11.675","2018-11-12_to_2019-11-13_GrowthPortfolio_20QRank","21.231","2018-12-12_to_2019-12-13_GrowthPortfolio_20QRank","22.696","2019-01-14_to_2020-01-13_GrowthPortfolio_20QRank","34.969","2019-02-12_to_2020-02-13_GrowthPortfolio_20QRank","35.256","2019-03-12_to_2020-03-13_GrowthPortfolio_20QRank","7.881","2019-04-12_to_2020-04-13_GrowthPortfolio_20QRank","7.01","2019-05-13_to_2020-05-13_GrowthPortfolio_20QRank","15.906","2019-06-12_to_2020-06-13_GrowthPortfolio_20QRank","22.115","2019-07-12_to_2020-07-13_GrowthPortfolio_20QRank","24.868","2019-08-12_to_2020-08-13_GrowthPortfolio_20QRank","39.2","2019-09-12_to_2020-09-13_GrowthPortfolio_20QRank","36.981","2019-10-14_to_2020-10-13_GrowthPortfolio_20QRank","51.557","2019-11-12_to_2020-11-13_GrowthPortfolio_20QRank","44.058","2019-12-12_to_2020-12-13_GrowthPortfolio_20QRank","42.004","2020-01-13_to_2021-01-13_GrowthPortfolio_20QRank","66.588","2020-02-12_to_2021-02-13_GrowthPortfolio_20QRank","52.723","2020-03-12_to_2021-03-13_GrowthPortfolio_20QRank","82.839","2020-04-13_to_2021-04-13_GrowthPortfolio_20QRank","76.358","2020-05-12_to_2021-05-13_GrowthPortfolio_20QRank","50.28","2020-06-12_to_2021-06-13_GrowthPortfolio_20QRank","48.435","2020-07-13_to_2021-07-13_GrowthPortfolio_20QRank","43.426","2020-08-12_to_2021-08-13_GrowthPortfolio_20QRank","35.365","2020-09-14_to_2021-09-13_GrowthPortfolio_20QRank","35.047"
"3",NA,"2017-12-12_to_2018-12-13_S&P100_Index","-0.169","2018-01-12_to_2019-01-13_S&P100_Index","-6.92","2018-02-12_to_2019-02-13_S&P100_Index","2.534","2018-03-12_to_2019-03-13_S&P100_Index","1.943","2018-04-12_to_2019-04-13_S&P100_Index","9.421","2018-05-14_to_2019-05-13_S&P100_Index","3.455","2018-06-12_to_2019-06-13_S&P100_Index","4.638","2018-07-12_to_2019-07-13_S&P100_Index","7.906","2018-08-13_to_2019-08-13_S&P100_Index","3.362","2018-09-12_to_2019-09-13_S&P100_Index","3.452","2018-10-12_to_2019-10-13_S&P100_Index","6.675","2018-11-12_to_2019-11-13_S&P100_Index","14.034","2018-12-12_to_2019-12-13_S&P100_Index","19.976","2019-01-14_to_2020-01-13_S&P100_Index","28.863","2019-02-12_to_2020-02-13_S&P100_Index","25.184","2019-03-12_to_2020-03-13_S&P100_Index","-0.288","2019-04-12_to_2020-04-13_S&P100_Index","-1.185","2019-05-13_to_2020-05-13_S&P100_Index","4.029","2019-06-12_to_2020-06-13_S&P100_Index","9.237","2019-07-12_to_2020-07-13_S&P100_Index","10.035","2019-08-12_to_2020-08-13_S&P100_Index","24.12","2019-09-12_to_2020-09-13_S&P100_Index","16.362","2019-10-14_to_2020-10-13_S&P100_Index","23.882","2019-11-12_to_2020-11-13_S&P100_Index","19.338","2019-12-12_to_2020-12-13_S&P100_Index","18.874","2020-01-13_to_2021-01-13_S&P100_Index","18.384","2020-02-12_to_2021-02-13_S&P100_Index","19.157","2020-03-12_to_2021-03-13_S&P100_Index","59.051","2020-04-13_to_2021-04-13_S&P100_Index","49.36","2020-05-12_to_2021-05-13_S&P100_Index","42.952","2020-06-12_to_2021-06-13_S&P100_Index","38.619","2020-07-13_to_2021-07-13_S&P100_Index","37.088","2020-08-12_to_2021-08-13_S&P100_Index","31.563","2020-09-14_to_2021-09-13_S&P100_Index","33.761"
"4",NA,"Volatility",NA,"Volatility",NA,"Volatility",NA,"Volatility",NA,"Volatility",NA,"Volatility",NA,"Volatility",NA,"Volatility",NA,"Volatility",NA,"Volatility",NA,"Volatility",NA,"Volatility",NA,"Volatility",NA,"Volatility",NA,"Volatility",NA,"Volatility",NA,"Volatility",NA,"Volatility",NA,"Volatility",NA,"Volatility",NA,"Volatility",NA,"Volatility",NA,"Volatility",NA,"Volatility",NA,"Volatility",NA,"Volatility",NA,"Volatility",NA,"Volatility",NA,"Volatility",NA,"Volatility",NA,"Volatility",NA,"Volatility",NA,"Volatility",NA,"Volatility",NA
"5",NA,"2017-12-12_to_2018-12-13_GrowthPortfolio_20QRank","19.78","2018-01-12_to_2019-01-13_GrowthPortfolio_20QRank","16.82","2018-02-12_to_2019-02-13_GrowthPortfolio_20QRank","19.45","2018-03-12_to_2019-03-13_GrowthPortfolio_20QRank","18.35","2018-04-12_to_2019-04-13_GrowthPortfolio_20QRank","19.01","2018-05-14_to_2019-05-13_GrowthPortfolio_20QRank","19.36","2018-06-12_to_2019-06-13_GrowthPortfolio_20QRank","21.41","2018-07-12_to_2019-07-13_GrowthPortfolio_20QRank","22.24","2018-08-13_to_2019-08-13_GrowthPortfolio_20QRank","21.9","2018-09-12_to_2019-09-13_GrowthPortfolio_20QRank","22.75","2018-10-12_to_2019-10-13_GrowthPortfolio_20QRank","18.4","2018-11-12_to_2019-11-13_GrowthPortfolio_20QRank","19.09","2018-12-12_to_2019-12-13_GrowthPortfolio_20QRank","15.37","2019-01-14_to_2020-01-13_GrowthPortfolio_20QRank","14.05","2019-02-12_to_2020-02-13_GrowthPortfolio_20QRank","13.13","2019-03-12_to_2020-03-13_GrowthPortfolio_20QRank","14.93","2019-04-12_to_2020-04-13_GrowthPortfolio_20QRank","17.32","2019-05-13_to_2020-05-13_GrowthPortfolio_20QRank","20.33","2019-06-12_to_2020-06-13_GrowthPortfolio_20QRank","20.37","2019-07-12_to_2020-07-13_GrowthPortfolio_20QRank","20.08","2019-08-12_to_2020-08-13_GrowthPortfolio_20QRank","21.22","2019-09-12_to_2020-09-13_GrowthPortfolio_20QRank","21.92","2019-10-14_to_2020-10-13_GrowthPortfolio_20QRank","22.27","2019-11-12_to_2020-11-13_GrowthPortfolio_20QRank","25.35","2019-12-12_to_2020-12-13_GrowthPortfolio_20QRank","25.29","2020-01-13_to_2021-01-13_GrowthPortfolio_20QRank","32.22","2020-02-12_to_2021-02-13_GrowthPortfolio_20QRank","27.22","2020-03-12_to_2021-03-13_GrowthPortfolio_20QRank","25.24","2020-04-13_to_2021-04-13_GrowthPortfolio_20QRank","23.17","2020-05-12_to_2021-05-13_GrowthPortfolio_20QRank","21.87","2020-06-12_to_2021-06-13_GrowthPortfolio_20QRank","22.13","2020-07-13_to_2021-07-13_GrowthPortfolio_20QRank","19.53","2020-08-12_to_2021-08-13_GrowthPortfolio_20QRank","15.5","2020-09-14_to_2021-09-13_GrowthPortfolio_20QRank","13.54"
"6",NA,"2017-12-12_to_2018-12-13_S&P100_Index","13.05","2018-01-12_to_2019-01-13_S&P100_Index","14.8","2018-02-12_to_2019-02-13_S&P100_Index","16.46","2018-03-12_to_2019-03-13_S&P100_Index","16.07","2018-04-12_to_2019-04-13_S&P100_Index","16.16","2018-05-14_to_2019-05-13_S&P100_Index","16.5","2018-06-12_to_2019-06-13_S&P100_Index","18.45","2018-07-12_to_2019-07-13_S&P100_Index","19.34","2018-08-13_to_2019-08-13_S&P100_Index","19.05","2018-09-12_to_2019-09-13_S&P100_Index","19.19","2018-10-12_to_2019-10-13_S&P100_Index","17.59","2018-11-12_to_2019-11-13_S&P100_Index","17.68","2018-12-12_to_2019-12-13_S&P100_Index","13.46","2019-01-14_to_2020-01-13_S&P100_Index","12.35","2019-02-12_to_2020-02-13_S&P100_Index","12.4","2019-03-12_to_2020-03-13_S&P100_Index","16.18","2019-04-12_to_2020-04-13_S&P100_Index","19.14","2019-05-13_to_2020-05-13_S&P100_Index","22.22","2019-06-12_to_2020-06-13_S&P100_Index","21.51","2019-07-12_to_2020-07-13_S&P100_Index","21.59","2019-08-12_to_2020-08-13_S&P100_Index","21.81","2019-09-12_to_2020-09-13_S&P100_Index","23.12","2019-10-14_to_2020-10-13_S&P100_Index","24.24","2019-11-12_to_2020-11-13_S&P100_Index","24.62","2019-12-12_to_2020-12-13_S&P100_Index","26.36","2020-01-13_to_2021-01-13_S&P100_Index","26.41","2020-02-12_to_2021-02-13_S&P100_Index","23.89","2020-03-12_to_2021-03-13_S&P100_Index","18.93","2020-04-13_to_2021-04-13_S&P100_Index","15.87","2020-05-12_to_2021-05-13_S&P100_Index","16.09","2020-06-12_to_2021-06-13_S&P100_Index","16.35","2020-07-13_to_2021-07-13_S&P100_Index","16.07","2020-08-12_to_2021-08-13_S&P100_Index","14.33","2020-09-14_to_2021-09-13_S&P100_Index","12.08"
"7",NA,"Tracking Error",NA,"Tracking Error",NA,"Tracking Error",NA,"Tracking Error",NA,"Tracking Error",NA,"Tracking Error",NA,"Tracking Error",NA,"Tracking Error",NA,"Tracking Error",NA,"Tracking Error",NA,"Tracking Error",NA,"Tracking Error",NA,"Tracking Error",NA,"Tracking Error",NA,"Tracking Error",NA,"Tracking Error",NA,"Tracking Error",NA,"Tracking Error",NA,"Tracking Error",NA,"Tracking Error",NA,"Tracking Error",NA,"Tracking Error",NA,"Tracking Error",NA,"Tracking Error",NA,"Tracking Error",NA,"Tracking Error",NA,"Tracking Error",NA,"Tracking Error",NA,"Tracking Error",NA,"Tracking Error",NA,"Tracking Error",NA,"Tracking Error",NA,"Tracking Error",NA,"Tracking Error",NA
"8",NA,"2017-12-12_to_2018-12-13_GrowthPortfolio_20QRank","9.96","2018-01-12_to_2019-01-13_GrowthPortfolio_20QRank","6.84","2018-02-12_to_2019-02-13_GrowthPortfolio_20QRank","6.4","2018-03-12_to_2019-03-13_GrowthPortfolio_20QRank","6.08","2018-04-12_to_2019-04-13_GrowthPortfolio_20QRank","6.58","2018-05-14_to_2019-05-13_GrowthPortfolio_20QRank","5.75","2018-06-12_to_2019-06-13_GrowthPortfolio_20QRank","6.26","2018-07-12_to_2019-07-13_GrowthPortfolio_20QRank","5.59","2018-08-13_to_2019-08-13_GrowthPortfolio_20QRank","5.54","2018-09-12_to_2019-09-13_GrowthPortfolio_20QRank","6.65","2018-10-12_to_2019-10-13_GrowthPortfolio_20QRank","5.47","2018-11-12_to_2019-11-13_GrowthPortfolio_20QRank","5.22","2018-12-12_to_2019-12-13_GrowthPortfolio_20QRank","4.89","2019-01-14_to_2020-01-13_GrowthPortfolio_20QRank","4.56","2019-02-12_to_2020-02-13_GrowthPortfolio_20QRank","4.73","2019-03-12_to_2020-03-13_GrowthPortfolio_20QRank","4.7","2019-04-12_to_2020-04-13_GrowthPortfolio_20QRank","5.48","2019-05-13_to_2020-05-13_GrowthPortfolio_20QRank","5.89","2019-06-12_to_2020-06-13_GrowthPortfolio_20QRank","7","2019-07-12_to_2020-07-13_GrowthPortfolio_20QRank","6.24","2019-08-12_to_2020-08-13_GrowthPortfolio_20QRank","7.23","2019-09-12_to_2020-09-13_GrowthPortfolio_20QRank","4.72","2019-10-14_to_2020-10-13_GrowthPortfolio_20QRank","4.66","2019-11-12_to_2020-11-13_GrowthPortfolio_20QRank","5.41","2019-12-12_to_2020-12-13_GrowthPortfolio_20QRank","5.66","2020-01-13_to_2021-01-13_GrowthPortfolio_20QRank","9.4","2020-02-12_to_2021-02-13_GrowthPortfolio_20QRank","7.21","2020-03-12_to_2021-03-13_GrowthPortfolio_20QRank","10.3","2020-04-13_to_2021-04-13_GrowthPortfolio_20QRank","11.08","2020-05-12_to_2021-05-13_GrowthPortfolio_20QRank","9.86","2020-06-12_to_2021-06-13_GrowthPortfolio_20QRank","9.4","2020-07-13_to_2021-07-13_GrowthPortfolio_20QRank","7.44","2020-08-12_to_2021-08-13_GrowthPortfolio_20QRank","5.75","2020-09-14_to_2021-09-13_GrowthPortfolio_20QRank","5.3"
"9",NA,"2017-12-12_to_2018-12-13_S&P100_Index","-","2018-01-12_to_2019-01-13_S&P100_Index","-","2018-02-12_to_2019-02-13_S&P100_Index","-","2018-03-12_to_2019-03-13_S&P100_Index","-","2018-04-12_to_2019-04-13_S&P100_Index","-","2018-05-14_to_2019-05-13_S&P100_Index","-","2018-06-12_to_2019-06-13_S&P100_Index","-","2018-07-12_to_2019-07-13_S&P100_Index","-","2018-08-13_to_2019-08-13_S&P100_Index","-","2018-09-12_to_2019-09-13_S&P100_Index","-","2018-10-12_to_2019-10-13_S&P100_Index","-","2018-11-12_to_2019-11-13_S&P100_Index","-","2018-12-12_to_2019-12-13_S&P100_Index","-","2019-01-14_to_2020-01-13_S&P100_Index","-","2019-02-12_to_2020-02-13_S&P100_Index","-","2019-03-12_to_2020-03-13_S&P100_Index","-","2019-04-12_to_2020-04-13_S&P100_Index","-","2019-05-13_to_2020-05-13_S&P100_Index","-","2019-06-12_to_2020-06-13_S&P100_Index","-","2019-07-12_to_2020-07-13_S&P100_Index","-","2019-08-12_to_2020-08-13_S&P100_Index","-","2019-09-12_to_2020-09-13_S&P100_Index","-","2019-10-14_to_2020-10-13_S&P100_Index","-","2019-11-12_to_2020-11-13_S&P100_Index","-","2019-12-12_to_2020-12-13_S&P100_Index","-","2020-01-13_to_2021-01-13_S&P100_Index","-","2020-02-12_to_2021-02-13_S&P100_Index","-","2020-03-12_to_2021-03-13_S&P100_Index","-","2020-04-13_to_2021-04-13_S&P100_Index","-","2020-05-12_to_2021-05-13_S&P100_Index","-","2020-06-12_to_2021-06-13_S&P100_Index","-","2020-07-13_to_2021-07-13_S&P100_Index","-","2020-08-12_to_2021-08-13_S&P100_Index","-","2020-09-14_to_2021-09-13_S&P100_Index","-"
"10",NA,"Information Ratio",NA,"Information Ratio",NA,"Information Ratio",NA,"Information Ratio",NA,"Information Ratio",NA,"Information Ratio",NA,"Information Ratio",NA,"Information Ratio",NA,"Information Ratio",NA,"Information Ratio",NA,"Information Ratio",NA,"Information Ratio",NA,"Information Ratio",NA,"Information Ratio",NA,"Information Ratio",NA,"Information Ratio",NA,"Information Ratio",NA,"Information Ratio",NA,"Information Ratio",NA,"Information Ratio",NA,"Information Ratio",NA,"Information Ratio",NA,"Information Ratio",NA,"Information Ratio",NA,"Information Ratio",NA,"Information Ratio",NA,"Information Ratio",NA,"Information Ratio",NA,"Information Ratio",NA,"Information Ratio",NA,"Information Ratio",NA,"Information Ratio",NA,"Information Ratio",NA,"Information Ratio",NA
"11",NA,"2017-12-12_to_2018-12-13_GrowthPortfolio_20QRank","0.94","2018-01-12_to_2019-01-13_GrowthPortfolio_20QRank","1.25","2018-02-12_to_2019-02-13_GrowthPortfolio_20QRank","0.75","2018-03-12_to_2019-03-13_GrowthPortfolio_20QRank","-0.2","2018-04-12_to_2019-04-13_GrowthPortfolio_20QRank","0.49","2018-05-14_to_2019-05-13_GrowthPortfolio_20QRank","-0.06","2018-06-12_to_2019-06-13_GrowthPortfolio_20QRank","-0.74","2018-07-12_to_2019-07-13_GrowthPortfolio_20QRank","0.54","2018-08-13_to_2019-08-13_GrowthPortfolio_20QRank","0.53","2018-09-12_to_2019-09-13_GrowthPortfolio_20QRank","0.7","2018-10-12_to_2019-10-13_GrowthPortfolio_20QRank","0.91","2018-11-12_to_2019-11-13_GrowthPortfolio_20QRank","1.38","2018-12-12_to_2019-12-13_GrowthPortfolio_20QRank","0.56","2019-01-14_to_2020-01-13_GrowthPortfolio_20QRank","1.34","2019-02-12_to_2020-02-13_GrowthPortfolio_20QRank","2.13","2019-03-12_to_2020-03-13_GrowthPortfolio_20QRank","1.74","2019-04-12_to_2020-04-13_GrowthPortfolio_20QRank","1.5","2019-05-13_to_2020-05-13_GrowthPortfolio_20QRank","2.02","2019-06-12_to_2020-06-13_GrowthPortfolio_20QRank","1.84","2019-07-12_to_2020-07-13_GrowthPortfolio_20QRank","2.38","2019-08-12_to_2020-08-13_GrowthPortfolio_20QRank","2.09","2019-09-12_to_2020-09-13_GrowthPortfolio_20QRank","4.37","2019-10-14_to_2020-10-13_GrowthPortfolio_20QRank","5.94","2019-11-12_to_2020-11-13_GrowthPortfolio_20QRank","4.57","2019-12-12_to_2020-12-13_GrowthPortfolio_20QRank","4.09","2020-01-13_to_2021-01-13_GrowthPortfolio_20QRank","5.13","2020-02-12_to_2021-02-13_GrowthPortfolio_20QRank","4.66","2020-03-12_to_2021-03-13_GrowthPortfolio_20QRank","2.31","2020-04-13_to_2021-04-13_GrowthPortfolio_20QRank","2.44","2020-05-12_to_2021-05-13_GrowthPortfolio_20QRank","0.74","2020-06-12_to_2021-06-13_GrowthPortfolio_20QRank","1.04","2020-07-13_to_2021-07-13_GrowthPortfolio_20QRank","0.85","2020-08-12_to_2021-08-13_GrowthPortfolio_20QRank","0.66","2020-09-14_to_2021-09-13_GrowthPortfolio_20QRank","0.24"
"12",NA,"2017-12-12_to_2018-12-13_S&P100_Index","-","2018-01-12_to_2019-01-13_S&P100_Index","-","2018-02-12_to_2019-02-13_S&P100_Index","-","2018-03-12_to_2019-03-13_S&P100_Index","-","2018-04-12_to_2019-04-13_S&P100_Index","-","2018-05-14_to_2019-05-13_S&P100_Index","-","2018-06-12_to_2019-06-13_S&P100_Index","-","2018-07-12_to_2019-07-13_S&P100_Index","-","2018-08-13_to_2019-08-13_S&P100_Index","-","2018-09-12_to_2019-09-13_S&P100_Index","-","2018-10-12_to_2019-10-13_S&P100_Index","-","2018-11-12_to_2019-11-13_S&P100_Index","-","2018-12-12_to_2019-12-13_S&P100_Index","-","2019-01-14_to_2020-01-13_S&P100_Index","-","2019-02-12_to_2020-02-13_S&P100_Index","-","2019-03-12_to_2020-03-13_S&P100_Index","-","2019-04-12_to_2020-04-13_S&P100_Index","-","2019-05-13_to_2020-05-13_S&P100_Index","-","2019-06-12_to_2020-06-13_S&P100_Index","-","2019-07-12_to_2020-07-13_S&P100_Index","-","2019-08-12_to_2020-08-13_S&P100_Index","-","2019-09-12_to_2020-09-13_S&P100_Index","-","2019-10-14_to_2020-10-13_S&P100_Index","-","2019-11-12_to_2020-11-13_S&P100_Index","-","2019-12-12_to_2020-12-13_S&P100_Index","-","2020-01-13_to_2021-01-13_S&P100_Index","-","2020-02-12_to_2021-02-13_S&P100_Index","-","2020-03-12_to_2021-03-13_S&P100_Index","-","2020-04-13_to_2021-04-13_S&P100_Index","-","2020-05-12_to_2021-05-13_S&P100_Index","-","2020-06-12_to_2021-06-13_S&P100_Index","-","2020-07-13_to_2021-07-13_S&P100_Index","-","2020-08-12_to_2021-08-13_S&P100_Index","-","2020-09-14_to_2021-09-13_S&P100_Index","-"
"13",NA,"Alpha Stat",NA,"Alpha Stat",NA,"Alpha Stat",NA,"Alpha Stat",NA,"Alpha Stat",NA,"Alpha Stat",NA,"Alpha Stat",NA,"Alpha Stat",NA,"Alpha Stat",NA,"Alpha Stat",NA,"Alpha Stat",NA,"Alpha Stat",NA,"Alpha Stat",NA,"Alpha Stat",NA,"Alpha Stat",NA,"Alpha Stat",NA,"Alpha Stat",NA,"Alpha Stat",NA,"Alpha Stat",NA,"Alpha Stat",NA,"Alpha Stat",NA,"Alpha Stat",NA,"Alpha Stat",NA,"Alpha Stat",NA,"Alpha Stat",NA,"Alpha Stat",NA,"Alpha Stat",NA,"Alpha Stat",NA,"Alpha Stat",NA,"Alpha Stat",NA,"Alpha Stat",NA,"Alpha Stat",NA,"Alpha Stat",NA,"Alpha Stat",NA
"14",NA,"2017-12-12_to_2018-12-13_GrowthPortfolio_20QRank","0.63","2018-01-12_to_2019-01-13_GrowthPortfolio_20QRank","0.26","2018-02-12_to_2019-02-13_GrowthPortfolio_20QRank","0.2","2018-03-12_to_2019-03-13_GrowthPortfolio_20QRank","0.11","2018-04-12_to_2019-04-13_GrowthPortfolio_20QRank","0.21","2018-05-14_to_2019-05-13_GrowthPortfolio_20QRank","-0.16","2018-06-12_to_2019-06-13_GrowthPortfolio_20QRank","-0.26","2018-07-12_to_2019-07-13_GrowthPortfolio_20QRank","0.38","2018-08-13_to_2019-08-13_GrowthPortfolio_20QRank","0.24","2018-09-12_to_2019-09-13_GrowthPortfolio_20QRank","0.45","2018-10-12_to_2019-10-13_GrowthPortfolio_20QRank","0.53","2018-11-12_to_2019-11-13_GrowthPortfolio_20QRank","0.58","2018-12-12_to_2019-12-13_GrowthPortfolio_20QRank","0.15","2019-01-14_to_2020-01-13_GrowthPortfolio_20QRank","0.08","2019-02-12_to_2020-02-13_GrowthPortfolio_20QRank","0.51","2019-03-12_to_2020-03-13_GrowthPortfolio_20QRank","0.72","2019-04-12_to_2020-04-13_GrowthPortfolio_20QRank","0.55","2019-05-13_to_2020-05-13_GrowthPortfolio_20QRank","0.74","2019-06-12_to_2020-06-13_GrowthPortfolio_20QRank","1.02","2019-07-12_to_2020-07-13_GrowthPortfolio_20QRank","1.37","2019-08-12_to_2020-08-13_GrowthPortfolio_20QRank","1.03","2019-09-12_to_2020-09-13_GrowthPortfolio_20QRank","1.77","2019-10-14_to_2020-10-13_GrowthPortfolio_20QRank","1.93","2019-11-12_to_2020-11-13_GrowthPortfolio_20QRank","1.75","2019-12-12_to_2020-12-13_GrowthPortfolio_20QRank","1.81","2020-01-13_to_2021-01-13_GrowthPortfolio_20QRank","2.6","2020-02-12_to_2021-02-13_GrowthPortfolio_20QRank","2.09","2020-03-12_to_2021-03-13_GrowthPortfolio_20QRank","0.69","2020-04-13_to_2021-04-13_GrowthPortfolio_20QRank","0.36","2020-05-12_to_2021-05-13_GrowthPortfolio_20QRank","0.24","2020-06-12_to_2021-06-13_GrowthPortfolio_20QRank","-0.14","2020-07-13_to_2021-07-13_GrowthPortfolio_20QRank","0.08","2020-08-12_to_2021-08-13_GrowthPortfolio_20QRank","-0.1","2020-09-14_to_2021-09-13_GrowthPortfolio_20QRank","-0.2"
"15",NA,"2017-12-12_to_2018-12-13_S&P100_Index","-","2018-01-12_to_2019-01-13_S&P100_Index","-","2018-02-12_to_2019-02-13_S&P100_Index","-","2018-03-12_to_2019-03-13_S&P100_Index","-","2018-04-12_to_2019-04-13_S&P100_Index","-","2018-05-14_to_2019-05-13_S&P100_Index","-","2018-06-12_to_2019-06-13_S&P100_Index","-","2018-07-12_to_2019-07-13_S&P100_Index","-","2018-08-13_to_2019-08-13_S&P100_Index","-","2018-09-12_to_2019-09-13_S&P100_Index","-","2018-10-12_to_2019-10-13_S&P100_Index","-","2018-11-12_to_2019-11-13_S&P100_Index","-","2018-12-12_to_2019-12-13_S&P100_Index","-","2019-01-14_to_2020-01-13_S&P100_Index","-","2019-02-12_to_2020-02-13_S&P100_Index","-","2019-03-12_to_2020-03-13_S&P100_Index","-","2019-04-12_to_2020-04-13_S&P100_Index","-","2019-05-13_to_2020-05-13_S&P100_Index","-","2019-06-12_to_2020-06-13_S&P100_Index","-","2019-07-12_to_2020-07-13_S&P100_Index","-","2019-08-12_to_2020-08-13_S&P100_Index","-","2019-09-12_to_2020-09-13_S&P100_Index","-","2019-10-14_to_2020-10-13_S&P100_Index","-","2019-11-12_to_2020-11-13_S&P100_Index","-","2019-12-12_to_2020-12-13_S&P100_Index","-","2020-01-13_to_2021-01-13_S&P100_Index","-","2020-02-12_to_2021-02-13_S&P100_Index","-","2020-03-12_to_2021-03-13_S&P100_Index","-","2020-04-13_to_2021-04-13_S&P100_Index","-","2020-05-12_to_2021-05-13_S&P100_Index","-","2020-06-12_to_2021-06-13_S&P100_Index","-","2020-07-13_to_2021-07-13_S&P100_Index","-","2020-08-12_to_2021-08-13_S&P100_Index","-","2020-09-14_to_2021-09-13_S&P100_Index","-"
"16",NA,"Beta Stat",NA,"Beta Stat",NA,"Beta Stat",NA,"Beta Stat",NA,"Beta Stat",NA,"Beta Stat",NA,"Beta Stat",NA,"Beta Stat",NA,"Beta Stat",NA,"Beta Stat",NA,"Beta Stat",NA,"Beta Stat",NA,"Beta Stat",NA,"Beta Stat",NA,"Beta Stat",NA,"Beta Stat",NA,"Beta Stat",NA,"Beta Stat",NA,"Beta Stat",NA,"Beta Stat",NA,"Beta Stat",NA,"Beta Stat",NA,"Beta Stat",NA,"Beta Stat",NA,"Beta Stat",NA,"Beta Stat",NA,"Beta Stat",NA,"Beta Stat",NA,"Beta Stat",NA,"Beta Stat",NA,"Beta Stat",NA,"Beta Stat",NA,"Beta Stat",NA,"Beta Stat",NA
"17",NA,"2017-12-12_to_2018-12-13_GrowthPortfolio_20QRank","1.36","2018-01-12_to_2019-01-13_GrowthPortfolio_20QRank","1.04","2018-02-12_to_2019-02-13_GrowthPortfolio_20QRank","1.12","2018-03-12_to_2019-03-13_GrowthPortfolio_20QRank","1.08","2018-04-12_to_2019-04-13_GrowthPortfolio_20QRank","1.11","2018-05-14_to_2019-05-13_GrowthPortfolio_20QRank","1.13","2018-06-12_to_2019-06-13_GrowthPortfolio_20QRank","1.12","2018-07-12_to_2019-07-13_GrowthPortfolio_20QRank","1.12","2018-08-13_to_2019-08-13_GrowthPortfolio_20QRank","1.12","2018-09-12_to_2019-09-13_GrowthPortfolio_20QRank","1.14","2018-10-12_to_2019-10-13_GrowthPortfolio_20QRank","1","2018-11-12_to_2019-11-13_GrowthPortfolio_20QRank","1.04","2018-12-12_to_2019-12-13_GrowthPortfolio_20QRank","1.09","2019-01-14_to_2020-01-13_GrowthPortfolio_20QRank","1.08","2019-02-12_to_2020-02-13_GrowthPortfolio_20QRank","0.99","2019-03-12_to_2020-03-13_GrowthPortfolio_20QRank","0.88","2019-04-12_to_2020-04-13_GrowthPortfolio_20QRank","0.87","2019-05-13_to_2020-05-13_GrowthPortfolio_20QRank","0.88","2019-06-12_to_2020-06-13_GrowthPortfolio_20QRank","0.9","2019-07-12_to_2020-07-13_GrowthPortfolio_20QRank","0.89","2019-08-12_to_2020-08-13_GrowthPortfolio_20QRank","0.92","2019-09-12_to_2020-09-13_GrowthPortfolio_20QRank","0.93","2019-10-14_to_2020-10-13_GrowthPortfolio_20QRank","0.9","2019-11-12_to_2020-11-13_GrowthPortfolio_20QRank","1.01","2019-12-12_to_2020-12-13_GrowthPortfolio_20QRank","0.94","2020-01-13_to_2021-01-13_GrowthPortfolio_20QRank","1.18","2020-02-12_to_2021-02-13_GrowthPortfolio_20QRank","1.1","2020-03-12_to_2021-03-13_GrowthPortfolio_20QRank","1.24","2020-04-13_to_2021-04-13_GrowthPortfolio_20QRank","1.32","2020-05-12_to_2021-05-13_GrowthPortfolio_20QRank","1.24","2020-06-12_to_2021-06-13_GrowthPortfolio_20QRank","1.25","2020-07-13_to_2021-07-13_GrowthPortfolio_20QRank","1.13","2020-08-12_to_2021-08-13_GrowthPortfolio_20QRank","1","2020-09-14_to_2021-09-13_GrowthPortfolio_20QRank","1.03"
"18",NA,"2017-12-12_to_2018-12-13_S&P100_Index","-","2018-01-12_to_2019-01-13_S&P100_Index","-","2018-02-12_to_2019-02-13_S&P100_Index","-","2018-03-12_to_2019-03-13_S&P100_Index","-","2018-04-12_to_2019-04-13_S&P100_Index","-","2018-05-14_to_2019-05-13_S&P100_Index","-","2018-06-12_to_2019-06-13_S&P100_Index","-","2018-07-12_to_2019-07-13_S&P100_Index","-","2018-08-13_to_2019-08-13_S&P100_Index","-","2018-09-12_to_2019-09-13_S&P100_Index","-","2018-10-12_to_2019-10-13_S&P100_Index","-","2018-11-12_to_2019-11-13_S&P100_Index","-","2018-12-12_to_2019-12-13_S&P100_Index","-","2019-01-14_to_2020-01-13_S&P100_Index","-","2019-02-12_to_2020-02-13_S&P100_Index","-","2019-03-12_to_2020-03-13_S&P100_Index","-","2019-04-12_to_2020-04-13_S&P100_Index","-","2019-05-13_to_2020-05-13_S&P100_Index","-","2019-06-12_to_2020-06-13_S&P100_Index","-","2019-07-12_to_2020-07-13_S&P100_Index","-","2019-08-12_to_2020-08-13_S&P100_Index","-","2019-09-12_to_2020-09-13_S&P100_Index","-","2019-10-14_to_2020-10-13_S&P100_Index","-","2019-11-12_to_2020-11-13_S&P100_Index","-","2019-12-12_to_2020-12-13_S&P100_Index","-","2020-01-13_to_2021-01-13_S&P100_Index","-","2020-02-12_to_2021-02-13_S&P100_Index","-","2020-03-12_to_2021-03-13_S&P100_Index","-","2020-04-13_to_2021-04-13_S&P100_Index","-","2020-05-12_to_2021-05-13_S&P100_Index","-","2020-06-12_to_2021-06-13_S&P100_Index","-","2020-07-13_to_2021-07-13_S&P100_Index","-","2020-08-12_to_2021-08-13_S&P100_Index","-","2020-09-14_to_2021-09-13_S&P100_Index","-"
"19",NA,"R-Squared",NA,"R-Squared",NA,"R-Squared",NA,"R-Squared",NA,"R-Squared",NA,"R-Squared",NA,"R-Squared",NA,"R-Squared",NA,"R-Squared",NA,"R-Squared",NA,"R-Squared",NA,"R-Squared",NA,"R-Squared",NA,"R-Squared",NA,"R-Squared",NA,"R-Squared",NA,"R-Squared",NA,"R-Squared",NA,"R-Squared",NA,"R-Squared",NA,"R-Squared",NA,"R-Squared",NA,"R-Squared",NA,"R-Squared",NA,"R-Squared",NA,"R-Squared",NA,"R-Squared",NA,"R-Squared",NA,"R-Squared",NA,"R-Squared",NA,"R-Squared",NA,"R-Squared",NA,"R-Squared",NA,"R-Squared",NA
"20",NA,"2017-12-12_to_2018-12-13_GrowthPortfolio_20QRank","78","2018-01-12_to_2019-01-13_GrowthPortfolio_20QRank","81.75","2018-02-12_to_2019-02-13_GrowthPortfolio_20QRank","89.17","2018-03-12_to_2019-03-13_GrowthPortfolio_20QRank","88.36","2018-04-12_to_2019-04-13_GrowthPortfolio_20QRank","87.62","2018-05-14_to_2019-05-13_GrowthPortfolio_20QRank","91.52","2018-06-12_to_2019-06-13_GrowthPortfolio_20QRank","91.62","2018-07-12_to_2019-07-13_GrowthPortfolio_20QRank","94.19","2018-08-13_to_2019-08-13_GrowthPortfolio_20QRank","94.07","2018-09-12_to_2019-09-13_GrowthPortfolio_20QRank","92.09","2018-10-12_to_2019-10-13_GrowthPortfolio_20QRank","90.16","2018-11-12_to_2019-11-13_GrowthPortfolio_20QRank","91.86","2018-12-12_to_2019-12-13_GrowthPortfolio_20QRank","89.37","2019-01-14_to_2020-01-13_GrowthPortfolio_20QRank","88.8","2019-02-12_to_2020-02-13_GrowthPortfolio_20QRank","85.61","2019-03-12_to_2020-03-13_GrowthPortfolio_20QRank","90.77","2019-04-12_to_2020-04-13_GrowthPortfolio_20QRank","91.22","2019-05-13_to_2020-05-13_GrowthPortfolio_20QRank","92.48","2019-06-12_to_2020-06-13_GrowthPortfolio_20QRank","88.22","2019-07-12_to_2020-07-13_GrowthPortfolio_20QRank","90.81","2019-08-12_to_2020-08-13_GrowthPortfolio_20QRank","87.87","2019-09-12_to_2020-09-13_GrowthPortfolio_20QRank","95.48","2019-10-14_to_2020-10-13_GrowthPortfolio_20QRank","96.35","2019-11-12_to_2020-11-13_GrowthPortfolio_20QRank","94.94","2019-12-12_to_2020-12-13_GrowthPortfolio_20QRank","94.91","2020-01-13_to_2021-01-13_GrowthPortfolio_20QRank","92.99","2020-02-12_to_2021-02-13_GrowthPortfolio_20QRank","93.13","2020-03-12_to_2021-03-13_GrowthPortfolio_20QRank","85.12","2020-04-13_to_2021-04-13_GrowthPortfolio_20QRank","80.02","2020-05-12_to_2021-05-13_GrowthPortfolio_20QRank","80.78","2020-06-12_to_2021-06-13_GrowthPortfolio_20QRank","83.77","2020-07-13_to_2021-07-13_GrowthPortfolio_20QRank","85.19","2020-08-12_to_2021-08-13_GrowthPortfolio_20QRank","84.71","2020-09-14_to_2021-09-13_GrowthPortfolio_20QRank","83.09"
"21",NA,"2017-12-12_to_2018-12-13_S&P100_Index","-","2018-01-12_to_2019-01-13_S&P100_Index","-","2018-02-12_to_2019-02-13_S&P100_Index","-","2018-03-12_to_2019-03-13_S&P100_Index","-","2018-04-12_to_2019-04-13_S&P100_Index","-","2018-05-14_to_2019-05-13_S&P100_Index","-","2018-06-12_to_2019-06-13_S&P100_Index","-","2018-07-12_to_2019-07-13_S&P100_Index","-","2018-08-13_to_2019-08-13_S&P100_Index","-","2018-09-12_to_2019-09-13_S&P100_Index","-","2018-10-12_to_2019-10-13_S&P100_Index","-","2018-11-12_to_2019-11-13_S&P100_Index","-","2018-12-12_to_2019-12-13_S&P100_Index","-","2019-01-14_to_2020-01-13_S&P100_Index","-","2019-02-12_to_2020-02-13_S&P100_Index","-","2019-03-12_to_2020-03-13_S&P100_Index","-","2019-04-12_to_2020-04-13_S&P100_Index","-","2019-05-13_to_2020-05-13_S&P100_Index","-","2019-06-12_to_2020-06-13_S&P100_Index","-","2019-07-12_to_2020-07-13_S&P100_Index","-","2019-08-12_to_2020-08-13_S&P100_Index","-","2019-09-12_to_2020-09-13_S&P100_Index","-","2019-10-14_to_2020-10-13_S&P100_Index","-","2019-11-12_to_2020-11-13_S&P100_Index","-","2019-12-12_to_2020-12-13_S&P100_Index","-","2020-01-13_to_2021-01-13_S&P100_Index","-","2020-02-12_to_2021-02-13_S&P100_Index","-","2020-03-12_to_2021-03-13_S&P100_Index","-","2020-04-13_to_2021-04-13_S&P100_Index","-","2020-05-12_to_2021-05-13_S&P100_Index","-","2020-06-12_to_2021-06-13_S&P100_Index","-","2020-07-13_to_2021-07-13_S&P100_Index","-","2020-08-12_to_2021-08-13_S&P100_Index","-","2020-09-14_to_2021-09-13_S&P100_Index","-"
"22",NA,"Max Drawdown",NA,"Max Drawdown",NA,"Max Drawdown",NA,"Max Drawdown",NA,"Max Drawdown",NA,"Max Drawdown",NA,"Max Drawdown",NA,"Max Drawdown",NA,"Max Drawdown",NA,"Max Drawdown",NA,"Max Drawdown",NA,"Max Drawdown",NA,"Max Drawdown",NA,"Max Drawdown",NA,"Max Drawdown",NA,"Max Drawdown",NA,"Max Drawdown",NA,"Max Drawdown",NA,"Max Drawdown",NA,"Max Drawdown",NA,"Max Drawdown",NA,"Max Drawdown",NA,"Max Drawdown",NA,"Max Drawdown",NA,"Max Drawdown",NA,"Max Drawdown",NA,"Max Drawdown",NA,"Max Drawdown",NA,"Max Drawdown",NA,"Max Drawdown",NA,"Max Drawdown",NA,"Max Drawdown",NA,"Max Drawdown",NA,"Max Drawdown",NA
"23",NA,"2017-12-12_to_2018-12-13_GrowthPortfolio_20QRank","-16.0599","2018-01-12_to_2019-01-13_GrowthPortfolio_20QRank","-23.0017","2018-02-12_to_2019-02-13_GrowthPortfolio_20QRank","-22.6169","2018-03-12_to_2019-03-13_GrowthPortfolio_20QRank","-23.2636","2018-04-12_to_2019-04-13_GrowthPortfolio_20QRank","-23.4707","2018-05-14_to_2019-05-13_GrowthPortfolio_20QRank","-24.1772","2018-06-12_to_2019-06-13_GrowthPortfolio_20QRank","-24.2305","2018-07-12_to_2019-07-13_GrowthPortfolio_20QRank","-23.0399","2018-08-13_to_2019-08-13_GrowthPortfolio_20QRank","-23.2759","2018-09-12_to_2019-09-13_GrowthPortfolio_20QRank","-23.5457","2018-10-12_to_2019-10-13_GrowthPortfolio_20QRank","-18.9234","2018-11-12_to_2019-11-13_GrowthPortfolio_20QRank","-16.1378","2018-12-12_to_2019-12-13_GrowthPortfolio_20QRank","-12.8308","2019-01-14_to_2020-01-13_GrowthPortfolio_20QRank","-9.5607","2019-02-12_to_2020-02-13_GrowthPortfolio_20QRank","-8.9133","2019-03-12_to_2020-03-13_GrowthPortfolio_20QRank","-25.5287","2019-04-12_to_2020-04-13_GrowthPortfolio_20QRank","-30.4181","2019-05-13_to_2020-05-13_GrowthPortfolio_20QRank","-30.3493","2019-06-12_to_2020-06-13_GrowthPortfolio_20QRank","-30","2019-07-12_to_2020-07-13_GrowthPortfolio_20QRank","-29.682","2019-08-12_to_2020-08-13_GrowthPortfolio_20QRank","-30.7288","2019-09-12_to_2020-09-13_GrowthPortfolio_20QRank","-30.1941","2019-10-14_to_2020-10-13_GrowthPortfolio_20QRank","-29.7865","2019-11-12_to_2020-11-13_GrowthPortfolio_20QRank","-29.2814","2019-12-12_to_2020-12-13_GrowthPortfolio_20QRank","-29.8617","2020-01-13_to_2021-01-13_GrowthPortfolio_20QRank","-31.4613","2020-02-12_to_2021-02-13_GrowthPortfolio_20QRank","-29.967","2020-03-12_to_2021-03-13_GrowthPortfolio_20QRank","-13.2047","2020-04-13_to_2021-04-13_GrowthPortfolio_20QRank","-12.963","2020-05-12_to_2021-05-13_GrowthPortfolio_20QRank","-11.9773","2020-06-12_to_2021-06-13_GrowthPortfolio_20QRank","-11.7448","2020-07-13_to_2021-07-13_GrowthPortfolio_20QRank","-10.9747","2020-08-12_to_2021-08-13_GrowthPortfolio_20QRank","-11.7681","2020-09-14_to_2021-09-13_GrowthPortfolio_20QRank","-11.1518"
"24",NA,"2017-12-12_to_2018-12-13_S&P100_Index","-11.1728","2018-01-12_to_2019-01-13_S&P100_Index","-19.9593","2018-02-12_to_2019-02-13_S&P100_Index","-19.9593","2018-03-12_to_2019-03-13_S&P100_Index","-19.9593","2018-04-12_to_2019-04-13_S&P100_Index","-19.9593","2018-05-14_to_2019-05-13_S&P100_Index","-19.9593","2018-06-12_to_2019-06-13_S&P100_Index","-19.9593","2018-07-12_to_2019-07-13_S&P100_Index","-19.9593","2018-08-13_to_2019-08-13_S&P100_Index","-19.9593","2018-09-12_to_2019-09-13_S&P100_Index","-19.9593","2018-10-12_to_2019-10-13_S&P100_Index","-16.7416","2018-11-12_to_2019-11-13_S&P100_Index","-15.8126","2018-12-12_to_2019-12-13_S&P100_Index","-11.4984","2019-01-14_to_2020-01-13_S&P100_Index","-7.6691","2019-02-12_to_2020-02-13_S&P100_Index","-7.6691","2019-03-12_to_2020-03-13_S&P100_Index","-26.0386","2019-04-12_to_2020-04-13_S&P100_Index","-31.5312","2019-05-13_to_2020-05-13_S&P100_Index","-31.5312","2019-06-12_to_2020-06-13_S&P100_Index","-31.5312","2019-07-12_to_2020-07-13_S&P100_Index","-31.5312","2019-08-12_to_2020-08-13_S&P100_Index","-31.5312","2019-09-12_to_2020-09-13_S&P100_Index","-31.5312","2019-10-14_to_2020-10-13_S&P100_Index","-31.5312","2019-11-12_to_2020-11-13_S&P100_Index","-31.5312","2019-12-12_to_2020-12-13_S&P100_Index","-31.5312","2020-01-13_to_2021-01-13_S&P100_Index","-31.5312","2020-02-12_to_2021-02-13_S&P100_Index","-31.5312","2020-03-12_to_2021-03-13_S&P100_Index","-15.9392","2020-04-13_to_2021-04-13_S&P100_Index","-10.5021","2020-05-12_to_2021-05-13_S&P100_Index","-10.5021","2020-06-12_to_2021-06-13_S&P100_Index","-10.5021","2020-07-13_to_2021-07-13_S&P100_Index","-10.502","2020-08-12_to_2021-08-13_S&P100_Index","-10.5021","2020-09-14_to_2021-09-13_S&P100_Index","-7.9326"
