"","2020-2021"
"Annualized Returns",
"2020-12-27_to_2021-12-28_ALLPortfolio_1QRank","3274.849"
"2020-12-27_to_2021-12-28_Crypto10_Index","-45.33"
"Volatility",
"2020-12-27_to_2021-12-28_ALLPortfolio_1QRank","182.78"
"2020-12-27_to_2021-12-28_Crypto10_Index","106.15"
"Tracking Error",
"2020-12-27_to_2021-12-28_ALLPortfolio_1QRank","131.27"
"2020-12-27_to_2021-12-28_Crypto10_Index","-"
"Information Ratio",
"2020-12-27_to_2021-12-28_ALLPortfolio_1QRank","25.29"
"2020-12-27_to_2021-12-28_Crypto10_Index","-"
"Alpha Stat",
"2020-12-27_to_2021-12-28_ALLPortfolio_1QRank","43.74"
"2020-12-27_to_2021-12-28_Crypto10_Index","-"
"Beta Stat",
"2020-12-27_to_2021-12-28_ALLPortfolio_1QRank","1.22"
"2020-12-27_to_2021-12-28_Crypto10_Index","-"
"R-Squared",
"2020-12-27_to_2021-12-28_ALLPortfolio_1QRank","44.47"
"2020-12-27_to_2021-12-28_Crypto10_Index","-"
"Max Drawdown",
"2020-12-27_to_2021-12-28_ALLPortfolio_1QRank","-66.8545"
"2020-12-27_to_2021-12-28_Crypto10_Index","-77.7794"
