"","2021-2022"
"Annualized Returns",
"2021-01-15_to_2022-01-16_ALLPortfolio_1QRank","1335.182"
"2021-01-15_to_2022-01-16_Crypto10_Index","-37.759"
"Volatility",
"2021-01-15_to_2022-01-16_ALLPortfolio_1QRank","165.77"
"2021-01-15_to_2022-01-16_Crypto10_Index","109"
"Tracking Error",
"2021-01-15_to_2022-01-16_ALLPortfolio_1QRank","98.96"
"2021-01-15_to_2022-01-16_Crypto10_Index","-"
"Information Ratio",
"2021-01-15_to_2022-01-16_ALLPortfolio_1QRank","13.87"
"2021-01-15_to_2022-01-16_Crypto10_Index","-"
"Alpha Stat",
"2021-01-15_to_2022-01-16_ALLPortfolio_1QRank","34.38"
"2021-01-15_to_2022-01-16_Crypto10_Index","-"
"Beta Stat",
"2021-01-15_to_2022-01-16_ALLPortfolio_1QRank","1.24"
"2021-01-15_to_2022-01-16_Crypto10_Index","-"
"R-Squared",
"2021-01-15_to_2022-01-16_ALLPortfolio_1QRank","63.27"
"2021-01-15_to_2022-01-16_Crypto10_Index","-"
"Max Drawdown",
"2021-01-15_to_2022-01-16_ALLPortfolio_1QRank","-67.1032"
"2021-01-15_to_2022-01-16_Crypto10_Index","-77.7794"
