"","2021-2022"
"Annualized Returns",
"2021-02-04_to_2022-02-05_ALLPortfolio_1QRank","517.374"
"2021-02-04_to_2022-02-05_Crypto10_Index","-49.234"
"Volatility",
"2021-02-04_to_2022-02-05_ALLPortfolio_1QRank","124.45"
"2021-02-04_to_2022-02-05_Crypto10_Index","63.24"
"Tracking Error",
"2021-02-04_to_2022-02-05_ALLPortfolio_1QRank","108.42"
"2021-02-04_to_2022-02-05_Crypto10_Index","-"
"Information Ratio",
"2021-02-04_to_2022-02-05_ALLPortfolio_1QRank","5.23"
"2021-02-04_to_2022-02-05_Crypto10_Index","-"
"Alpha Stat",
"2021-02-04_to_2022-02-05_ALLPortfolio_1QRank","25.49"
"2021-02-04_to_2022-02-05_Crypto10_Index","-"
"Beta Stat",
"2021-02-04_to_2022-02-05_ALLPortfolio_1QRank","0.97"
"2021-02-04_to_2022-02-05_Crypto10_Index","-"
"R-Squared",
"2021-02-04_to_2022-02-05_ALLPortfolio_1QRank","15.7"
"2021-02-04_to_2022-02-05_Crypto10_Index","-"
"Max Drawdown",
"2021-02-04_to_2022-02-05_ALLPortfolio_1QRank","-67.4983"
"2021-02-04_to_2022-02-05_Crypto10_Index","-80.6618"
