"","2021-2022"
"Annualized Returns",
"2021-08-27_to_2022-08-28_ALLPortfolio_1QRank","-67.568"
"2021-08-27_to_2022-08-28_Crypto10_Index","-77.892"
"Volatility",
"2021-08-27_to_2022-08-28_ALLPortfolio_1QRank","83.44"
"2021-08-27_to_2022-08-28_Crypto10_Index","87.43"
"Tracking Error",
"2021-08-27_to_2022-08-28_ALLPortfolio_1QRank","35.24"
"2021-08-27_to_2022-08-28_Crypto10_Index","-"
"Information Ratio",
"2021-08-27_to_2022-08-28_ALLPortfolio_1QRank","0.29"
"2021-08-27_to_2022-08-28_Crypto10_Index","-"
"Alpha Stat",
"2021-08-27_to_2022-08-28_ALLPortfolio_1QRank","2.19"
"2021-08-27_to_2022-08-28_Crypto10_Index","-"
"Beta Stat",
"2021-08-27_to_2022-08-28_ALLPortfolio_1QRank","0.87"
"2021-08-27_to_2022-08-28_Crypto10_Index","-"
"R-Squared",
"2021-08-27_to_2022-08-28_ALLPortfolio_1QRank","82.11"
"2021-08-27_to_2022-08-28_Crypto10_Index","-"
"Max Drawdown",
"2021-08-27_to_2022-08-28_ALLPortfolio_1QRank","-81.6147"
"2021-08-27_to_2022-08-28_Crypto10_Index","-85.4918"
