"","2021-2022"
"Annualized Returns",
"2021-06-05_to_2022-06-06_ALLPortfolio_1QRank","-41.984"
"2021-06-05_to_2022-06-06_Crypto10_Index","-73.983"
"Volatility",
"2021-06-05_to_2022-06-06_ALLPortfolio_1QRank","99.31"
"2021-06-05_to_2022-06-06_Crypto10_Index","63.79"
"Tracking Error",
"2021-06-05_to_2022-06-06_ALLPortfolio_1QRank","57.46"
"2021-06-05_to_2022-06-06_Crypto10_Index","-"
"Information Ratio",
"2021-06-05_to_2022-06-06_ALLPortfolio_1QRank","0.56"
"2021-06-05_to_2022-06-06_Crypto10_Index","-"
"Alpha Stat",
"2021-06-05_to_2022-06-06_ALLPortfolio_1QRank","9.15"
"2021-06-05_to_2022-06-06_Crypto10_Index","-"
"Beta Stat",
"2021-06-05_to_2022-06-06_ALLPortfolio_1QRank","1.31"
"2021-06-05_to_2022-06-06_Crypto10_Index","-"
"R-Squared",
"2021-06-05_to_2022-06-06_ALLPortfolio_1QRank","67.1"
"2021-06-05_to_2022-06-06_Crypto10_Index","-"
"Max Drawdown",
"2021-06-05_to_2022-06-06_ALLPortfolio_1QRank","-76.2752"
"2021-06-05_to_2022-06-06_Crypto10_Index","-75.8361"
