"","2021-2022"
"Annualized Returns",
"2021-07-03_to_2022-07-04_ALLPortfolio_1QRank","-46.253"
"2021-07-03_to_2022-07-04_Crypto10_Index","-77.465"
"Volatility",
"2021-07-03_to_2022-07-04_ALLPortfolio_1QRank","106.34"
"2021-07-03_to_2022-07-04_Crypto10_Index","73.65"
"Tracking Error",
"2021-07-03_to_2022-07-04_ALLPortfolio_1QRank","57.95"
"2021-07-03_to_2022-07-04_Crypto10_Index","-"
"Information Ratio",
"2021-07-03_to_2022-07-04_ALLPortfolio_1QRank","0.54"
"2021-07-03_to_2022-07-04_Crypto10_Index","-"
"Alpha Stat",
"2021-07-03_to_2022-07-04_ALLPortfolio_1QRank","11.25"
"2021-07-03_to_2022-07-04_Crypto10_Index","-"
"Beta Stat",
"2021-07-03_to_2022-07-04_ALLPortfolio_1QRank","1.23"
"2021-07-03_to_2022-07-04_Crypto10_Index","-"
"R-Squared",
"2021-07-03_to_2022-07-04_ALLPortfolio_1QRank","69.89"
"2021-07-03_to_2022-07-04_Crypto10_Index","-"
"Max Drawdown",
"2021-07-03_to_2022-07-04_ALLPortfolio_1QRank","-83.2388"
"2021-07-03_to_2022-07-04_Crypto10_Index","-85.4918"
