"","2021-2022"
"Annualized Returns",
"2021-08-25_to_2022-08-26_ALLPortfolio_1QRank","-63.863"
"2021-08-25_to_2022-08-26_Crypto10_Index","-76.23"
"Volatility",
"2021-08-25_to_2022-08-26_ALLPortfolio_1QRank","83.61"
"2021-08-25_to_2022-08-26_Crypto10_Index","87.43"
"Tracking Error",
"2021-08-25_to_2022-08-26_ALLPortfolio_1QRank","36.1"
"2021-08-25_to_2022-08-26_Crypto10_Index","-"
"Information Ratio",
"2021-08-25_to_2022-08-26_ALLPortfolio_1QRank","0.34"
"2021-08-25_to_2022-08-26_Crypto10_Index","-"
"Alpha Stat",
"2021-08-25_to_2022-08-26_ALLPortfolio_1QRank","2.22"
"2021-08-25_to_2022-08-26_Crypto10_Index","-"
"Beta Stat",
"2021-08-25_to_2022-08-26_ALLPortfolio_1QRank","0.87"
"2021-08-25_to_2022-08-26_Crypto10_Index","-"
"R-Squared",
"2021-08-25_to_2022-08-26_ALLPortfolio_1QRank","81.27"
"2021-08-25_to_2022-08-26_Crypto10_Index","-"
"Max Drawdown",
"2021-08-25_to_2022-08-26_ALLPortfolio_1QRank","-81.7649"
"2021-08-25_to_2022-08-26_Crypto10_Index","-85.4918"
