"","2021-2022"
"Annualized Returns",
"2021-04-10_to_2022-04-11_ALLPortfolio_1QRank","14.558"
"2021-04-10_to_2022-04-11_Crypto10_Index","-65.582"
"Volatility",
"2021-04-10_to_2022-04-11_ALLPortfolio_1QRank","83.3"
"2021-04-10_to_2022-04-11_Crypto10_Index","63.82"
"Tracking Error",
"2021-04-10_to_2022-04-11_ALLPortfolio_1QRank","47.07"
"2021-04-10_to_2022-04-11_Crypto10_Index","-"
"Information Ratio",
"2021-04-10_to_2022-04-11_ALLPortfolio_1QRank","1.7"
"2021-04-10_to_2022-04-11_Crypto10_Index","-"
"Alpha Stat",
"2021-04-10_to_2022-04-11_ALLPortfolio_1QRank","10.58"
"2021-04-10_to_2022-04-11_Crypto10_Index","-"
"Beta Stat",
"2021-04-10_to_2022-04-11_ALLPortfolio_1QRank","1.08"
"2021-04-10_to_2022-04-11_Crypto10_Index","-"
"R-Squared",
"2021-04-10_to_2022-04-11_ALLPortfolio_1QRank","64.95"
"2021-04-10_to_2022-04-11_Crypto10_Index","-"
"Max Drawdown",
"2021-04-10_to_2022-04-11_ALLPortfolio_1QRank","-59.762"
"2021-04-10_to_2022-04-11_Crypto10_Index","-72.1325"
