"","2021-2022"
"Annualized Returns",
"2021-06-27_to_2022-06-28_ALLPortfolio_1QRank","-44.243"
"2021-06-27_to_2022-06-28_Crypto10_Index","-70.746"
"Volatility",
"2021-06-27_to_2022-06-28_ALLPortfolio_1QRank","102.78"
"2021-06-27_to_2022-06-28_Crypto10_Index","63.79"
"Tracking Error",
"2021-06-27_to_2022-06-28_ALLPortfolio_1QRank","61.58"
"2021-06-27_to_2022-06-28_Crypto10_Index","-"
"Information Ratio",
"2021-06-27_to_2022-06-28_ALLPortfolio_1QRank","0.43"
"2021-06-27_to_2022-06-28_Crypto10_Index","-"
"Alpha Stat",
"2021-06-27_to_2022-06-28_ALLPortfolio_1QRank","9.8"
"2021-06-27_to_2022-06-28_Crypto10_Index","-"
"Beta Stat",
"2021-06-27_to_2022-06-28_ALLPortfolio_1QRank","1.33"
"2021-06-27_to_2022-06-28_Crypto10_Index","-"
"R-Squared",
"2021-06-27_to_2022-06-28_ALLPortfolio_1QRank","64.84"
"2021-06-27_to_2022-06-28_Crypto10_Index","-"
"Max Drawdown",
"2021-06-27_to_2022-06-28_ALLPortfolio_1QRank","-83.3279"
"2021-06-27_to_2022-06-28_Crypto10_Index","-82.3279"
