"","2021-2022"
"Annualized Returns",
"2021-04-05_to_2022-04-06_ALLPortfolio_1QRank","32.567"
"2021-04-05_to_2022-04-06_Crypto10_Index","-62.077"
"Volatility",
"2021-04-05_to_2022-04-06_ALLPortfolio_1QRank","85.06"
"2021-04-05_to_2022-04-06_Crypto10_Index","63.82"
"Tracking Error",
"2021-04-05_to_2022-04-06_ALLPortfolio_1QRank","48.29"
"2021-04-05_to_2022-04-06_Crypto10_Index","-"
"Information Ratio",
"2021-04-05_to_2022-04-06_ALLPortfolio_1QRank","1.96"
"2021-04-05_to_2022-04-06_Crypto10_Index","-"
"Alpha Stat",
"2021-04-05_to_2022-04-06_ALLPortfolio_1QRank","10.89"
"2021-04-05_to_2022-04-06_Crypto10_Index","-"
"Beta Stat",
"2021-04-05_to_2022-04-06_ALLPortfolio_1QRank","1.1"
"2021-04-05_to_2022-04-06_Crypto10_Index","-"
"R-Squared",
"2021-04-05_to_2022-04-06_ALLPortfolio_1QRank","64.83"
"2021-04-05_to_2022-04-06_Crypto10_Index","-"
"Max Drawdown",
"2021-04-05_to_2022-04-06_ALLPortfolio_1QRank","-59.6556"
"2021-04-05_to_2022-04-06_Crypto10_Index","-72.1325"
