"","2021-2022"
"Annualized Returns",
"2021-06-28_to_2022-06-29_ALLPortfolio_1QRank","-47.804"
"2021-06-28_to_2022-06-29_Crypto10_Index","-74.591"
"Volatility",
"2021-06-28_to_2022-06-29_ALLPortfolio_1QRank","102.58"
"2021-06-28_to_2022-06-29_Crypto10_Index","63.79"
"Tracking Error",
"2021-06-28_to_2022-06-29_ALLPortfolio_1QRank","61.39"
"2021-06-28_to_2022-06-29_Crypto10_Index","-"
"Information Ratio",
"2021-06-28_to_2022-06-29_ALLPortfolio_1QRank","0.44"
"2021-06-28_to_2022-06-29_Crypto10_Index","-"
"Alpha Stat",
"2021-06-28_to_2022-06-29_ALLPortfolio_1QRank","9.74"
"2021-06-28_to_2022-06-29_Crypto10_Index","-"
"Beta Stat",
"2021-06-28_to_2022-06-29_ALLPortfolio_1QRank","1.33"
"2021-06-28_to_2022-06-29_Crypto10_Index","-"
"R-Squared",
"2021-06-28_to_2022-06-29_ALLPortfolio_1QRank","64.87"
"2021-06-28_to_2022-06-29_Crypto10_Index","-"
"Max Drawdown",
"2021-06-28_to_2022-06-29_ALLPortfolio_1QRank","-83.2793"
"2021-06-28_to_2022-06-29_Crypto10_Index","-83.4426"
