"","2021-2022"
"Annualized Returns",
"2021-07-21_to_2022-07-22_ALLPortfolio_1QRank","-19.46"
"2021-07-21_to_2022-07-22_Crypto10_Index","-67.289"
"Volatility",
"2021-07-21_to_2022-07-22_ALLPortfolio_1QRank","113.82"
"2021-07-21_to_2022-07-22_Crypto10_Index","73.65"
"Tracking Error",
"2021-07-21_to_2022-07-22_ALLPortfolio_1QRank","64.93"
"2021-07-21_to_2022-07-22_Crypto10_Index","-"
"Information Ratio",
"2021-07-21_to_2022-07-22_ALLPortfolio_1QRank","0.74"
"2021-07-21_to_2022-07-22_Crypto10_Index","-"
"Alpha Stat",
"2021-07-21_to_2022-07-22_ALLPortfolio_1QRank","13"
"2021-07-21_to_2022-07-22_Crypto10_Index","-"
"Beta Stat",
"2021-07-21_to_2022-07-22_ALLPortfolio_1QRank","1.31"
"2021-07-21_to_2022-07-22_Crypto10_Index","-"
"R-Squared",
"2021-07-21_to_2022-07-22_ALLPortfolio_1QRank","68.18"
"2021-07-21_to_2022-07-22_Crypto10_Index","-"
"Max Drawdown",
"2021-07-21_to_2022-07-22_ALLPortfolio_1QRank","-83.6903"
"2021-07-21_to_2022-07-22_Crypto10_Index","-85.4918"
