"","2021-2022"
"Annualized Returns",
"2021-01-18_to_2022-01-19_ALLPortfolio_1QRank","1159.81"
"2021-01-18_to_2022-01-19_Crypto10_Index","-40.083"
"Volatility",
"2021-01-18_to_2022-01-19_ALLPortfolio_1QRank","157.19"
"2021-01-18_to_2022-01-19_Crypto10_Index","109"
"Tracking Error",
"2021-01-18_to_2022-01-19_ALLPortfolio_1QRank","98.91"
"2021-01-18_to_2022-01-19_Crypto10_Index","-"
"Information Ratio",
"2021-01-18_to_2022-01-19_ALLPortfolio_1QRank","12.13"
"2021-01-18_to_2022-01-19_Crypto10_Index","-"
"Alpha Stat",
"2021-01-18_to_2022-01-19_ALLPortfolio_1QRank","34.13"
"2021-01-18_to_2022-01-19_Crypto10_Index","-"
"Beta Stat",
"2021-01-18_to_2022-01-19_ALLPortfolio_1QRank","1.13"
"2021-01-18_to_2022-01-19_Crypto10_Index","-"
"R-Squared",
"2021-01-18_to_2022-01-19_ALLPortfolio_1QRank","56.88"
"2021-01-18_to_2022-01-19_Crypto10_Index","-"
"Max Drawdown",
"2021-01-18_to_2022-01-19_ALLPortfolio_1QRank","-67.6604"
"2021-01-18_to_2022-01-19_Crypto10_Index","-77.7794"
