"","2021-2022"
"Annualized Returns",
"2021-05-02_to_2022-05-03_ALLPortfolio_1QRank","-22.806"
"2021-05-02_to_2022-05-03_Crypto10_Index","-66.963"
"Volatility",
"2021-05-02_to_2022-05-03_ALLPortfolio_1QRank","91.54"
"2021-05-02_to_2022-05-03_Crypto10_Index","63.31"
"Tracking Error",
"2021-05-02_to_2022-05-03_ALLPortfolio_1QRank","54.43"
"2021-05-02_to_2022-05-03_Crypto10_Index","-"
"Information Ratio",
"2021-05-02_to_2022-05-03_ALLPortfolio_1QRank","0.81"
"2021-05-02_to_2022-05-03_Crypto10_Index","-"
"Alpha Stat",
"2021-05-02_to_2022-05-03_ALLPortfolio_1QRank","9.51"
"2021-05-02_to_2022-05-03_Crypto10_Index","-"
"Beta Stat",
"2021-05-02_to_2022-05-03_ALLPortfolio_1QRank","1.18"
"2021-05-02_to_2022-05-03_Crypto10_Index","-"
"R-Squared",
"2021-05-02_to_2022-05-03_ALLPortfolio_1QRank","62.36"
"2021-05-02_to_2022-05-03_Crypto10_Index","-"
"Max Drawdown",
"2021-05-02_to_2022-05-03_ALLPortfolio_1QRank","-60.5233"
"2021-05-02_to_2022-05-03_Crypto10_Index","-66.9631"
