"","2021-2022"
"Annualized Returns",
"2021-04-19_to_2022-04-20_ALLPortfolio_1QRank","30.057"
"2021-04-19_to_2022-04-20_Crypto10_Index","-65.188"
"Volatility",
"2021-04-19_to_2022-04-20_ALLPortfolio_1QRank","83.8"
"2021-04-19_to_2022-04-20_Crypto10_Index","63.82"
"Tracking Error",
"2021-04-19_to_2022-04-20_ALLPortfolio_1QRank","47.92"
"2021-04-19_to_2022-04-20_Crypto10_Index","-"
"Information Ratio",
"2021-04-19_to_2022-04-20_ALLPortfolio_1QRank","1.99"
"2021-04-19_to_2022-04-20_Crypto10_Index","-"
"Alpha Stat",
"2021-04-19_to_2022-04-20_ALLPortfolio_1QRank","11.63"
"2021-04-19_to_2022-04-20_Crypto10_Index","-"
"Beta Stat",
"2021-04-19_to_2022-04-20_ALLPortfolio_1QRank","1.08"
"2021-04-19_to_2022-04-20_Crypto10_Index","-"
"R-Squared",
"2021-04-19_to_2022-04-20_ALLPortfolio_1QRank","64.08"
"2021-04-19_to_2022-04-20_Crypto10_Index","-"
"Max Drawdown",
"2021-04-19_to_2022-04-20_ALLPortfolio_1QRank","-61.7775"
"2021-04-19_to_2022-04-20_Crypto10_Index","-70.3662"
