"","2021-2022"
"Annualized Returns",
"2021-01-01_to_2022-01-02_ALLPortfolio_1QRank","3027.29"
"2021-01-01_to_2022-01-02_Crypto10_Index","-27.471"
"Volatility",
"2021-01-01_to_2022-01-02_ALLPortfolio_1QRank","174.4"
"2021-01-01_to_2022-01-02_Crypto10_Index","109"
"Tracking Error",
"2021-01-01_to_2022-01-02_ALLPortfolio_1QRank","105.65"
"2021-01-01_to_2022-01-02_Crypto10_Index","-"
"Information Ratio",
"2021-01-01_to_2022-01-02_ALLPortfolio_1QRank","28.91"
"2021-01-01_to_2022-01-02_Crypto10_Index","-"
"Alpha Stat",
"2021-01-01_to_2022-01-02_ALLPortfolio_1QRank","35.92"
"2021-01-01_to_2022-01-02_Crypto10_Index","-"
"Beta Stat",
"2021-01-01_to_2022-01-02_ALLPortfolio_1QRank","1.31"
"2021-01-01_to_2022-01-02_Crypto10_Index","-"
"R-Squared",
"2021-01-01_to_2022-01-02_ALLPortfolio_1QRank","63.41"
"2021-01-01_to_2022-01-02_Crypto10_Index","-"
"Max Drawdown",
"2021-01-01_to_2022-01-02_ALLPortfolio_1QRank","-67.6069"
"2021-01-01_to_2022-01-02_Crypto10_Index","-77.7794"
