"","2021-2022"
"Annualized Returns",
"2021-04-07_to_2022-04-08_ALLPortfolio_1QRank","31.374"
"2021-04-07_to_2022-04-08_Crypto10_Index","-62.362"
"Volatility",
"2021-04-07_to_2022-04-08_ALLPortfolio_1QRank","82.53"
"2021-04-07_to_2022-04-08_Crypto10_Index","63.82"
"Tracking Error",
"2021-04-07_to_2022-04-08_ALLPortfolio_1QRank","46.2"
"2021-04-07_to_2022-04-08_Crypto10_Index","-"
"Information Ratio",
"2021-04-07_to_2022-04-08_ALLPortfolio_1QRank","2.03"
"2021-04-07_to_2022-04-08_Crypto10_Index","-"
"Alpha Stat",
"2021-04-07_to_2022-04-08_ALLPortfolio_1QRank","10.43"
"2021-04-07_to_2022-04-08_Crypto10_Index","-"
"Beta Stat",
"2021-04-07_to_2022-04-08_ALLPortfolio_1QRank","1.07"
"2021-04-07_to_2022-04-08_Crypto10_Index","-"
"R-Squared",
"2021-04-07_to_2022-04-08_ALLPortfolio_1QRank","65.54"
"2021-04-07_to_2022-04-08_Crypto10_Index","-"
"Max Drawdown",
"2021-04-07_to_2022-04-08_ALLPortfolio_1QRank","-59.7825"
"2021-04-07_to_2022-04-08_Crypto10_Index","-72.1325"
