"","2021-2022"
"Annualized Returns",
"2021-02-05_to_2022-02-06_ALLPortfolio_1QRank","515.633"
"2021-02-05_to_2022-02-06_Crypto10_Index","-49.234"
"Volatility",
"2021-02-05_to_2022-02-06_ALLPortfolio_1QRank","123.44"
"2021-02-05_to_2022-02-06_Crypto10_Index","63.24"
"Tracking Error",
"2021-02-05_to_2022-02-06_ALLPortfolio_1QRank","106.61"
"2021-02-05_to_2022-02-06_Crypto10_Index","-"
"Information Ratio",
"2021-02-05_to_2022-02-06_ALLPortfolio_1QRank","5.3"
"2021-02-05_to_2022-02-06_Crypto10_Index","-"
"Alpha Stat",
"2021-02-05_to_2022-02-06_ALLPortfolio_1QRank","25.48"
"2021-02-05_to_2022-02-06_Crypto10_Index","-"
"Beta Stat",
"2021-02-05_to_2022-02-06_ALLPortfolio_1QRank","0.98"
"2021-02-05_to_2022-02-06_Crypto10_Index","-"
"R-Squared",
"2021-02-05_to_2022-02-06_ALLPortfolio_1QRank","17.13"
"2021-02-05_to_2022-02-06_Crypto10_Index","-"
"Max Drawdown",
"2021-02-05_to_2022-02-06_ALLPortfolio_1QRank","-67.3369"
"2021-02-05_to_2022-02-06_Crypto10_Index","-80.6618"
