"","2021-2022"
"Annualized Returns",
"2021-04-29_to_2022-04-30_ALLPortfolio_1QRank","-20.109"
"2021-04-29_to_2022-04-30_Crypto10_Index","-67.457"
"Volatility",
"2021-04-29_to_2022-04-30_ALLPortfolio_1QRank","86.16"
"2021-04-29_to_2022-04-30_Crypto10_Index","63.82"
"Tracking Error",
"2021-04-29_to_2022-04-30_ALLPortfolio_1QRank","49.44"
"2021-04-29_to_2022-04-30_Crypto10_Index","-"
"Information Ratio",
"2021-04-29_to_2022-04-30_ALLPortfolio_1QRank","0.96"
"2021-04-29_to_2022-04-30_Crypto10_Index","-"
"Alpha Stat",
"2021-04-29_to_2022-04-30_ALLPortfolio_1QRank","11.19"
"2021-04-29_to_2022-04-30_Crypto10_Index","-"
"Beta Stat",
"2021-04-29_to_2022-04-30_ALLPortfolio_1QRank","1.11"
"2021-04-29_to_2022-04-30_Crypto10_Index","-"
"R-Squared",
"2021-04-29_to_2022-04-30_ALLPortfolio_1QRank","64.17"
"2021-04-29_to_2022-04-30_Crypto10_Index","-"
"Max Drawdown",
"2021-04-29_to_2022-04-30_ALLPortfolio_1QRank","-60.9687"
"2021-04-29_to_2022-04-30_Crypto10_Index","-67.5309"
