"","2021-2022"
"Annualized Returns",
"2021-07-18_to_2022-07-19_ALLPortfolio_1QRank","-6.88"
"2021-07-18_to_2022-07-19_Crypto10_Index","-62.709"
"Volatility",
"2021-07-18_to_2022-07-19_ALLPortfolio_1QRank","113.29"
"2021-07-18_to_2022-07-19_Crypto10_Index","73.65"
"Tracking Error",
"2021-07-18_to_2022-07-19_ALLPortfolio_1QRank","64.17"
"2021-07-18_to_2022-07-19_Crypto10_Index","-"
"Information Ratio",
"2021-07-18_to_2022-07-19_ALLPortfolio_1QRank","0.87"
"2021-07-18_to_2022-07-19_Crypto10_Index","-"
"Alpha Stat",
"2021-07-18_to_2022-07-19_ALLPortfolio_1QRank","12.92"
"2021-07-18_to_2022-07-19_Crypto10_Index","-"
"Beta Stat",
"2021-07-18_to_2022-07-19_ALLPortfolio_1QRank","1.3"
"2021-07-18_to_2022-07-19_Crypto10_Index","-"
"R-Squared",
"2021-07-18_to_2022-07-19_ALLPortfolio_1QRank","68.68"
"2021-07-18_to_2022-07-19_Crypto10_Index","-"
"Max Drawdown",
"2021-07-18_to_2022-07-19_ALLPortfolio_1QRank","-83.6159"
"2021-07-18_to_2022-07-19_Crypto10_Index","-85.4918"
