"","2021-2022"
"Annualized Returns",
"2021-06-07_to_2022-06-08_ALLPortfolio_1QRank","-38.412"
"2021-06-07_to_2022-06-08_Crypto10_Index","-71.492"
"Volatility",
"2021-06-07_to_2022-06-08_ALLPortfolio_1QRank","99.71"
"2021-06-07_to_2022-06-08_Crypto10_Index","63.79"
"Tracking Error",
"2021-06-07_to_2022-06-08_ALLPortfolio_1QRank","57.98"
"2021-06-07_to_2022-06-08_Crypto10_Index","-"
"Information Ratio",
"2021-06-07_to_2022-06-08_ALLPortfolio_1QRank","0.57"
"2021-06-07_to_2022-06-08_Crypto10_Index","-"
"Alpha Stat",
"2021-06-07_to_2022-06-08_ALLPortfolio_1QRank","9.24"
"2021-06-07_to_2022-06-08_Crypto10_Index","-"
"Beta Stat",
"2021-06-07_to_2022-06-08_ALLPortfolio_1QRank","1.31"
"2021-06-07_to_2022-06-08_Crypto10_Index","-"
"R-Squared",
"2021-06-07_to_2022-06-08_ALLPortfolio_1QRank","66.76"
"2021-06-07_to_2022-06-08_Crypto10_Index","-"
"Max Drawdown",
"2021-06-07_to_2022-06-08_ALLPortfolio_1QRank","-76.3754"
"2021-06-07_to_2022-06-08_Crypto10_Index","-75.8361"
